,CODE,UNITNAME,DESCRIPTN,lithos,distance,GROUP_,FORMATION,MEMBER,BED,LITHNAME1,LITHNAME2,ROCKTYPE1,ROCKTYPE2
1652,A-AN-ax,Annean Supersuite,"Pyroxenite, medium to coarse grained; amphibole pseudomorphs after pyroxene are locally abundant; metamorphosed",pyroxenite,194558.43796213117,,,,,pyroxenite (intrusive),,igneous ultramafic intrusive,
844,A-AN-gmap,Annean Supersuite,"Fine-grained monzogranite, commonly as dykes in greenstones; quartz(?feldspar)-porphyritic to locally equigranular; locally schistose",monzogranite,187020.50525127692,,,,,monzogranite,,igneous granitic,
863,A-AN-jmg-mwa,Annean Supersuite,"Foliated, heterogeneous metagranite with dismembered trains of amphibolite xenoliths; commonly with abundant pegmatite","amphibolite,metagranite,pegmatite",202282.4018828683,,,,,metagranitic rock,amphibolite,meta-igneous felsic intrusive,meta-igneous mafic
1697,A-AN-jmod-mib,Annean Supersuite,Metadolerite typically with large (up to 100 m) inclusions of metamorphosed banded iron-formation; locally strongly sheared and recrystallized,"iron-formation,metadolerite",183090.90433841557,,,,,metadolerite,meta-banded iron formation,meta-igneous mafic intrusive,metasedimentary other chemical: meta-iron formation
1482,A-AN-mas,Annean Supersuite,Ultramafic schist and serpentinite derived from intrusive rocks; typically interlayered with mafic schist; locally strongly sheared,"schist,serpentinite,ultramafic,mafic,schist",194345.15876962154,,,,,ultramafic schist derived from intrusive rock,,meta-igneous ultramafic intrusive,
1656,A-AN-mat,Annean Supersuite,Serpentinite with local relict olivine cumulate texture; locally with talc?tremolite?chlorite schist dominant; typically sheared,"serpentinite,schist",192676.69735991806,,,,,serpentinite derived from intrusive rock,,meta-igneous ultramafic intrusive,
2319,A-AN-mgg,Annean Supersuite,Metagranodiorite,metagranodiorite,232417.15279490623,,,,,metagranodiorite,,meta-igneous felsic intrusive,
446,A-AN-mggs,Annean Supersuite,Biotite metagranodiorite; strongly foliated; commonly with pegmatite and leucogranite veins,"metagranodiorite,leucogranite,pegmatite",175148.9121864787,,,,,metagranodiorite,,meta-igneous felsic intrusive,
3333,A-AN-mgms,Annean Supersuite,Foliated biotite metamonzogranite; locally with xenoliths of felsic schist and amphibolite,"metamonzogranite,amphibolite,schist",195728.1747872025,,,,,metamonzogranite,,meta-igneous felsic intrusive,
3389,A-AN-mgmu,Annean Supersuite,K-feldspar and quartz porphyritic biotite metamonzogranite; strongly foliated,metamonzogranite,202966.0505534567,,,,,metamonzogranite,,meta-igneous felsic intrusive,
665,A-AN-mgn,Annean Supersuite,Medium-grained granitic gneiss; locally muscovite-bearing; strongly foliated,"gneiss,granitic",179177.09537669166,,,,,granitic gneiss,,meta-igneous felsic intrusive,
1124,A-AN-mgta,Annean Supersuite,Amphibole-rich metatonalite; locally sheared,metatonalite,232788.48709611432,,,,,metatonalite,,meta-igneous felsic intrusive,
339,A-AN-mgtn,Annean Supersuite,Fine-grained biotite tonalite gneiss; includes crosscutting younger phases and pegmatites,"gneiss,tonalite",113661.63056048745,,,,,metatonalite,,meta-igneous felsic intrusive,
1752,A-AN-mog,Annean Supersuite,"Metagabbro, locally with amphibole porphyroblasts; includes deeply weathered rock",metagabbro,189670.00720681075,,,,,metagabbro,,meta-igneous mafic intrusive,
1091,A-AN-o,Annean Supersuite,Mafic intrusive rock; predominantly gabbro with minor leucogabbro and dolerite; metamorphosed,"mafic,dolerite,gabbro,leucogabbro",228135.9966727514,,,,,,,igneous mafic intrusive,
1608,A-AN-od,Annean Supersuite,"Dolerite grading into metadolerite, locally schistose; metamorphosed","dolerite,metadolerite",110041.59301574004,,,,,dolerite,,igneous mafic intrusive,
1785,A-AN-og,Annean Supersuite,"Gabbro locally grading into leucogabbro, gabbronorite, and pegmatitic gabbro; locally with modal layering of pyroxene and plagioclase; minor intercumulus magnetite; metamorphosed","gabbro,leucogabbro,gabbro,gabbronorite",194387.64861725803,,,,,gabbro,,igneous mafic intrusive,
1676,A-AN-ogy,Annean Supersuite,Layered gabbro to leucogabbro; modal layering of plagioclase and pyroxene on a decimetre scale; locally abundant clinopyroxene oikocrysts up to 30 mm; metamorphosed,"gabbro,leucogabbro",194213.04454896634,,,,,gabbro,,igneous mafic intrusive,
3329,A-AN-xmggs-gmd,Annean Supersuite,Medium-grained foliated to gneissic metagranodiorite with abundant pegmatite veins,"metagranodiorite,pegmatite",193163.73479875087,,,,,metagranodiorite,monzogranite,meta-igneous felsic intrusive,igneous granitic
696,A-AN-xmgm-mfs,Annean Supersuite,Foliated metamonzogranite with slivers and rafts of fine-grained felsic schist,"metamonzogranite,schist",207473.2252613044,,,,,metamonzogranite,felsic schist derived from volcanic rock,meta-igneous felsic intrusive,meta-igneous felsic volcanic
755,A-AN-xmgn-mgm,Annean Supersuite,Medium-grained biotite granite gneiss cut by sheets of metamonzogranite; varies to migmatitic gneiss,"gneiss,granite,metamonzogranite,gneiss",202276.68741496542,,,,,granitic gneiss,metamonzogranite,meta-igneous felsic intrusive,meta-igneous felsic intrusive
1623,A-AN-xog-od,Annean Supersuite,Interlayered gabbro and dolerite; locally interlayered greenschist to amphibolite facies metagabbro and metadolerite; metamorphosed,"dolerite,gabbro,amphibolite,metadolerite,metagabbro",190882.1935762279,,,,,gabbro,dolerite,igneous mafic intrusive,igneous mafic intrusive
492,A-ANC-mg,Cullculli Suite,"Metatonalite, metagranodiorite, and metatrondhjemite; typically hornblende bearing, and with common mafic clots","metatonalite,mafic,metagranodiorite,metatrondhjemite",177098.46289527725,,,,,metagranitic rock,,meta-igneous felsic intrusive,
3609,A-ANC-mgga,Cullculli Suite,Hornblende-bearing metagranodiorite with minor metatonalite; contains scattered small mafic xenoliths,"metagranodiorite,metatonalite,mafic",123272.85119277923,,,,,metagranodiorite,,meta-igneous felsic intrusive,
485,A-ANC-mgta,Cullculli Suite,"Metatonalite with hornblende phenocrysts and common, small, elliptical mafic xenoliths","metatonalite,mafic",184883.75785565694,,,,,metatonalite,,meta-igneous felsic intrusive,
1641,A-ANK-gg,Mount Kenneth Suite,"Granodiorite, typically with sparsely distributed biotite schlieren; locally with rafts of amphibolite; metamorphosed","granodiorite,amphibolite",181365.4198439161,,,,,granodiorite,,igneous granitic,
1017,A-ANK-gt,Mount Kenneth Suite,"Tonalite, typically with plagioclase and hornblende phenocrysts; locally sheared; includes rafts of amphibolite; metamorphosed","tonalite,amphibolite",183456.56799154944,,,,,tonalite,,igneous granitic,
1655,A-ANK-gth,Mount Kenneth Suite,Hornblende tonalite; locally weakly deformed; metamorphosed,tonalite,193280.75427343234,,,,,tonalite,,igneous granitic,
3435,A-ANK-jmg-md,Mount Kenneth Suite,"Metagranitic rock, locally sheared with abundant rafts and lenses of sheared quartzite, psammite, and pelite","metagranitic,pelite,psammite,quartzite",125938.21685061335,,,,,metagranitic rock,metasiliciclastic rock,meta-igneous felsic intrusive,metasedimentary siliciclastic
1540,A-ANK-jmgg-mog,Mount Kenneth Suite,Metagranodiorite to metamonzogranite with muscovite-rich patches; abundant decimetre-sized rafts of metagabbro; locally strongly schistose,"metagranodiorite,metamonzogranite,metagabbro",112589.00368404486,,,,,metagranodiorite,metagabbro,meta-igneous felsic intrusive,meta-igneous mafic intrusive
1511,A-ANK-jmggn-mus,Mount Kenneth Suite,Gneissose metagranodiorite with abundant rafts of ultramafic schist; locally strongly sheared,"metagranodiorite,schist,ultramafic",108696.34580204071,,,,,metagranodiorite,ultramafic schist; volcanic or undivided,meta-igneous felsic intrusive,meta-igneous ultramafic volcanic or undivided
1524,A-ANK-mg,Mount Kenneth Suite,"Metagranitic rock, locally sheared; includes deeply weathered rocks",metagranitic,108934.40177988788,,,,,metagranitic rock,,meta-igneous felsic intrusive,
1374,A-ANK-mgg,Mount Kenneth Suite,"Metagranodiorite, typically with sparse biotite schlieren; locally with rafts of amphibolite derived from intrusive rocks","metagranodiorite,amphibolite",145036.07568868945,,,,,metagranodiorite,,meta-igneous felsic intrusive,
3292,A-ANK-mgs,Mount Kenneth Suite,"Schistose metagranitic rock, locally strongly sheared; includes deeply weathered rocks",metagranitic,130780.72094516527,,,,,granitic schist,,meta-igneous felsic intrusive,
1404,A-ANK-mgta,Mount Kenneth Suite,Amphibole-rich metatonalite; locally sheared,metatonalite,109426.06476013147,,,,,metatonalite,,meta-igneous felsic intrusive,
1758,A-ANK-xmgt-mg,Mount Kenneth Suite,Metatonalitic rock with subordinate metagranodiorite and metamonzogranite; locally strongly deformed; typically weakly schistose,"metagranodiorite,metamonzogranite",199180.34130003527,,,,,metatonalite,metagranitic rock,meta-igneous felsic intrusive,meta-igneous felsic intrusive
1988,A-ANR-jmg-mwa,Rothsay Suite,Heterogeneous metagranite with abundant rafts of amphibolite; commonly with abundant pegmatite,"amphibolite,metagranite,pegmatite",67640.84321213368,,,,,metagranitic rock,amphibolite,meta-igneous felsic intrusive,meta-igneous mafic
1984,A-ANR-mgg,Rothsay Suite,"Porphyritic to equigranular, medium- to coarse-grained metagranodiorite; magmatic foliation, in places with moderate solid-state overprint",metagranodiorite,68631.39079133856,,,,,metagranodiorite,,meta-igneous felsic intrusive,
1987,A-ANR-mgms,Rothsay Suite,"Foliated biotite metamonzogranite, with local K-feldspar phenocrysts; common pegmatite veins","metamonzogranite,pegmatite",67028.96491182692,,,,,metamonzogranite,,meta-igneous felsic intrusive,
2539,A-ANW-ap,Warriedar Suite,Peridotite; relict cumulate textures preserved locally; minor pyroxenite; metamorphosed; typically serpentinized,"peridotite,pyroxenite",5550.508113931288,,,,,pyroxene peridotite,,igneous ultramafic intrusive,
1903,A-ANW-ax,Warriedar Suite,Pyroxenite; relict cumulate textures preserved locally; minor peridotite; metamorphosed; typically serpentinized,"pyroxenite,peridotite",23418.18265272611,,,,,pyroxenite (intrusive),,igneous ultramafic intrusive,
3010,A-ANW-masr,Warriedar Suite,Ultramafic talc?tremolite?serpentine?magnetite schist; locally strongly sheared,"schist,ultramafic",29972.644946598797,,,,,ultramafic schist derived from intrusive rock,,meta-igneous ultramafic intrusive,
2815,A-ANW-mat,Warriedar Suite,Serpentinite derived from intrusive rocks; locally strongly sheared and talc rich,serpentinite,21898.371185109238,,,,,serpentinite derived from intrusive rock,,meta-igneous ultramafic intrusive,
2485,A-ANW-mog,Warriedar Suite,"Metagabbro; locally with layers of metaleucogabbro, metagabbronorite, metadolerite and minor metapyroxenite; includes amphibole-porphyroblastic metagabbro and metadolerite; typically weakly schistose","metagabbro,metadolerite,metadolerite,metagabbro,metagabbronorite,metaleucogabbro,metapyroxenite",18074.407011633954,,,,,metagabbro,,meta-igneous mafic intrusive,
2968,A-ANW-mogs,Warriedar Suite,Gabbroic schist; plagioclase?epidote?actinolite?chlorite±hornblende assemblage,schist,61932.85649771741,,,,,metagabbro,,meta-igneous mafic intrusive,
2528,A-ANW-od,Warriedar Suite,Dolerite; metamorphosed,dolerite,5920.0056934161175,,,,,dolerite,,igneous mafic intrusive,
2818,A-ANW-og,Warriedar Suite,"Gabbro; locally includes layers of leucogabbro, gabbronorite, dolerite, minor pyroxenite and pegmatitic gabbro; metamorphosed","gabbro,dolerite,gabbro,gabbronorite,leucogabbro,pyroxenite",23391.241815080717,,,,,gabbro,,igneous mafic intrusive,
2881,A-ANW-xax-og,Warriedar Suite,"Basal pyroxenite to pyroxene peridotite, typically showing cumulate textures; gabbro?leucogabbro in central to upper parts, locally layered and with doleritic or granophyric top contacts; metamorphosed","peridotite,pyroxenite,gabbro?leucogabbro",23612.91026164786,,,,,pyroxenite (intrusive),gabbro,igneous ultramafic intrusive,igneous mafic intrusive
1933,A-ANW-xog-od,Warriedar Suite,Interlayered gabbro and dolerite; metamorphosed,"dolerite,gabbro",12478.640256229448,,,,,gabbro,dolerite,igneous mafic intrusive,igneous mafic intrusive
1433,A-ANab-od,"Atley Igneous Complex, border zone",Dolerite grading into gabbro; locally as large xenoliths within gabbro and gabbronorite; metamorphosed,"dolerite,gabbro,gabbro,gabbronorite",203302.63148827918,,Atley Igneous Complex,"Atley Igneous Complex, border zone",,dolerite,,igneous mafic intrusive,
1791,A-ANam-mat,"Atley Igneous Complex, middle zone",Serpentinite derived from peridotitic igneous layers; locally grades into metapyroxenite,"serpentinite,metapyroxenite",197389.91511216242,,Atley Igneous Complex,"Atley Igneous Complex, middle zone",,serpentinite derived from intrusive rock,,meta-igneous ultramafic intrusive,
1332,A-ANam-od,"Atley Igneous Complex, middle zone",Dolerite grading into gabbro; metamorphosed,"dolerite,gabbro",204939.5826134063,,Atley Igneous Complex,"Atley Igneous Complex, middle zone",,dolerite,,igneous mafic intrusive,
3355,A-ANam-ogy,"Atley Igneous Complex, middle zone",Gabbro with well-developed modal layering of pyroxene and plagioclase; locally grading into leucogabbro and magnetite-bearing gabbro; metamorphosed,"gabbro,gabbro,leucogabbro",195564.30261234916,,Atley Igneous Complex,"Atley Igneous Complex, middle zone",,gabbro,,igneous mafic intrusive,
1387,A-ANat-mog,Atley Igneous Complex,Metagabbro with amphibole pseudomorphs after pyroxene,metagabbro,205864.51359882994,,Atley Igneous Complex,,,metagabbro,,meta-igneous mafic intrusive,
1305,A-ANaz-og,"Atley Igneous Complex, upper zone","Gabbro grading into magnetite- and ilmenite-bearing olivine gabbro, leucogabbro and gabbronorite; metamorphosed","gabbro,gabbro,gabbronorite,leucogabbro",205361.49861834213,,Atley Igneous Complex,"Atley Igneous Complex, upper zone",,gabbro,,igneous mafic intrusive,
3622,A-ANaz-ogyj,"Atley Igneous Complex, upper zone",Layered gabbro; typically magnetite- and ilmenite-bearing; minor anorthosite and leucogabbronorite; metamorphosed,"gabbro,anorthosite,leucogabbronorite",205356.66226178806,,Atley Igneous Complex,"Atley Igneous Complex, upper zone",,gabbro,,igneous mafic intrusive,
3621,A-ANaz-xam-ogl,"Atley Igneous Complex, upper zone",Magnetitite units interlayered with magnetite- and ilmenite-bearing leucogabbro; modally layered on a metre scale; metamorphosed,"leucogabbro,magnetitite",206808.22448108983,,Atley Igneous Complex,"Atley Igneous Complex, upper zone",,magnetitite,gabbro,igneous ultramafic intrusive,igneous mafic intrusive
3619,A-ANbm-ap,Barrambie Igneous Complex,Peridotite; fine to medium grained; massive to weakly foliated; metamorphosed,peridotite,269872.65163405065,,Barrambie Igneous Complex,,,pyroxene peridotite,,igneous ultramafic intrusive,
566,A-ANbm-maps,Barrambie Igneous Complex,Peridotitic schist; serpentine?chlorite?actinolite; strongly foliated,schist,276736.4049924087,,Barrambie Igneous Complex,,,metaperidotite derived from intrusive rock,,meta-igneous ultramafic intrusive,
569,A-ANbm-og,Barrambie Igneous Complex,"Layered gabbro, with minor pyroxenite, leucogabbro and anorthosite; metamorphosed","gabbro,anorthosite,leucogabbro,pyroxenite",270940.8821881666,,Barrambie Igneous Complex,,,gabbro,,igneous mafic intrusive,
1673,A-ANcb-gth,Courlbarloo Tonalite,Hornblende tonalite with 3?8 mm hornblende phenocrysts; locally weakly deformed; metamorphosed,tonalite,191663.1685389853,,Courlbarloo Tonalite,,,tonalite,,igneous granitic,
3474,A-ANco-mgti,Courin Granodiorite,Migmatitic metatonalite with stromatic mesosomes of metatonalite and leucosomes of metamonzogranite; rare melanosomes of biotite metadiorite,"metamonzogranite,metatonalite,metatonalite,metadiorite",98306.08330641437,,Courin Granodiorite,,,metatonalite,,meta-igneous felsic intrusive,
3485,A-ANco-xmgmn-mggs,Courin Granodiorite,Interlayered monzogranitic augen gneiss and granodiorite schist on a metre-scale; locally lineated,"gneiss,granodiorite,schist",92359.96420202398,,Courin Granodiorite,,,metamonzogranite,metagranodiorite,meta-igneous felsic intrusive,meta-igneous felsic intrusive
662,A-ANct-gtl,Cue Tonalite,Leucocratic tonalite; medium to coarse grained; metamorphosed,tonalite,186522.1431462531,,Cue Tonalite,,,tonalite,,igneous granitic,
2174,A-ANed-mog,Edamurta Gabbro,"Metagabbro, typically deformed with greenschist to amphibolite facies assemblages; locally with relict igneous texture; locally garnet-bearing","metagabbro,amphibolite",56690.862178494666,,Edamurta Gabbro,,,metagabbro,,meta-igneous mafic intrusive,
2106,A-ANed-oad,Edamurta Gabbro,Anorthosite to leucogabbro with distinctive euhedral plagioclase megacrysts up to 20 mm long; metamorphosed,"anorthosite,leucogabbro",56779.972929552314,,Edamurta Gabbro,,,anorthosite,,igneous mafic intrusive,
2817,A-ANff-aph,Fields Find Igneous Complex,Hornblende-bearing pyroxene peridotite; relict olivine cumulate texture (~3 mm grain size) with interstitial pyroxene and oikocrystic hornblende up to 20 mm; typically moderately serpentinized; metamorphosed,peridotite,29541.433973693387,,Fields Find Igneous Complex,,,harzburgite,,igneous ultramafic intrusive,
3589,A-ANff-ax,Fields Find Igneous Complex,Pyroxenite with mesocumulate to adcumulate texture (4?8 mm grain size); locally with minor peridotite and gabbro; locally hornblende bearing; metamorphosed,"pyroxenite,gabbro,peridotite",27282.003278733486,,Fields Find Igneous Complex,,,pyroxenite (intrusive),,igneous ultramafic intrusive,
2455,A-ANff-od,Fields Find Igneous Complex,Dolerite with subophitic texture; local gabbro; metamorphosed,"dolerite,gabbro",25822.56254314327,,Fields Find Igneous Complex,,,dolerite,,igneous mafic intrusive,
2886,A-ANff-og,Fields Find Igneous Complex,"Gabbro with ophitic texture and 5?12 mm grain size, typically with decametre-scale igneous layering; local gabbronorite with cumulate orthopyroxene crystals; local hornblende gabbro","gabbro,gabbro,gabbronorite",25207.617191646645,,Fields Find Igneous Complex,,,gabbro,,igneous mafic intrusive,
2994,A-ANff-xaxh-apx,Fields Find Igneous Complex,"Interlayered pyroxenite and peridotite, locally with hornblende or pyroxene oikocrysts; commonly serpentinized or tremolite rich; metamorphosed","peridotite,pyroxenite",26927.049134819623,,Fields Find Igneous Complex,,,pyroxenite (intrusive),pyroxene peridotite,igneous ultramafic intrusive,igneous ultramafic intrusive
3545,A-ANgo-gme,Goonetarra Granodiorite,"Equigranular monzogranite to syenogranite; undeformed, locally with magmatic foliation","monzogranite,syenogranite",7545.393602431951,,Goonetarra Granodiorite,,,monzogranite,,igneous granitic,
3534,A-ANgo-gmp,Goonetarra Granodiorite,K-feldspar-porphyritic to megacrystic monzogranite;  common magmatic foliation,monzogranite,4965.909152881444,,Goonetarra Granodiorite,,,monzogranite,,igneous granitic,
3535,A-ANgo-jgmfe-mgtn,Goonetarra Granodiorite,Equigranular monzogranite to syenogranite; common magmatic foliation; commonly contains rafts of migmatitic tonalite,"monzogranite,syenogranite,tonalite",34044.644055461475,,Goonetarra Granodiorite,,,monzogranite,metatonalite,igneous granitic,meta-igneous felsic intrusive
3484,A-ANgo-jmgmu-mgtn,Goonetarra Granodiorite,K-feldspar megacrystic biotite metamonzogranite with layered tonalite gneiss xenoliths,"gneiss,metamonzogranite,tonalite",58029.456712941246,,Goonetarra Granodiorite,,,metamonzogranite,metatonalite,meta-igneous felsic intrusive,meta-igneous felsic intrusive
2289,A-ANgo-mgms,Goonetarra Granodiorite,"Foliated biotite metamonzogranite, with local K-feldspar phenocrysts",metamonzogranite,5877.20616367064,,Goonetarra Granodiorite,,,metamonzogranite,,meta-igneous felsic intrusive,
2436,A-ANgo-mgmu,Goonetarra Granodiorite,K-feldspar megacrystic biotite metamonzogranite; commonly strongly foliated,metamonzogranite,2458.833623610362,,Goonetarra Granodiorite,,,metamonzogranite,,meta-igneous felsic intrusive,
2255,A-ANgo-mgtn,Goonetarra Granodiorite,Layered biotite tonalite gneiss; includes crosscutting younger phases and pegmatites,"gneiss,tonalite",27645.053198554266,,Goonetarra Granodiorite,,,metatonalite,,meta-igneous felsic intrusive,
2920,A-ANmu-mgtb,Mulgine Granite,Metatonalite with ubiquitous biotite; typically foliated and lineated,metatonalite,31625.139955222334,,Mulgine Granite,,,metatonalite,,meta-igneous felsic intrusive,
3439,A-ANna-jmog-md,Narndee Igneous Complex,"Metagabbro with relict hornblende oikocrysts; abundant rafts of recrystallized psammite, pelite and quartzite; locally strongly sheared at lithological contacts","metagabbro,pelite,psammite,quartzite",112274.06521964613,,Narndee Igneous Complex,,,metagabbro,metasiliciclastic rock,meta-igneous mafic intrusive,metasedimentary siliciclastic
1516,A-ANna-mat,Narndee Igneous Complex,"Serpentinite, fine grained; strongly sheared; rare igneous textures preserved",serpentinite,109823.40311944361,,Narndee Igneous Complex,,,serpentinite derived from intrusive rock,,meta-igneous ultramafic intrusive,
1515,A-ANna-mog,Narndee Igneous Complex,Metagabbro with amphibole pseudomorphs after pyroxene; relict igneous texture typically preserved; locally strongly sheared,metagabbro,109823.40311944361,,Narndee Igneous Complex,,,metagabbro,,meta-igneous mafic intrusive,
1236,A-ANna-od,Narndee Igneous Complex,Dolerite; locally grades into hornblende gabbro; metamorphosed,"dolerite,gabbro",137419.6265326366,,Narndee Igneous Complex,,,dolerite,,igneous mafic intrusive,
2900,A-ANni-ax,Ninghan Gabbro,"Pyroxenite, olivine pyroxenite and lesser gabbro with 5?20 mm grain size; metamorphosed","pyroxenite,gabbro,pyroxenite",62460.38315683846,,Ninghan Gabbro,,,pyroxenite (intrusive),,igneous ultramafic intrusive,
2901,A-ANni-mat,Ninghan Gabbro,Serpentinized peritotite and dunite with relict olivine crystals 4?6 mm across,dunite,61859.71717241382,,Ninghan Gabbro,,,serpentinite derived from intrusive rock,,meta-igneous ultramafic intrusive,
1897,A-ANni-od,Ninghan Gabbro,Dolerite sills; commonly with columnar jointing; metamorphosed,dolerite,61951.98904444097,,Ninghan Gabbro,,,dolerite,,igneous mafic intrusive,
2903,A-ANni-og,Ninghan Gabbro,"Gabbro, gabbronorite and dolerite; pegmatitic leucogabbro in top contact zones of sills, and pyroxenite and minor peridotite at the base; metamorphosed","gabbro,dolerite,gabbronorite,leucogabbro,peridotite,pyroxenite",60979.28250877133,,Ninghan Gabbro,,,gabbro,,igneous mafic intrusive,
1839,A-ANnl-ax,"Narndee Igneous Complex, lower zone",Coarse pyroxenite with minor gabbronorite; local interstitial hornblende; metamorphosed,"gabbronorite,pyroxenite",116308.02440649991,,Narndee Igneous Complex,"Narndee Igneous Complex, lower zone",,pyroxenite (intrusive),,igneous ultramafic intrusive,
2328,A-ANnl-mat,"Narndee Igneous Complex, lower zone","Serpentinite, fine grained; strongly sheared; rare igneous textures preserved",serpentinite,115423.09411088203,,Narndee Igneous Complex,"Narndee Igneous Complex, lower zone",,serpentinite derived from intrusive rock,,meta-igneous ultramafic intrusive,
3524,A-ANnl-moma,"Narndee Igneous Complex, lower zone",Metagabbronorite with amphibole pseudomorphs after pyroxene; local primary amphibole oikocrysts,metagabbronorite,114609.58398065255,,Narndee Igneous Complex,"Narndee Igneous Complex, lower zone",,metagabbronorite,,meta-igneous mafic intrusive,
3530,A-ANnl-om,"Narndee Igneous Complex, lower zone",Gabbronorite; locally grades into leucogabbronorite and pyroxene-rich gabbronorite layers with minor interstitial hornblende; metamorphosed,"gabbronorite,gabbronorite,leucogabbronorite",115429.89490068585,,Narndee Igneous Complex,"Narndee Igneous Complex, lower zone",,gabbronorite,,igneous mafic intrusive,
3522,A-ANnl-omh,"Narndee Igneous Complex, lower zone",Hornblende gabbronorite with 5?10 mm grain size and hornblende oikocrysts 8?15 mm in diameter; locally grades into gabbronorite and hornblende gabbro; metamorphosed,"gabbronorite,gabbro,gabbronorite",115694.72342912301,,Narndee Igneous Complex,"Narndee Igneous Complex, lower zone",,gabbronorite,,igneous mafic intrusive,
1595,A-ANnl-ot,"Narndee Igneous Complex, lower zone",Troctolite; locally grades into olivine gabbronorite and leucotroctolite with minor hornblende oikocrysts; metamorphosed,"troctolite,gabbronorite,leucotroctolite",133123.18221914247,,Narndee Igneous Complex,"Narndee Igneous Complex, lower zone",,troctolite,,igneous mafic intrusive,
1217,A-ANnl-xmat-om,"Narndee Igneous Complex, lower zone","Megacycles of serpentinite grading into pyroxenite, gabbronorite, and anorthosite; typically with hornblende oikocrystic units; metamorphosed","pyroxenite,serpentinite,anorthosite,gabbronorite",115428.56502318695,,Narndee Igneous Complex,"Narndee Igneous Complex, lower zone",,serpentinite derived from intrusive rock,gabbronorite,meta-igneous ultramafic intrusive,igneous mafic intrusive
1227,A-ANnm-ax,"Narndee Igneous Complex, middle zone",Coarse pyroxenite with minor gabbronorite; local hornblende; metamorphosed,"gabbronorite,pyroxenite",118283.40213847994,,Narndee Igneous Complex,"Narndee Igneous Complex, middle zone",,pyroxenite (intrusive),,igneous ultramafic intrusive,
1248,A-ANnm-mat,"Narndee Igneous Complex, middle zone","Serpentinite, fine grained; strongly sheared; rare igneous textures preserved",serpentinite,117710.40908378769,,Narndee Igneous Complex,"Narndee Igneous Complex, middle zone",,serpentinite derived from intrusive rock,,meta-igneous ultramafic intrusive,
3528,A-ANnm-mog,"Narndee Igneous Complex, middle zone",Metagabbro with amphibole pseudomorphs after pyroxene,metagabbro,122542.54360740623,,Narndee Igneous Complex,"Narndee Igneous Complex, middle zone",,metagabbro,,meta-igneous mafic intrusive,
3521,A-ANnm-oh,"Narndee Igneous Complex, middle zone","Hornblende gabbro with 4?8 mm grain size and hornblende oikocrysts 8?25 mm in diameter; locally grades into hornblende-bearing gabbronorite, leucogabbro, and gabbronorite; metamorphosed","gabbro,gabbronorite,gabbronorite,leucogabbro",117104.67917474193,,Narndee Igneous Complex,"Narndee Igneous Complex, middle zone",,hornblende gabbro,,igneous mafic intrusive,
2324,A-ANnm-om,"Narndee Igneous Complex, middle zone",Gabbronorite; locally grades into leucogabbronorite and pyroxene-rich gabbronorite layers with minor interstitial hornblende; metamorphosed,"gabbronorite,gabbronorite,leucogabbronorite",117772.23956062197,,Narndee Igneous Complex,"Narndee Igneous Complex, middle zone",,gabbronorite,,igneous mafic intrusive,
3295,A-ANnm-oml,"Narndee Igneous Complex, middle zone",Leucogabbronorite with minor interstitial hornblende; locally grades into layers of gabbronorite; dominantly as intrusive sheets with chilled margins; metamorphosed,"leucogabbronorite,gabbronorite",112468.53481518464,,Narndee Igneous Complex,"Narndee Igneous Complex, middle zone",,gabbronorite,,igneous mafic intrusive,
1824,A-ANnm-ot,"Narndee Igneous Complex, middle zone",Troctolite; locally grades into gabbronorite and leucogabbronorite with minor hornblende oikocrysts; metamorphosed,"troctolite,gabbronorite,leucogabbronorite",120685.45912486913,,Narndee Igneous Complex,"Narndee Igneous Complex, middle zone",,troctolite,,igneous mafic intrusive,
1442,A-ANnm-xom-mat,"Narndee Igneous Complex, middle zone","Megacycles of serpentinite grading into pyroxenite, gabbronorite, and anorthosite; typically with hornblende-oikocrystic units; gabbroic rocks dominant; metamorphosed","pyroxenite,serpentinite,anorthosite,gabbronorite",116912.84598351178,,Narndee Igneous Complex,"Narndee Igneous Complex, middle zone",,gabbronorite,serpentinite derived from intrusive rock,igneous mafic intrusive,meta-igneous ultramafic intrusive
2231,A-ANno-ma,Noongal Gabbro,Metapyroxenite and lesser metaperidotite; includes serpentinite and ultramafic schist; tremolite?talc?magnetite?chlorite metamorphic assemblages common,"metaperidotite,metapyroxenite,schist,serpentinite,ultramafic",81398.77253375137,,Noongal Gabbro,,,meta-ultramafic intrusive rock,,meta-igneous ultramafic intrusive,
1955,A-ANno-mapx,Noongal Gabbro,"Pyroxene-rich metaperidotite, locally with well-developed clinopyroxene cumulate texture; locally sheared and serpentinized",metaperidotite,81933.67582704088,,Noongal Gabbro,,,metaperidotite derived from intrusive rock,,meta-igneous ultramafic intrusive,
2443,A-ANno-mod,Noongal Gabbro,"Metadolerite with lesser metagabbro, locally hornblende rich; includes less-recrystallized dolerite and pyroxene-rich varieties; locally moderately sheared","metadolerite,metagabbro,dolerite",72882.56167989115,,Noongal Gabbro,,,metadolerite,,meta-igneous mafic intrusive,
1957,A-ANno-mog,Noongal Gabbro,Metagabbro; locally with hornblende (probably obsolete),metagabbro,78775.43532308078,,Noongal Gabbro,,,metagabbro,,meta-igneous mafic intrusive,
1958,A-ANno-odp,Noongal Gabbro,Plagioclase-porphyritic dolerite with phenocrysts up to 10 mm and up to 35% of the rock volume; metamorphosed,dolerite,76594.78881963142,,Noongal Gabbro,,,dolerite,,igneous mafic intrusive,
1962,A-ANno-ogl,Noongal Gabbro,Leucogabbro; locally pegmatitic; locally with well-developed granophyric textures and locally with gradational grain size and/or modal layering; metamorphosed,leucogabbro,79072.05015136216,,Noongal Gabbro,,,gabbro,,igneous mafic intrusive,
1963,A-ANno-ogp,Noongal Gabbro,Plagioclase-porphyritic gabbro with phenocrysts up to 10 mm and up to 20% of the rock volume; metamorphosed (probably obsolete),gabbro,84683.4385544529,,Noongal Gabbro,,,gabbro,,igneous mafic intrusive,
1965,A-ANno-xmoda-mgs,Noongal Gabbro,Amphibolitic metadolerite with abundant sheets of granitic to granodioritic schist typically 0.5 ? 15 m thick and 50?500 m long,"granitic,metadolerite,schist",77916.03960802004,,Noongal Gabbro,,,metadolerite,granitic schist,meta-igneous mafic intrusive,meta-igneous felsic intrusive
1966,A-ANno-xmoga-mgs,Noongal Gabbro,Amphibolitic metagabbro with abundant sheets of granitic to granodioritic schist typically 0.5 ? 15 m thick and 50?500 m long,"granitic,metagabbro,schist",84845.58572481337,,Noongal Gabbro,,,metagabbro,granitic schist,meta-igneous mafic intrusive,meta-igneous felsic intrusive
3468,A-ANnu-ao,"Narndee Igneous Complex, ultramafic zone",Olivine pyroxenite with relict olivine cumulate texture; locally grades into layers of pyroxenite and gabbronorite; metamorphosed,"pyroxenite,gabbronorite,pyroxenite",111249.4273725838,,Narndee Igneous Complex,"Narndee Igneous Complex, ultramafic zone",,olivine pyroxenite,,igneous ultramafic intrusive,
1609,A-ANnu-ap,"Narndee Igneous Complex, ultramafic zone",Pyroxene peridotite with relict olivine cumulate texture and interstitial pyroxene; minor interstitial hornblende; metamorphosed,peridotite,113546.49874465649,,Narndee Igneous Complex,"Narndee Igneous Complex, ultramafic zone",,pyroxene peridotite,,igneous ultramafic intrusive,
1456,A-ANnu-axo,"Narndee Igneous Complex, ultramafic zone","Orthopyroxenite with very coarse grain size, typically >10 mm; locally grades into gabbronorite and websterite; metamorphosed","orthopyroxenite,gabbronorite",111838.08980690467,,Narndee Igneous Complex,"Narndee Igneous Complex, ultramafic zone",,pyroxenite (intrusive),,igneous ultramafic intrusive,
827,A-ANnu-mad,"Narndee Igneous Complex, ultramafic zone","Metadunite with relict olivine cumulate texture; minor pyroxene, amphibole, and Cr-spinel; locally strongly sheared",metadunite,114632.45286515576,,Narndee Igneous Complex,"Narndee Igneous Complex, ultramafic zone",,metadunite derived from intrusive rock,,meta-igneous ultramafic intrusive,
2544,A-ANnu-mas,"Narndee Igneous Complex, ultramafic zone","Ultramafic schist derived from intrusive rocks; serpentine dominant, and locally abundant talc and tremolite; strongly sheared","schist,ultramafic",111876.41845943856,,Narndee Igneous Complex,"Narndee Igneous Complex, ultramafic zone",,ultramafic schist derived from intrusive rock,,meta-igneous ultramafic intrusive,
1967,A-ANoo-gme,Warbadoo Tonalite,Equigranular monzogranite with 4?10 mm grain size; includes regions with weakly-developed foliation; metamorphosed,monzogranite,85587.29625737864,,Warbadoo Tonalite,,,monzogranite,,igneous granitic,
2483,A-ANoo-mgs,Warbadoo Tonalite,"Metagranitic to metatonalitic schist, locally as intrusive sheets into country rocks; locally with abundant amphibolitic rafts; typically schistose with planar and/or linear fabrics; locally pegmatitic or aplitic","metagranitic,schist",77129.74933256047,,Warbadoo Tonalite,,,granitic schist,,meta-igneous felsic intrusive,
1968,A-ANoo-mgta,Warbadoo Tonalite,Hornblende tonalite with grain size <8 mm; locally with a well-developed planar and linear fabric,tonalite,70175.15741772474,,Warbadoo Tonalite,,,metatonalite,,meta-igneous felsic intrusive,
1969,A-ANoo-mgti,Warbadoo Tonalite,Migmatitic tonalite with stromatic mesosomes of metatonalite and leucosomes of metamonzogranite; rare melanosomes of biotite metadiorite,"metamonzogranite,metatonalite,tonalite,metadiorite",81037.18962221379,,Warbadoo Tonalite,,,metatonalite,,meta-igneous felsic intrusive,
3483,A-ANoo-xmgmn-mggs,Warbadoo Tonalite,Monzogranitic augen gneiss and granodiorite schist interlayered on a metre to decametre scale; locally lineated,"gneiss,granodiorite,schist",72810.25999606158,,Warbadoo Tonalite,,,metamonzogranite,metagranodiorite,meta-igneous felsic intrusive,meta-igneous felsic intrusive
3481,A-ANoq-ap,Olive Queen Gabbro,Peridotite; relict cumulate textures preserved locally; minor pyroxenite; metamorphosed,"peridotite,pyroxenite",63631.9898887017,,Olive Queen Gabbro,,,pyroxene peridotite,,igneous ultramafic intrusive,
1972,A-ANoq-mod,Olive Queen Gabbro,Metadolerite to metagabbro; includes less-recrystallized dolerite and moderately schistose rocks; locally hornblende-rich; includes deeply weathered rocks,"metadolerite,metagabbro,dolerite",62781.45241489969,,Olive Queen Gabbro,,,metadolerite,,meta-igneous mafic intrusive,
1977,A-ANoq-og,Olive Queen Gabbro,"Gabbro with 4?20 mm grain size; includes layers of leucogabbro, quartz gabbro to diorite, pegmatitic gabbro, and dolerite; metamorphosed","gabbro,dolerite,gabbro,gabbro,leucogabbro",62204.16805139968,,Olive Queen Gabbro,,,gabbro,,igneous mafic intrusive,
1981,A-ANoq-ogq,Olive Queen Gabbro,"Very coarse-grained, commonly quartz-bearing gabbro with coarse spinifex-like granophyric texture with up to 10 cm crystals; metamorphosed",gabbro,62516.52062213265,,Olive Queen Gabbro,,,gabbro,,igneous mafic intrusive,
1982,A-ANoq-xog-masr,Olive Queen Gabbro,Metagabbro interlayered with tremolite-bearing ultramafic schist; metamorphosed,"metagabbro,schist,ultramafic",61963.2045459204,,Olive Queen Gabbro,,,gabbro,ultramafic schist derived from intrusive rock,igneous mafic intrusive,meta-igneous ultramafic intrusive
2318,A-ANpw-gg,Peter Well Granodiorite,Biotite granodiorite; weakly metamorphosed,granodiorite,204631.18102062462,,Peter Well Granodiorite,,,granodiorite,,igneous granitic,
2425,A-ANud-ogy,Buddadoo Gabbro,Layered gabbroic rocks with distinctive magnetitite horizons and minor diorite; metamorphosed,magnetitite,41729.203253011634,,Buddadoo Gabbro,,,gabbro,,igneous mafic intrusive,
1706,A-ANwa-masr,Wadgingarra Gabbro,Tremolite?chlorite(?talc) schist; strongly sheared,schist,70786.72680185555,,Wadgingarra Gabbro,,,ultramafic schist derived from intrusive rock,,meta-igneous ultramafic intrusive,
3357,A-ANwa-od,Wadgingarra Gabbro,"Dolerite; minor gabbro and basalt; massive to weakly deformed, and metamorphosed","dolerite,basalt,gabbro",62722.54260608692,,Wadgingarra Gabbro,,,dolerite,,igneous mafic intrusive,
1708,A-ANwa-og,Wadgingarra Gabbro,Massive gabbro with granophyric leucogabbro towards the top of the intrusion; metamorphosed,"gabbro,leucogabbro",63152.723688462036,,Wadgingarra Gabbro,,,gabbro,,igneous mafic intrusive,
2020,A-ANwa-ogl,Wadgingarra Gabbro,"Leucogabbro; medium- to coarse-grained; massive to weakly deformed, and metamorphosed",leucogabbro,65521.28588650367,,Wadgingarra Gabbro,,,gabbro,,igneous mafic intrusive,
1467,A-ANwb-mog,"Windimurra Igneous Complex, border zone",Metagabbro with amphibole pseudomorphs after pyroxenes; 3?5 mm grain size; locally grading into dolerite; metamorphosed,"metagabbro,dolerite",159459.39486631774,,Windimurra Igneous Complex,"Windimurra Igneous Complex, border zone",,metagabbro,,meta-igneous mafic intrusive,
2513,A-ANwb-od,"Windimurra Igneous Complex, border zone","Dolerite, locally grading into gabbro; shear zones typically at the margins of exposures; metamorphosed","dolerite,gabbro",186290.41542628367,,Windimurra Igneous Complex,"Windimurra Igneous Complex, border zone",,dolerite,,igneous mafic intrusive,
2506,A-ANwc-ad,Corner Well Gabbro Member,Dunite with relict olivine cumulate texture; metamorphosed,dunite,154451.5008516516,,Windimurra Igneous Complex,Corner Well Gabbro Member,,dunite (intrusive),,igneous ultramafic intrusive,
1505,A-ANwc-oa,Corner Well Gabbro Member,Anorthosite in decimetre-thick layers with weak plagioclase lamination and crystal size up to 8 mm; locally grades into leucogabbro and leucogabbronorite; metamorphosed,"anorthosite,leucogabbro,leucogabbronorite",154360.699531519,,Windimurra Igneous Complex,Corner Well Gabbro Member,,anorthosite,,igneous mafic intrusive,
1234,A-ANwc-ogc,Corner Well Gabbro Member,Clinopyroxene cumulate gabbro (grain size <20 mm); metamorphosed,gabbro,154627.15319856993,,Windimurra Igneous Complex,Corner Well Gabbro Member,,gabbro,,igneous mafic intrusive,
1242,A-ANwc-ol,Corner Well Gabbro Member,Olivine gabbro grading into olivine gabbronorite; metamorphosed,"gabbro,gabbronorite",153688.6186103393,,Windimurra Igneous Complex,Corner Well Gabbro Member,,olivine gabbronorite,,igneous mafic intrusive,
1564,A-ANwc-om,Corner Well Gabbro Member,Gabbronorite with modal igneous layering; locally grades into leucogabbronorite; metamorphosed,"gabbronorite,leucogabbronorite",153536.61787135364,,Windimurra Igneous Complex,Corner Well Gabbro Member,,gabbronorite,,igneous mafic intrusive,
2505,A-ANwc-op,Corner Well Gabbro Member,"Melanocratic gabbro to gabbronorite, locally with orthopyroxene cumulate crystals up to 20 mm; metamorphosed","gabbro,gabbronorite",153550.09856485276,,Windimurra Igneous Complex,Corner Well Gabbro Member,,orthopyroxene gabbro,,igneous mafic intrusive,
3344,A-ANwc-xad-ot,Corner Well Gabbro Member,"Dunite with relict olivine cumulate texture; grades into layers of troctolite, melanotroctolite and olivine gabbro; metamorphosed","dunite,gabbro,melanotroctolite,troctolite",153380.77524583717,,Windimurra Igneous Complex,Corner Well Gabbro Member,,dunite (intrusive),troctolite,igneous ultramafic intrusive,igneous mafic intrusive
1628,A-ANwc-xaoo-oa,Corner Well Gabbro Member,Olivine orthopyroxenite interlayered with anorthosite; metamorphosed,"anorthosite,orthopyroxenite",164571.3508816399,,Windimurra Igneous Complex,Corner Well Gabbro Member,,olivine orthopyroxenite,anorthosite,igneous ultramafic intrusive,igneous mafic intrusive
1617,A-ANwi-axd,Windimurra Igneous Complex,Very coarse-grained pyroxenite plug; pyroxene typically uralitized; metamorphosed,pyroxenite,176023.86835790187,,Windimurra Igneous Complex,,,pyroxenite (intrusive),,igneous ultramafic intrusive,
1581,A-ANwi-mof,Windimurra Igneous Complex,Meta-anorthosite with amphibole schlieren after flattened clinopyroxene oikocrysts; locally strongly sheared,anorthosite,121902.69743834555,,Windimurra Igneous Complex,,,meta-anorthosite,,meta-igneous mafic intrusive,
1590,A-ANwi-mog,Windimurra Igneous Complex,Metagabbro with amphibole pseudomorphs after pyroxene; grades into metagabbronorite; locally sheared; locally magnetite bearing,"metagabbro,metagabbronorite",119985.57635292597,,Windimurra Igneous Complex,,,metagabbro,,meta-igneous mafic intrusive,
3438,A-ANwi-xmog-mg,Windimurra Igneous Complex,"Metagabbro and metaleucogabbro; grades into metagabbronorite; locally schistose and sheared, with abundant metagranite, aplite, and granophyre as intrusive sheets, predominantly parallel to foliation","metagabbro,metaleucogabbro,aplite,granophyre,metagabbronorite,metagranite",122576.08129346378,,Windimurra Igneous Complex,,,metagabbro,metagranitic rock,meta-igneous mafic intrusive,meta-igneous felsic intrusive
1366,A-ANwl-ap,"Windimurra Igneous Complex, lower zone","Pyroxene peridotite; locally lherzolitic, harzburgitic, and chromite bearing; locally strongly sheared; metamorphosed",peridotite,169092.50766694715,,Windimurra Igneous Complex,"Windimurra Igneous Complex, lower zone",,pyroxene peridotite,,igneous ultramafic intrusive,
2507,A-ANwl-ax,"Windimurra Igneous Complex, lower zone",Coarse-grained pyroxenite grading into gabbronorite; locally pegmatitic; metamorphosed,"gabbronorite,pyroxenite",159080.61815224125,,Windimurra Igneous Complex,"Windimurra Igneous Complex, lower zone",,pyroxenite (intrusive),,igneous ultramafic intrusive,
1391,A-ANwl-mog,"Windimurra Igneous Complex, lower zone",Metagabbro with amphibole pseudomorphs after pyroxene; grades into metagabbronorite; locally sheared,"metagabbro,metagabbronorite",168743.3993929281,,Windimurra Igneous Complex,"Windimurra Igneous Complex, lower zone",,metagabbro,,meta-igneous mafic intrusive,
1289,A-ANwl-oa,"Windimurra Igneous Complex, lower zone",Anorthosite with weak plagioclase lamination; metamorphosed,anorthosite,164312.5889131472,,Windimurra Igneous Complex,"Windimurra Igneous Complex, lower zone",,anorthosite,,igneous mafic intrusive,
3453,A-ANwl-og,"Windimurra Igneous Complex, lower zone",Gabbro; grades into leucogabbro and gabbronorite; locally with modal layering of pyroxene and plagioclase; metamorphosed,"gabbro,gabbronorite,leucogabbro",146950.15871816117,,Windimurra Igneous Complex,"Windimurra Igneous Complex, lower zone",,gabbro,,igneous mafic intrusive,
1783,A-ANwl-ogd,"Windimurra Igneous Complex, lower zone",Very coarse-grained gabbro with distinctive pegmatitic layers; grades into coarse-grained leucogabbro and gabbronorite; locally with modal layering of pyroxene and plagioclase; metamorphosed,"gabbro,gabbronorite,leucogabbro",156785.06029472698,,Windimurra Igneous Complex,"Windimurra Igneous Complex, lower zone",,gabbro,,igneous mafic intrusive,
3341,A-ANwl-ogl,"Windimurra Igneous Complex, lower zone","Leucogabbro; grades into anorthosite, gabbro and pegmatitic gabbro; locally abundant clinopyroxene oikocrysts up to 30 mm; metamorphosed","leucogabbro,anorthosite,gabbro,gabbro",145755.09053843128,,Windimurra Igneous Complex,"Windimurra Igneous Complex, lower zone",,gabbro,,igneous mafic intrusive,
1702,A-ANwl-ogly,"Windimurra Igneous Complex, lower zone",Layered leucogabbro; modal layering of plagioclase and pyroxenes on a decimetre scale; locally abundant clinopyroxene oikocrysts up to 30 mm; metamorphosed,leucogabbro,164455.14040531954,,Windimurra Igneous Complex,"Windimurra Igneous Complex, lower zone",,gabbro,,igneous mafic intrusive,
1316,A-ANwl-oglz,"Windimurra Igneous Complex, lower zone",Ophitic leucogabbro; typically with pyroxene oikocrysts <30 mm across; metamorphosed,leucogabbro,162462.36553402652,,Windimurra Igneous Complex,"Windimurra Igneous Complex, lower zone",,gabbro,,igneous mafic intrusive,
1466,A-ANwl-ogp,"Windimurra Igneous Complex, lower zone",Plagioclase-phyric gabbro; 8?12 mm plagioclase phenocrysts in 5?8 mm gabbroic matrix; metamorphosed,gabbro,156415.8914114391,,Windimurra Igneous Complex,"Windimurra Igneous Complex, lower zone",,gabbro,,igneous mafic intrusive,
3286,A-ANwl-ogx,"Windimurra Igneous Complex, lower zone",Pyroxene gabbro; locally very coarse grained and grading into pyroxenite and gabbro; minor modal layering; metamorphosed,"gabbro,gabbro,pyroxenite",158871.85278107168,,Windimurra Igneous Complex,"Windimurra Igneous Complex, lower zone",,gabbro,,igneous mafic intrusive,
3459,A-ANwl-ogz,"Windimurra Igneous Complex, lower zone",Ophitic gabbro; typically with pyroxene oikocrysts <30 mm across; metamorphosed,gabbro,161897.29274033578,,Windimurra Igneous Complex,"Windimurra Igneous Complex, lower zone",,gabbro,,igneous mafic intrusive,
1775,A-ANwl-ol,"Windimurra Igneous Complex, lower zone",Olivine gabbronorite grading into olivine gabbro and olivine leucogabbronorite; minor modal layering; metamorphosed,"gabbro,gabbronorite,leucogabbronorite",147009.13116407106,,Windimurra Igneous Complex,"Windimurra Igneous Complex, lower zone",,olivine gabbronorite,,igneous mafic intrusive,
1250,A-ANwl-om,"Windimurra Igneous Complex, lower zone","Gabbronorite, typically with igneous layering and locally grading into leucogabbronorite; metamorphosed","gabbronorite,leucogabbronorite",160476.64554131133,,Windimurra Igneous Complex,"Windimurra Igneous Complex, lower zone",,gabbronorite,,igneous mafic intrusive,
1018,A-ANwl-oml,"Windimurra Igneous Complex, lower zone","Leucogabbronorite; grades into gabbronorite, anorthosite, leuconorite and pegmatitic gabbro; locally shows very coarse-grained ophitic texture; metamorphosed","leucogabbronorite,anorthosite,gabbro,gabbronorite,leuconorite",175378.98115872513,,Windimurra Igneous Complex,"Windimurra Igneous Complex, lower zone",,gabbronorite,,igneous mafic intrusive,
1440,A-ANwl-or,"Windimurra Igneous Complex, lower zone",Olivine norite; locally grades into olivine gabbronorite and olivine leuconorite; metamorphosed,"norite,gabbronorite,leuconorite",156215.5764730537,,Windimurra Igneous Complex,"Windimurra Igneous Complex, lower zone",,olivine norite,,igneous mafic intrusive,
1778,A-ANwl-ot,"Windimurra Igneous Complex, lower zone",Troctolite; locally grades into olivine gabbronorite and leucotroctolite; metamorphosed,"troctolite,gabbronorite,leucotroctolite",156594.91990005053,,Windimurra Igneous Complex,"Windimurra Igneous Complex, lower zone",,troctolite,,igneous mafic intrusive,
1363,A-ANwl-otl,"Windimurra Igneous Complex, lower zone","Leucotroctolite; locally grades into anorthosite, troctolite, and pegmatitic gabbro; metamorphosed","leucotroctolite,anorthosite,gabbro,troctolite",168992.95513395034,,Windimurra Igneous Complex,"Windimurra Igneous Complex, lower zone",,troctolite,,igneous mafic intrusive,
1436,A-ANwl-ow,"Windimurra Igneous Complex, lower zone",Norite; locally grades into gabbronorite and leuconorite with very coarse-grained patches; metamorphosed,"norite,gabbronorite,leuconorite",159738.28763101657,,Windimurra Igneous Complex,"Windimurra Igneous Complex, lower zone",,norite,,igneous mafic intrusive,
3454,A-ANwl-owl,"Windimurra Igneous Complex, lower zone","Leuconorite; locally grades into norite, leucogabbronorite and pegmatitic gabbro; ophitic patches present; metamorphosed","leuconorite,gabbro,leucogabbronorite,norite",147437.03608532943,,Windimurra Igneous Complex,"Windimurra Igneous Complex, lower zone",,norite,,igneous mafic intrusive,
1636,A-ANwl-xogd-oad,"Windimurra Igneous Complex, lower zone",Pegmatitic gabbro containing rounded boulders of pegmatitic anorthosite up to 40 cm; locally PGE-sulfide bearing; metamorphosed,"anorthosite,gabbro",168812.55219351038,,Windimurra Igneous Complex,"Windimurra Igneous Complex, lower zone",,gabbro,anorthosite,igneous mafic intrusive,igneous mafic intrusive
1755,A-ANwl-xogl-gmv,"Windimurra Igneous Complex, lower zone",Leucogabbro grading into gabbro; intruded by abundant muscovite granite sheets typically 10?100 m thick; metamorphosed,"gabbro,leucogabbro,granite",157256.3558436374,,Windimurra Igneous Complex,"Windimurra Igneous Complex, lower zone",,gabbro,monzogranite,igneous mafic intrusive,igneous granitic
1367,A-ANwm-am,"Windimurra Igneous Complex, middle zone",Magnetitite layers <1 m thick with locally undulating basal contacts; magnetite crystals enclose plagioclase in magnetite-rich gabbro; metamorphosed,"magnetitite,gabbro",159264.62980192807,,Windimurra Igneous Complex,"Windimurra Igneous Complex, middle zone",,magnetitite,,igneous ultramafic intrusive,
1344,A-ANwm-og,"Windimurra Igneous Complex, middle zone","Gabbro grading into magnetite-bearing gabbro, leucogabbro, and gabbronorite; metamorphosed","gabbro,gabbro,gabbronorite,leucogabbro",160602.746041846,,Windimurra Igneous Complex,"Windimurra Igneous Complex, middle zone",,gabbro,,igneous mafic intrusive,
1805,A-ANwm-ogl,"Windimurra Igneous Complex, middle zone",Leucogabbro grading into anorthosite and gabbro; locally abundant clinopyroxene oikocrysts up to 30 mm enclose euhedral plagioclase cumulate crystals; metamorphosed,"anorthosite,gabbro,leucogabbro",147984.03666940684,,Windimurra Igneous Complex,"Windimurra Igneous Complex, middle zone",,gabbro,,igneous mafic intrusive,
3562,A-ANwm-oglj,"Windimurra Igneous Complex, middle zone",Magnetite-bearing leucogabbro grading into anorthosite and magnetite-bearing gabbro; locally abundant clinopyroxene oikocrysts up to 30 mm enclose euhedral plagioclase cumulate crystals; metamorphosed,"anorthosite,gabbro,leucogabbro",156791.34320321496,,Windimurra Igneous Complex,"Windimurra Igneous Complex, middle zone",,gabbro,,igneous mafic intrusive,
1626,A-ANwm-ogx,"Windimurra Igneous Complex, middle zone",Pyroxene-rich gabbro; locally very coarse-grained and grading into pyroxenite and magnetite-bearing gabbro; minor modal layering; metamorphosed,"gabbro,gabbro,pyroxenite",167916.9256075592,,Windimurra Igneous Complex,"Windimurra Igneous Complex, middle zone",,gabbro,,igneous mafic intrusive,
1273,A-ANwm-ol,"Windimurra Igneous Complex, middle zone",Olivine gabbronorite grading into olivine gabbro and leucogabbronorite; minor modal layering and locally magnetite bearing; metamorphosed,"gabbro,gabbronorite,leucogabbronorite",155434.41161768412,,Windimurra Igneous Complex,"Windimurra Igneous Complex, middle zone",,olivine gabbronorite,,igneous mafic intrusive,
1358,A-ANwm-ot,"Windimurra Igneous Complex, middle zone",Troctolite; locally grades into olivine gabbronorite and leucotroctolite; metamorphosed,"troctolite,gabbronorite,leucotroctolite",155188.70201591065,,Windimurra Igneous Complex,"Windimurra Igneous Complex, middle zone",,troctolite,,igneous mafic intrusive,
3342,A-ANwm-otl,"Windimurra Igneous Complex, middle zone",Leucotroctolite; locally grading into anorthosite and troctolite; metamorphosed,"leucotroctolite,anorthosite,troctolite",153630.85165460972,,Windimurra Igneous Complex,"Windimurra Igneous Complex, middle zone",,troctolite,,igneous mafic intrusive,
2532,A-ANwm-ow,"Windimurra Igneous Complex, middle zone",Norite; locally grading into gabbronorite and leuconorite with lesser magnetite-bearing rocks; metamorphosed,"norite,gabbronorite,leuconorite",154181.22090939854,,Windimurra Igneous Complex,"Windimurra Igneous Complex, middle zone",,norite,,igneous mafic intrusive,
1285,A-ANwr-oglq,"Windimurra Igneous Complex, roof zone","Quartz-bearing leucogabbro, typically with well-developed, coarse spinifex texture; metamorphosed",leucogabbro,171137.13618536727,,Windimurra Igneous Complex,"Windimurra Igneous Complex, roof zone",,gabbro,,igneous mafic intrusive,
3566,A-ANwr-ogp,"Windimurra Igneous Complex, roof zone","Porphyritic gabbro; plagioclase phenocrysts typically <20 mm in a 4?8 mm matrix of plagioclase, clinopyroxene, and minor oxides; metamorphosed",gabbro,164620.07028606042,,Windimurra Igneous Complex,"Windimurra Igneous Complex, roof zone",,gabbro,,igneous mafic intrusive,
2368,A-ANwr-xogp-od,"Windimurra Igneous Complex, roof zone",Porphyritic gabbro with plagioclase phenocrysts and dolerite; metamorphosed,"dolerite,gabbro",158156.52852275773,,Windimurra Igneous Complex,"Windimurra Igneous Complex, roof zone",,gabbro,dolerite,igneous mafic intrusive,igneous mafic intrusive
1687,A-ANwu-xmad-oa,"Windimurra Igneous Complex, ultramafic zone",Chromite-bearing metadunite interlayered with metamorphosed gabbro and anorthosite; locally disseminated chromite in metaperidotite; well-defined layering on a metre scale preserved locally,"anorthosite,gabbro,metadunite,metaperidotite",141869.9411600062,,Windimurra Igneous Complex,"Windimurra Igneous Complex, ultramafic zone",,metadunite derived from intrusive rock,anorthosite,meta-igneous ultramafic intrusive,igneous mafic intrusive
1318,A-ANwz-am,"Windimurra Igneous Complex, upper zone",Magnetitite layers <1 m  thick in magnetite-rich gabbro; locally with undulating bases; magnetite encloses plagioclase chadacrysts; metamorphosed,"gabbro,magnetitite",148366.0742898704,,Windimurra Igneous Complex,"Windimurra Igneous Complex, upper zone",,magnetitite,,igneous ultramafic intrusive,
1625,A-ANwz-amn,"Windimurra Igneous Complex, upper zone","Magnetitite in layers <1 m thick; magnetite grains commonly contain rounded, 5?10 mm serpentine inclusions after olivine; locally grades into olivine gabbro; metamorphosed","magnetitite,gabbro",153386.02113145182,,Windimurra Igneous Complex,"Windimurra Igneous Complex, upper zone",,magnetitite,,igneous ultramafic intrusive,
1803,A-ANwz-mog,"Windimurra Igneous Complex, upper zone","Metagabbro with amphibole pseudomorphs after pyroxene, grading into metagabbronorite; locally sheared; locally magnetite and/or ilmenite bearing","metagabbro,metagabbronorite",145084.31539051275,,Windimurra Igneous Complex,"Windimurra Igneous Complex, upper zone",,metagabbro,,meta-igneous mafic intrusive,
3444,A-ANwz-ogjl,"Windimurra Igneous Complex, upper zone","Leucogabbro, magnetite and/or ilmenite bearing; grades into magnetite- and/or ilmenite-bearing gabbro, anorthosite, and leucogabbronorite; metamorphosed","leucogabbro,anorthosite,gabbro,leucogabbronorite",147058.4984497278,,Windimurra Igneous Complex,"Windimurra Igneous Complex, upper zone",,gabbro,,igneous mafic intrusive,
414,A-ANwz-ogl,"Windimurra Igneous Complex, upper zone",Leucogabbro grading into anorthosite and magnetite- and/or ilmenite-bearing gabbro; locally abundant clinopyroxene oikocrysts up to 30 mm enclose euhedral cumulate plagioclase crystals; metamorphosed,"anorthosite,gabbro,leucogabbro",145789.39769889935,,Windimurra Igneous Complex,"Windimurra Igneous Complex, upper zone",,gabbro,,igneous mafic intrusive,
1353,A-ANwz-ol,"Windimurra Igneous Complex, upper zone","Olivine gabbronorite grading into olivine gabbro, olivine norite, and leuconorite; locally showing modal layering; minor cumulus magnetite and/or ilmenite and/or apatite; metamorphosed","gabbro,gabbronorite,leuconorite,norite",153166.02762929522,,Windimurra Igneous Complex,"Windimurra Igneous Complex, upper zone",,olivine gabbronorite,,igneous mafic intrusive,
3434,A-ANwz-om,"Windimurra Igneous Complex, upper zone",Gabbronorite with local modal layering of pyroxene and plagioclase; grades into gabbro and includes portions of metagabbro; minor magnetite and/or ilmenite; metamorphosed,"gabbronorite,gabbro,metagabbro",147164.39287400208,,Windimurra Igneous Complex,"Windimurra Igneous Complex, upper zone",,gabbronorite,,igneous mafic intrusive,
3452,A-ANwz-xoglj-amy,"Windimurra Igneous Complex, upper zone",Interlayered magnetite- and ilmenite-bearing leucogabbro and layered magnetitite units <0.5 m thick; metamorphosed,"leucogabbro,magnetitite",145364.368287389,,Windimurra Igneous Complex,"Windimurra Igneous Complex, upper zone",,gabbro,magnetitite,igneous mafic intrusive,igneous ultramafic intrusive
1679,A-ANyb-mod,"Youanmi Igneous Complex, border zone",Metadolerite with amphibole pseudomorphs after clinopyroxene; locally weakly deformed,metadolerite,167410.8835776283,,Youanmi Igneous Complex,"Youanmi Igneous Complex, border zone",,metadolerite,,meta-igneous mafic intrusive,
1649,A-ANyb-od,"Youanmi Igneous Complex, border zone",Dolerite; metamorphosed,dolerite,168593.37061154138,,Youanmi Igneous Complex,"Youanmi Igneous Complex, border zone",,dolerite,,igneous mafic intrusive,
1444,A-ANyl-masr,"Youanmi Igneous Complex, lower zone",Tremolite-bearing ultramafic schist derived from intrusive rock; local poorly preserved cumulate textures; locally strongly sheared,"schist,ultramafic",179212.44286781966,,Youanmi Igneous Complex,"Youanmi Igneous Complex, lower zone",,ultramafic schist derived from intrusive rock,,meta-igneous ultramafic intrusive,
1681,A-ANyl-mog,"Youanmi Igneous Complex, lower zone","Metagabbro, locally strongly sheared",metagabbro,180052.47121041242,,Youanmi Igneous Complex,"Youanmi Igneous Complex, lower zone",,metagabbro,,meta-igneous mafic intrusive,
1766,A-ANyl-ol,"Youanmi Igneous Complex, lower zone",Olivine gabbro grading into olivine gabbronorite; metamorphosed,"gabbro,gabbronorite",181931.14080036,,Youanmi Igneous Complex,"Youanmi Igneous Complex, lower zone",,olivine gabbronorite,,igneous mafic intrusive,
1756,A-ANyl-xog-od,"Youanmi Igneous Complex, lower zone","Gabbro interlayered with, and locally grading into, dolerite; layering typically on a 50?500 m scale; metamorphosed","gabbro,dolerite",175388.9724607075,,Youanmi Igneous Complex,"Youanmi Igneous Complex, lower zone",,gabbro,dolerite,igneous mafic intrusive,igneous mafic intrusive
3456,A-ANyl-xogx-mat,"Youanmi Igneous Complex, lower zone",Modally layered pyroxenitic gabbro interlayered with serpentinite; metamorphosed,"gabbro,serpentinite",176291.74323952445,,Youanmi Igneous Complex,"Youanmi Igneous Complex, lower zone",,gabbro,serpentinite derived from intrusive rock,igneous mafic intrusive,meta-igneous ultramafic intrusive
1683,A-ANym-ax,"Youanmi Igneous Complex, middle zone",Pyroxenite with 4?8 mm grain size; amphibole pseudomorphs after pyroxene locally abundant; metamorphosed,pyroxenite,168403.42373167016,,Youanmi Igneous Complex,"Youanmi Igneous Complex, middle zone",,pyroxenite (intrusive),,igneous ultramafic intrusive,
1682,A-ANym-ogl,"Youanmi Igneous Complex, middle zone","Leucogabbro, locally grading into gabbro; metamorphosed","leucogabbro,gabbro",168852.0454576361,,Youanmi Igneous Complex,"Youanmi Igneous Complex, middle zone",,gabbro,,igneous mafic intrusive,
1692,A-ANym-xog-ogx,"Youanmi Igneous Complex, middle zone",Gabbro interlayered with melagabbro on a 50 m scale; contacts locally gradational; metamorphosed,gabbro,168253.6204391802,,Youanmi Igneous Complex,"Youanmi Igneous Complex, middle zone",,gabbro,gabbro,igneous mafic intrusive,igneous mafic intrusive
3469,A-ANym-xom-og,"Youanmi Igneous Complex, middle zone",Gabbronorite interlayered with gabbro on a 50 m scale; contacts locally gradational; locally with interstitial magnetite; metamorphosed,"gabbro,gabbronorite",167487.34119867792,,Youanmi Igneous Complex,"Youanmi Igneous Complex, middle zone",,gabbronorite,gabbro,igneous mafic intrusive,igneous mafic intrusive
1717,A-ANyo-masr,Youanmi Igneous Complex,Tremolite-rich ultramafic schist derived from intrusive rocks; locally grades into metapyroxenite or serpentinite; locally strongly sheared,"schist,ultramafic,metapyroxenite,serpentinite",181831.8071432891,,Youanmi Igneous Complex,,,ultramafic schist derived from intrusive rock,,meta-igneous ultramafic intrusive,
1446,A-ANyo-moga,Youanmi Igneous Complex,"Metagabbro, with locally abundant amphibole porphyroblasts; locally sheared",metagabbro,167526.00709493234,,Youanmi Igneous Complex,,,metagabbro,,meta-igneous mafic intrusive,
1729,A-ANyz-am,"Youanmi Igneous Complex, upper zone","Magnetitite layers in magnetite-rich gabbro; magnetite cumulate crystals form up to 95% of the rock; interstitial plagioclase, pyroxene, and rare olivine; metamorphosed","gabbro,magnetitite",177604.1015627447,,Youanmi Igneous Complex,"Youanmi Igneous Complex, upper zone",,magnetitite,,igneous ultramafic intrusive,
1651,A-ANyz-ogl,"Youanmi Igneous Complex, upper zone","Leucogabbro, locally grading into gabbro and leuconorite; minor magnetite cumulate crystals; metamorphosed","leucogabbro,gabbro,leuconorite",172828.11868513128,,Youanmi Igneous Complex,"Youanmi Igneous Complex, upper zone",,gabbro,,igneous mafic intrusive,
1725,A-ANyz-oh,"Youanmi Igneous Complex, upper zone",Hornblende gabbro with 8?15 mm hornblende oikocrysts in medium-grained gabbroic matrix; locally modally layered with layers of fewer hornblende crystals; metamorphosed,gabbro,173749.19208519484,,Youanmi Igneous Complex,"Youanmi Igneous Complex, upper zone",,hornblende gabbro,,igneous mafic intrusive,
1648,A-ANyz-xam-ogl,"Youanmi Igneous Complex, upper zone",Magnetitite interlayered with modally layered magnetite-bearing leucogabbro; metamorphosed,"leucogabbro,magnetitite",171613.56755650364,,Youanmi Igneous Complex,"Youanmi Igneous Complex, upper zone",,magnetitite,gabbro,igneous ultramafic intrusive,igneous mafic intrusive
1726,A-ANyz-xogl-amy,"Youanmi Igneous Complex, upper zone",Leucogabbro interlayered with thin magnetitite horizons on a 50 cm scale; metamorphosed,"leucogabbro,magnetitite",171740.49597771405,,Youanmi Igneous Complex,"Youanmi Igneous Complex, upper zone",,gabbro,magnetitite,igneous mafic intrusive,igneous ultramafic intrusive
1669,A-BRG-g,Walganna Suite,Monzogranite to syenogranite; undeformed,"monzogranite,syenogranite",144044.62159632746,,,,,,,igneous granitic,
2803,A-BRG-gm,Walganna Suite,"Monzogranite, locally rich in muscovite and biotite; predominantly with equigranular texture and locally K-feldspar phyric; includes deeply weathered rock",monzogranite,61934.16208951215,,,,,monzogranite,,igneous granitic,
2572,A-BRG-gmfe,Walganna Suite,Monzogranite to syenogranite; undeformed; common magmatic foliation,"monzogranite,syenogranite",9157.421281836987,,,,,monzogranite,,igneous granitic,
2305,A-BRG-gmp,Walganna Suite,K-feldspar-porphyritic to megacrystic monzogranite; common magmatic foliation,monzogranite,18029.361377519053,,,,,monzogranite,,igneous granitic,
1027,A-BRG-gmv,Walganna Suite,Muscovite-rich monzogranite,monzogranite,238332.10195603644,,,,,monzogranite,,igneous granitic,
1779,A-BRG-gpv,Walganna Suite,Muscovite-rich pegmatite with books of muscovite and quartz?feldspar intergrowths >1 cm; lepidolite and fluorite bearing locally,pegmatite,166602.641121072,,,,,pegmatite,,igneous granitic,
2029,A-BRG-jgm-mgmu,Walganna Suite,"Monzogranite and porphyritic monzogranite with abundant, decametre-scale xenoliths of monzogranitic gneiss with K-feldspar augen","monzogranite,monzogranite,gneiss",89573.94268650774,,,,,monzogranite,metamonzogranite,igneous granitic,meta-igneous felsic intrusive
3298,A-BRG-jgmp-md,Walganna Suite,"K-feldspar megacrystic monzogranite, typically biotite rich; abundant rafts of metasedimentary siliciclastic rocks, locally with recrystallized quartz","monzogranite,metasedimentary,siliciclastic",166641.7385904429,,,,,monzogranite,metasiliciclastic rock,igneous granitic,metasedimentary siliciclastic
1464,A-BRG-xgm-gp,Walganna Suite,"Monzogranite, typically muscovite and biotite rich with abundant pegmatite veins","monzogranite,pegmatite",163130.02295518824,,,,,monzogranite,pegmatite,igneous granitic,igneous granitic
1671,A-BRG-xgmfp-gmal,Walganna Suite,"K-feldspar porphyritic, flow-banded monzogranite intruded by undeformed fine-grained monzogranite with common magmatic foliation","monzogranite,monzogranite",149830.90547548106,,,,,monzogranite,monzogranite,igneous granitic,igneous granitic
3553,A-BRco-gm,Cootharra Monzogranite,Medium- to coarse-grained monzogranite; undeformed; locally muscovite-rich,monzogranite,194365.25947695368,,Cootharra Monzogranite,,,monzogranite,,igneous granitic,
2510,A-BRco-gmv,Cootharra Monzogranite,Muscovite monzogranite; medium to coarse grained; undeformed,monzogranite,222937.63347295386,,Cootharra Monzogranite,,,monzogranite,,igneous granitic,
563,A-BRga-gm,Garden Rock Monzogranite,Monzogranite to syenogranite; undeformed; common magmatic foliation,"monzogranite,syenogranite",172399.74249570142,,Garden Rock Monzogranite,,,monzogranite,,igneous granitic,
896,A-BRga-gmp,Garden Rock Monzogranite,K-feldspar porphyritic monzogranite; undeformed; common magmatic foliation,monzogranite,176499.55941163114,,Garden Rock Monzogranite,,,monzogranite,,igneous granitic,
3307,A-BRse-gme,Seeligson Monzogranite,"Equigranular, coarse-grained, undeformed monzogranite with 4?12 mm grain size; locally with 3 cm long K-feldspar megacrysts; metamorphosed",monzogranite,27886.230609124133,,Seeligson Monzogranite,,,monzogranite,,igneous granitic,
3325,A-BRtg-gm,Telegootherra Monzogranite,Monzogranite to syenogranite; undeformed; common magmatic foliation,"monzogranite,syenogranite",156552.2665571159,,Telegootherra Monzogranite,,,monzogranite,,igneous granitic,
426,A-BRtg-gmv,Telegootherra Monzogranite,Muscovite-bearing monzogranite; medium to coarse grained; undeformed,monzogranite,182693.39989326228,,Telegootherra Monzogranite,,,monzogranite,,igneous granitic,
1754,A-BRwa-gm,Walgoo Monzogranite,"Monzogranite, locally rich in muscovite and biotite; predominantly with equigranular texture and locally K-feldspar porphyritic",monzogranite,140042.7381324823,,Walgoo Monzogranite,,,monzogranite,,igneous granitic,
1876,A-BRwa-gmv,Walgoo Monzogranite,Muscovite-bearing monzogranite; medium to coarse grained; marginal facies is pegmatitic and locally fluorite-bearing,monzogranite,144283.643949694,,Walgoo Monzogranite,,,monzogranite,,igneous granitic,
2030,A-BRwg-gmby,Wangata Monzogranite,"Coarse-grained, undeformed monzogranite with distinctive igneous layering defined by gradational variation in the modal abundance of biotite and K-feldspar (0.5 to 3 m scale); K-feldspar up to 30 mm long; metamorphosed",monzogranite,83733.4131447423,,Wangata Monzogranite,,,monzogranite,,igneous granitic,
418,A-BRyb-gmv,Yarrabubba Monzogranite,"Medium- to coarse-grained, muscovite?albite monzogranite; contains veins of quartz, pseudotachylite, and muscovite-bearing pegmatite; quartz grains show microscopic planar deformation features","monzogranite,pegmatite",245751.8192764638,,Yarrabubba Monzogranite,,,monzogranite,,igneous granitic,
309,A-GLr-mhs,Ryansville Formation,Schistose pelite and psammite; local biotite porphyroblasts and minor bands of felsic volcaniclastic rock,"pelite,psammite,volcaniclastic",125941.9032183277,Glen Group,Ryansville Formation,,,psammitic and pelitic schist; interlayered,,metasedimentary siliciclastic: psammite and pelite; interlayered,
313,A-GLr-scc,Ryansville Formation,Chert pebble to boulder conglomerate; generally well sorted; weakly metamorphosed,"chert,conglomerate",126087.34272675846,Glen Group,Ryansville Formation,,,conglomerate,,sedimentary siliciclastic,
1034,A-GLw-b,Wattagee Formation,Mafic volcanic rock; massive to weakly foliated; locally pillowed and/or vesicular; weakly metamorphosed,"mafic,volcanic",229587.45984996183,Glen Group,Wattagee Formation,,,,,igneous mafic volcanic,
3401,A-GLw-bk,Wattagee Formation,Komatiitic basalt with local pyroxene spinifex texture; weakly metamorphosed,basalt,180935.22901306255,Glen Group,Wattagee Formation,,,komatiitic basalt,,igneous mafic volcanic,
3331,A-GLw-bko,Wattagee Formation,"Pillowed komatitic basalt, with common pyroxene-spinifex texture; weakly metamorphosed",basalt,194093.2619728811,Glen Group,Wattagee Formation,,,komatiitic basalt,,igneous mafic volcanic,
3398,A-GLw-bs,Wattagee Formation,Pyroxene spinifex-textured basalt and local basalt; locally variolitic; weakly metamorphosed,"basalt,basalt",188176.90659088522,Glen Group,Wattagee Formation,,,pyroxene spinifex-textured basalt,,igneous mafic volcanic,
737,A-GLw-fa,Wattagee Formation,Fine-grained intermediate volcanic rock; weakly metamorphosed,volcanic,212786.15739754707,Glen Group,Wattagee Formation,,,andesite,,igneous felsic volcanic,
769,A-GLw-fd,Wattagee Formation,"Dacite; massive, fine to medium grained; locally plagioclase-phyric; weakly metamorphosed",dacite,211539.4367328081,Glen Group,Wattagee Formation,,,dacite,,igneous felsic volcanic,
760,A-GLw-mfs,Wattagee Formation,Quartz?sericite schist derived from felsic volcanic rock; metamorphosed,"schist,volcanic",209627.83059387753,Glen Group,Wattagee Formation,,,felsic schist derived from volcanic rock,,meta-igneous felsic volcanic,
738,A-GLw-mlv,Wattagee Formation,Light to dark grey slate; yellow weathering; highly fissile; metamorphosed,slate,207005.7098990151,Glen Group,Wattagee Formation,,,slate,,metasedimentary siliciclastic: pelite,
1212,A-GLw-mus,Wattagee Formation,Ultramafic schist; commonly deeply weathered,"schist,ultramafic",130091.7542477673,Glen Group,Wattagee Formation,,,ultramafic schist; volcanic or undivided,,meta-igneous ultramafic volcanic or undivided,
847,A-JU-mgmm,Jungar Suite,"Muscovite metagranite; medium to coarse grained, equigranular; foliated",metagranite,183040.10650596768,,,,,metamonzogranite,,meta-igneous felsic intrusive,
725,A-JU-mgms,Jungar Suite,"Foliated biotite metamonzogranite; minor metagranodiorite, metasyenogranite, and metapegmatite; fine to coarse grained; locally gneissic","metamonzogranite,metagranodiorite,metapegmatite,metasyenogranite",177560.785706483,,,,,metamonzogranite,,meta-igneous felsic intrusive,
2312,A-JUcl-mgms,Chunderloo Monzogranite,Biotite metamonzogranite; commonly with abundant K-feldspar phenocrysts/porphyroclasts; well foliated to mylonitic; may include amphibolite lenses,"metamonzogranite,amphibolite",213465.82605442693,,Chunderloo Monzogranite,,,metamonzogranite,,meta-igneous felsic intrusive,
2430,A-MUg-xfr-fd,Gossan Hill Formation,"Felsic volcanic and volcaniclastic rocks, rhyolitic to dacitic in composition; locally with economic massive sulfide mineralization; metamorphosed","volcanic,volcaniclastic",37576.523422952654,,Gossan Hill Formation,,,rhyolite,dacite,igneous felsic volcanic,igneous felsic volcanic
2527,A-MUgg-xfc-zs,Golden Grove Member,"Rhyodacite, dacite and laminated felsic volcaniclastic rocks; host to economic massive sulfide horizons; metamorphosed","rhyodacite,dacite,volcaniclastic",9113.137326285125,,Gossan Hill Formation,Golden Grove Member,,rhyodacite,massive sulfide,igneous felsic volcanic,hydrothermal
2564,A-MUgm-bb,Minjar Member,"Basalt, commonly with 1?2 mm plagioclase phenocrysts; locally abundant amygdaloidal basalt and minor basaltic andesite; metamorphosed","basalt,andesite,basalt",7453.627835526231,,Gossan Hill Formation,Minjar Member,,basalt,,igneous mafic volcanic,
2522,A-MUgm-xf-s,Minjar Member,Felsic volcaniclastic rocks and fine-grained siliciclastic sedimentary rocks; minor amygdaloidal basalt; metamorphosed,"siliciclastic,volcaniclastic,basalt",7183.986351988454,,Gossan Hill Formation,Minjar Member,,,,igneous felsic volcanic,sedimentary siliciclastic
2579,A-MUgu-fdp,Scuddles Member,Porphyritic dacite with lesser rhyodacite and felsic volcaniclastic units; locally with economic sulfide mineralization; metamorphosed,"dacite,rhyodacite,volcaniclastic",8576.767814885132,,Gossan Hill Formation,Scuddles Member,,dacite,,igneous felsic volcanic,
2526,A-MUgv-fr,Gossan Valley Member,Quartz-porphyritic rhyolite and felsic volcaniclastic rocks; metamorphosed,"rhyolite,volcaniclastic",9725.603399446616,,Gossan Hill Formation,Gossan Valley Member,,rhyolite,,igneous felsic volcanic,
2117,A-NO-bb,Norie Group,Basalt and minor basaltic andesite; locally pillowed and/or vesicular; massive to weakly foliated; locally strongly sheared and metamorphosed,"andesite,basalt",52995.77446229446,Norie Group,,,,basalt,,igneous mafic volcanic,
2119,A-NO-bbd,Norie Group,Pillowed and spherulitic basalt; spherules locally abundant and up to 15 mm in diameter; metamorphosed,basalt,51703.260022801645,Norie Group,,,,basalt,,igneous mafic volcanic,
2101,A-NO-bbg,Norie Group,"Amygdaloidal basalt with 3?10 mm, quartz-filled amygdales; locally variolitic; flows typically 5 m thick; minor pillow lava; grades into amphibolitic metabasalt; metamorphosed","basalt,metabasalt",80493.85956582041,Norie Group,,,,basalt,,igneous mafic volcanic,
2102,A-NO-bs,Norie Group,"Pyroxene spinifex-textured basalt with 4?20 mm, acicular crystals in a devitrified matrix; locally grading into mafic?ultramafic schist; metamorphosed","basalt,mafic?ultramafic,schist",77017.48269314897,Norie Group,,,,pyroxene spinifex-textured basalt,,igneous mafic volcanic,
2123,A-NO-fd,Norie Group,Dacitic volcanic rock as thin horizons; metamorphosed,volcanic,64853.22780129382,Norie Group,,,,dacite,,igneous felsic volcanic,
3035,A-NO-frt,Norie Group,Moderately well-bedded volcaniclastic sandstone to siltstone of rhyolitic to dacitic affinity; metamorphosed,"sandstone,siltstone,volcaniclastic",31104.18108845748,Norie Group,,,,rhyolite,,igneous felsic volcanic,
2124,A-NO-mba,Norie Group,Amphibolite and local metabasalt; fine to medium grained; typically foliated and lineated,"amphibolite,metabasalt",80757.50467961552,Norie Group,,,,amphibolite derived from volcanic rock,,meta-igneous mafic volcanic,
3546,A-NO-mbs,Norie Group,Mafic schist derived from volcanic rock; locally preserved relict pyroxene-spinifex texture,"mafic,schist,volcanic",42606.12862643612,Norie Group,,,,mafic schist derived from volcanic rock,,meta-igneous mafic volcanic,
3600,A-NO-mcb,Norie Group,Metamorphosed banded chert; locally with ferruginous horizons; locally schistose,chert,30847.966319886622,Norie Group,,,,meta-banded chert,,metasedimentary other chemical,
2862,A-NO-md,Norie Group,"Metasedimentary rock, undivided; includes metamorphosed sandstone, siltstone, shale, and chert; locally abundant banded chert; commonly deeply weathered","chert,chert,sandstone,shale,siltstone",26555.060886529376,Norie Group,,,,metasiliciclastic rock,,metasedimentary siliciclastic,
2802,A-NO-mib,Norie Group,Metamorphosed banded iron-formation locally with recrystallized quartz and magnetite; typically moderately deformed,iron-formation,25701.0038665108,Norie Group,,,,meta-banded iron formation,,metasedimentary other chemical: meta-iron formation,
2315,A-NO-msmz,Norie Group,Andalusite?chlorite(?kyanite?muscovite) schist; coarsely porphyroblastic; strongly foliated and lineated,schist,246784.99246026858,Norie Group,,,,micaceous schist,,metamorphic protolith unknown: schist,
2810,A-NO-mtq,Norie Group,Quartzite; medium grained; commonly foliated; local relict bedding,quartzite,27585.55804095973,Norie Group,,,,quartzite,,metasedimentary siliciclastic: psammite,
2134,A-NO-mts,Norie Group,Psammitic schist; local pelite interlayers and relict bedding; locally strongly deformed,"schist,pelite",75904.82464160286,Norie Group,,,,psammitic schist,,metasedimentary siliciclastic: psammite,
1552,A-NO-musr,Norie Group,"Tremolite-rich ultramafic schist; locally interlayered with pyroxene spinifex-textured metabasalt, metadolerite, or mafic schist; typically sheared","schist,ultramafic,mafic,metabasalt,metadolerite,schist",108798.39810949574,Norie Group,,,,ultramafic schist; volcanic or undivided,,meta-igneous ultramafic volcanic or undivided,
2100,A-NO-mws,Norie Group,Mafic schist with abundant chlorite and actinolite; local amphibolite,"mafic,schist,amphibolite",75525.12276147646,Norie Group,,,,mafic schist,,meta-igneous mafic,
2136,A-NO-sn,Norie Group,"Undivided sedimentary rock, typically deeply weathered; metamorphosed",sedimentary-rock,63043.41128732815,Norie Group,,,,siliciclastic rock; undivided,,sedimentary siliciclastic,
2347,A-NO-xbk-mus,Norie Group,Komatiitic basalt with local pyroxene-spinifex texture interlayered with ultramafic schist derived from volcanic rocks; metamorphosed,"basalt,schist,ultramafic,volcanic",120019.1228582634,Norie Group,,,,komatiitic basalt,ultramafic schist; volcanic or undivided,igneous mafic volcanic,meta-igneous ultramafic volcanic or undivided
3013,A-NO-xmb-f,Norie Group,"Metabasalt, felsic volcaniclastic rocks, and banded iron-formation; strongly to weakly metamorphosed","metabasalt,iron-formation,volcaniclastic",26658.16294089579,Norie Group,,,,metamafic volcanic rock,,meta-igneous mafic volcanic,igneous felsic volcanic
1566,A-NO-xmbb-md,Norie Group,Metabasalt interlayered with dominantly psammitic sedimentary rocks; locally chlorite-rich and strongly sheared,metabasalt,112485.0378558237,Norie Group,,,,metabasalt,metasiliciclastic rock,meta-igneous mafic volcanic,metasedimentary siliciclastic
3596,A-NOs-bb,Singleton Formation,"Basalt, locally pillowed; thin hyaloclastite or siltstone horizons; metamorphosed","basalt,hyaloclastite,siltstone",25014.01517100727,Norie Group,Singleton Formation,,,basalt,,igneous mafic volcanic,
2894,A-NOs-bbo,Singleton Formation,Pillowed basalt; includes layers of black siltstone; metamorphosed,"basalt,siltstone",44073.26106348881,Norie Group,Singleton Formation,,,basalt,,igneous mafic volcanic,
2928,A-NOs-bs,Singleton Formation,Pyroxene spinifex-textured basalt; metamorphosed,basalt,31486.209059347166,Norie Group,Singleton Formation,,,pyroxene spinifex-textured basalt,,igneous mafic volcanic,
596,A-NOs-mb,Singleton Formation,Metamorphosed basalt and komatiitic basalt,"basalt,basalt",137590.31866104927,Norie Group,Singleton Formation,,,metamafic volcanic rock,,meta-igneous mafic volcanic,
823,A-NOs-mbas,Singleton Formation,"Fine-grained, mafic amphibolite schist","amphibolite,mafic,schist",231988.47985327954,Norie Group,Singleton Formation,,,amphibolite derived from volcanic rock,,meta-igneous mafic volcanic,
3597,A-NOs-mbb,Singleton Formation,Metabasalt,metabasalt,42882.42109228803,Norie Group,Singleton Formation,,,metabasalt,,meta-igneous mafic volcanic,
364,A-NOs-mbbs,Singleton Formation,Strongly foliated metabasalt and local amphibolite,"amphibolite,metabasalt",130964.39970265987,Norie Group,Singleton Formation,,,metabasalt,,meta-igneous mafic volcanic,
3505,A-NOs-mbms,Singleton Formation,Metamorphosed komatiitic basalt; schistose; pyroxene-spinifex texture locally preserved,basalt,134402.0567210225,Norie Group,Singleton Formation,,,metakomatiitic basalt,,meta-igneous mafic volcanic,
363,A-NOs-mhs,Singleton Formation,Psammitic and pelitic schist interlayered on a metre to decametre scale; locally strongly sheared,schist,135781.15809783674,Norie Group,Singleton Formation,,,psammitic and pelitic schist; interlayered,,metasedimentary siliciclastic: psammite and pelite; interlayered,
2453,A-NOs-mu,Singleton Formation,"Metamorphosed ultramafic rock, undivided; typically deeply weathered",ultramafic,52630.13396473825,Norie Group,Singleton Formation,,,meta-ultramafic rock,,meta-igneous ultramafic volcanic or undivided,
3039,A-NOs-mup,Singleton Formation,Serpentinized metaperidotite; massive to foliated,metaperidotite,42627.78083366162,Norie Group,Singleton Formation,,,metaperidotite derived from volcanic rock,,meta-igneous ultramafic volcanic or undivided,
2902,A-NOs-xbbo-bbx,Singleton Formation,Interlayered pillow lava and hyaloclastite; locally abundant siltstone; metamorphosed,"hyaloclastite,siltstone",61553.19237804165,Norie Group,Singleton Formation,,,basalt,basalt,igneous mafic volcanic,igneous mafic volcanic
3045,A-NOs-xbs-mup,Singleton Formation,Pyroxene spinifex-textured basalt with metaperidotite; platy pyroxene spinifex up to 80 mm; olivine or pyroxene cumulates up to 150 m thick are typically serpentinized or tremolite rich,"basalt,metaperidotite",36923.87258040866,Norie Group,Singleton Formation,,,pyroxene spinifex-textured basalt,metaperidotite derived from volcanic rock,igneous mafic volcanic,meta-igneous ultramafic volcanic or undivided
2845,A-NOsq-b,Quinns Basalt Member,Mafic volcanic rock; massive to weakly foliated; metamorphosed,"mafic,volcanic",245671.46113852196,Norie Group,Singleton Formation,Quinns Basalt Member,,,,igneous mafic volcanic,
1561,A-NOy-cib,Yaloginda Formation,Banded iron-formation and ferruginous banded chert; metamorphosed,"chert,iron-formation",135608.68394266485,Norie Group,Yaloginda Formation,,,iron formation,,sedimentary other chemical or biochemical,
3440,A-NOy-fd,Yaloginda Formation,Dacite; locally with abundant feldspar and subordinate quartz phenocrysts; locally rhyolitic and/or tuffaceous; metamorphosed,dacite,120038.14608597408,Norie Group,Yaloginda Formation,,,dacite,,igneous felsic volcanic,
3593,A-NOy-fn,Yaloginda Formation,"Felsic volcanic and volcaniclastic rock, undivided; metamorphosed; typically deeply weathered and kaolinized","volcanic,volcaniclastic",248684.4645529527,Norie Group,Yaloginda Formation,,,felsic volcanic rock; undivided,,igneous felsic volcanic,
1530,A-NOy-fr,Yaloginda Formation,Rhyolite and rhyolitic volcaniclastic rocks; fine to medium grained; massive to crudely bedded; metamorphosed,"rhyolite,volcaniclastic",128017.16073854257,Norie Group,Yaloginda Formation,,,rhyolite,,igneous felsic volcanic,
3529,A-NOy-jmts-mgs,Yaloginda Formation,Abundant rafts of psammitic schist in granitic schist,"granitic,schist,schist",118025.72200807028,Norie Group,Yaloginda Formation,,,psammitic schist,granitic schist,metasedimentary siliciclastic: psammite,meta-igneous felsic intrusive
1549,A-NOy-md,Yaloginda Formation,Metasiliciclastic rocks,metasiliciclastic,109659.39249854737,Norie Group,Yaloginda Formation,,,metasiliciclastic rock,,metasedimentary siliciclastic,
1403,A-NOy-mfa,Yaloginda Formation,Metamorphosed andesitic and dacitic volcanic and volcaniclastic rocks; local basaltic horizons,"volcanic,volcaniclastic",108961.0521455976,Norie Group,Yaloginda Formation,,,meta-andesite,,meta-igneous felsic volcanic,
1244,A-NOy-mfs,Yaloginda Formation,Felsic schist derived from volcanic rock; locally strongly sheared,"schist,volcanic",111486.04040526072,Norie Group,Yaloginda Formation,,,felsic schist derived from volcanic rock,,meta-igneous felsic volcanic,
1213,A-NOy-mhs,Yaloginda Formation,Psammitic and pelitic schist interlayered on a metre to decametre scale; locally strongly sheared,schist,108951.71218025927,Norie Group,Yaloginda Formation,,,psammitic and pelitic schist; interlayered,,metasedimentary siliciclastic: psammite and pelite; interlayered,
1594,A-NOy-mib,Yaloginda Formation,"Metamorphosed banded iron-formation; typically with coarse, granular, and recrystallized magnetite crystals; foliated",iron-formation,120472.0268047303,Norie Group,Yaloginda Formation,,,meta-banded iron formation,,metasedimentary other chemical: meta-iron formation,
1408,A-NOy-ml,Yaloginda Formation,"Pelite, locally strongly sheared",pelite,115064.1141279656,Norie Group,Yaloginda Formation,,,metasiltstone/metamudstone/metashale,,metasedimentary siliciclastic: pelite,
3517,A-NOy-mrs,Yaloginda Formation,Felsic schist; locally strongly sheared,schist,124904.2910044018,Norie Group,Yaloginda Formation,,,felsic schist,,meta-igneous felsic,
1514,A-NOy-mtq,Yaloginda Formation,Quartzite; locally interlayered with psammitic schist,"quartzite,schist",109118.60566285135,Norie Group,Yaloginda Formation,,,quartzite,,metasedimentary siliciclastic: psammite,
1214,A-NOy-mts,Yaloginda Formation,Psammitic schist; locally grading into pelitic schist or quartzite; includes cordierite-porphyroblastic metasedimentary rocks as xenoliths; locally strongly sheared,"schist,quartzite,schist",110034.9639730085,Norie Group,Yaloginda Formation,,,psammitic schist,,metasedimentary siliciclastic: psammite,
2338,A-NOy-xf-cib,Yaloginda Formation,Felsic volcaniclastic rocks and banded iron-formation; local quartzite and felsic schist; widely intruded by layered gabbroic to peridotitic sills; metamorphosed,"iron-formation,volcaniclastic,quartzite,schist",123808.12261712897,Norie Group,Yaloginda Formation,,,,iron formation,igneous felsic volcanic,sedimentary other chemical or biochemical
1663,A-NOyg-fdp,Youangarra Volcanics Member,Porphyritic dacite with abundant feldspar and subordinate quartz phenocrysts; metamorphosed,dacite,183240.29019830638,Norie Group,Yaloginda Formation,Youangarra Volcanics Member,,dacite,,igneous felsic volcanic,
1661,A-NOyg-mbs,Youangarra Volcanics Member,Mafic schist derived from volcanic rock; locally strongly sheared,"mafic,schist,volcanic",179723.49635446104,Norie Group,Yaloginda Formation,Youangarra Volcanics Member,,mafic schist derived from volcanic rock,,meta-igneous mafic volcanic,
1693,A-NOyg-mtqs,Youangarra Volcanics Member,Quartzitic schist; locally interlayered with psammitic schist; locally strongly sheared,"schist,schist",168653.13560337404,Norie Group,Yaloginda Formation,Youangarra Volcanics Member,,quartzite,,metasedimentary siliciclastic: psammite,
1660,A-NOyg-xfa-mbs,Youangarra Volcanics Member,Andesitic lava flows; locally schistose; interbedded with mafic schist; metamorphosed,"mafic,schist",179373.85066383213,Norie Group,Yaloginda Formation,Youangarra Volcanics Member,,andesite,mafic schist derived from volcanic rock,igneous felsic volcanic,meta-igneous mafic volcanic
1790,A-NOyg-xmbs-mfs,Youangarra Volcanics Member,"Mafic schist, interlayered on a decametre-scale with felsic schist; metamorphosed","mafic,schist,schist",181953.00551331684,Norie Group,Yaloginda Formation,Youangarra Volcanics Member,,mafic schist derived from volcanic rock,felsic schist derived from volcanic rock,meta-igneous mafic volcanic,meta-igneous felsic volcanic
3346,A-NOyg-xmcb-mt,Youangarra Volcanics Member,Metamorphosed banded chert interlayered with psammitic rocks and minor felsic schist and metavolcaniclastic rocks,"chert,metavolcaniclastic,schist",175251.7138174195,Norie Group,Yaloginda Formation,Youangarra Volcanics Member,,meta-banded chert,metasandstone,metasedimentary other chemical,metasedimentary siliciclastic: psammite
2439,A-NOyg-xmd-mfs,Youangarra Volcanics Member,Metamorphosed siliciclastic rocks interlayered with felsic schist; local dacitic lava to volcaniclastic rocks; minor metachert and metamorphosed banded iron-formation; locally strongly sheared,"schist,siliciclastic,iron-formation,metachert,volcaniclastic",168574.487887874,Norie Group,Yaloginda Formation,Youangarra Volcanics Member,,metasiliciclastic rock,felsic schist derived from volcanic rock,metasedimentary siliciclastic,meta-igneous felsic volcanic
1321,A-NOyk-frp,Kantie Murdana Volcanics Member,Quartz?feldspar porphyritic rhyolite; weak to schistose foliation; metamorphosed,rhyolite,162080.7693092998,Norie Group,Yaloginda Formation,Kantie Murdana Volcanics Member,,rhyolite,,igneous felsic volcanic,
2503,A-NOyk-frt,Kantie Murdana Volcanics Member,Felsic tuff and tuffaceous rock; finely banded; fine to medium grained; locally crystal-rich; includes coherent rhyolite to dacite with quartz and feldspar phenocrysts; metamorphosed; variably foliated,"tuff,dacite,rhyolite",169076.1822695281,Norie Group,Yaloginda Formation,Kantie Murdana Volcanics Member,,rhyolite,,igneous felsic volcanic,
3448,A-NOyk-mfe,Kantie Murdana Volcanics Member,"Recrystallized, equigranular felsic volcanic and sedimentary rocks with 1?5 mm grain size",volcanic,158877.6866839676,Norie Group,Yaloginda Formation,Kantie Murdana Volcanics Member,,felsic granofels/hornfels derived from volcanic rock,,meta-igneous felsic volcanic,
987,A-NOyk-mhsr,Kantie Murdana Volcanics Member,Psammitic and pelitic schist with abundant cordierite poikiloblasts up to 15 mm in diameter,schist,183636.63966446902,Norie Group,Yaloginda Formation,Kantie Murdana Volcanics Member,,psammitic and pelitic schist; interlayered,,metasedimentary siliciclastic: psammite and pelite; interlayered,
1696,A-NOyy-fdp,Yuinmery Volcanics Member,Porphyritic dacite with abundant feldspar and subordinate quartz phenocrysts; locally with rhyolitic and/or tuffaceous horizons; metamorphosed,dacite,193619.27276528158,Norie Group,Yaloginda Formation,Yuinmery Volcanics Member,,dacite,,igneous felsic volcanic,
1789,A-NOyy-mbs,Yuinmery Volcanics Member,Mafic schist derived from volcanic rock; locally strongly sheared,"mafic,schist,volcanic",195419.57826778048,Norie Group,Yaloginda Formation,Yuinmery Volcanics Member,,mafic schist derived from volcanic rock,,meta-igneous mafic volcanic,
3347,A-NOyy-mfs,Yuinmery Volcanics Member,Felsic schist and rhyolitic schist; locally strongly sheared,"schist,schist",194466.21898142525,Norie Group,Yaloginda Formation,Yuinmery Volcanics Member,,felsic schist derived from volcanic rock,,meta-igneous felsic volcanic,
3451,A-NOyy-xmfs-mib,Yuinmery Volcanics Member,"Felsic schist with local dacite?rhyolite lava, interlayered with metamorphosed banded iron-formation; locally strongly sheared","dacite?rhyolite,schist,iron-formation",193696.55837135648,Norie Group,Yaloginda Formation,Yuinmery Volcanics Member,,felsic schist derived from volcanic rock,meta-banded iron formation,meta-igneous felsic volcanic,metasedimentary other chemical: meta-iron formation
2530,A-PO-bb,Polelle Group,Fine- to very fine-grained basalt; locally moderately foliated; metamorphosed,basalt,4954.690082652683,Polelle Group,,,,basalt,,igneous mafic volcanic,
3567,A-PO-bs,Polelle Group,Spinifex-textured basalt with acicular pyroxene crystals up to 30 mm; local aphyric basalt; metamorphosed,"basalt,basalt",8785.096088994589,Polelle Group,,,,pyroxene spinifex-textured basalt,,igneous mafic volcanic,
2801,A-PO-fa,Polelle Group,Andesitic volcanic rock; minor dacite; local volcanic breccia to sandstone; includes minor tuffaceous rhyolite and schistose equivalents; metamorphosed,"volcanic,dacite,rhyolite,sandstone,volcanic",13235.284207579169,Polelle Group,,,,andesite,,igneous felsic volcanic,
3561,A-PO-mbs,Polelle Group,Mafic schist with minor ultramafic schist; typically actinolite?tremolite?chlorite; locally strongly sheared,"mafic,schist,schist,ultramafic",4562.6420700613035,Polelle Group,,,,mafic schist derived from volcanic rock,,meta-igneous mafic volcanic,
2524,A-PO-mib,Polelle Group,Metamorphosed banded iron-formation and minor banded chert; typical granular texture with magnetite and quartz grains 0.5 to 1.5 mm in size,"chert,iron-formation",5536.417590735448,Polelle Group,,,,meta-banded iron formation,,metasedimentary other chemical: meta-iron formation,
2163,A-PO-xmb-mf,Polelle Group,Metabasalt and felsic metavolcanic rock; strongly foliated to schistose,"metabasalt,metavolcanic",72271.25516014188,Polelle Group,,,,metamafic volcanic rock,metafelsic volcanic rock,meta-igneous mafic volcanic,meta-igneous felsic volcanic
854,A-POc-mi,Coodardy Pool Formation,Metamorphosed iron formation; weakly layered; strongly foliated,iron-formation,181149.45508625728,Polelle Group,Coodardy Pool Formation,,,meta-iron formation,,metasedimentary other chemical: meta-iron formation,
1902,A-POc-mlsg,Coodardy Pool Formation,Garnet?mica schist with 2?5 mm euhedral garnets; commonly altered,schist,30930.99393713585,Polelle Group,Coodardy Pool Formation,,,pelitic schist,,metasedimentary siliciclastic: pelite,
859,A-POc-mtq,Coodardy Pool Formation,Quartzite; medium grained; foliated,quartzite,183590.70590839375,Polelle Group,Coodardy Pool Formation,,,quartzite,,metasedimentary siliciclastic: psammite,
705,A-POg-fa,Greensleeves Formation,"Andesite; massive to fragmental, with siliceous clasts; pale grey weathering, silicified",andesite,190451.70408086866,Polelle Group,Greensleeves Formation,,,andesite,,igneous felsic volcanic,
808,A-POg-fdt,Greensleeves Formation,Grey dacite and dacitic volcaniclastic rocks; commonly with plagioclase phenocrysts; locally vesicular; weakly metamorphosed,"dacite,volcaniclastic",187798.10506595494,Polelle Group,Greensleeves Formation,,,dacite,,igneous felsic volcanic,
3236,A-POg-fr,Greensleeves Formation,Rhyolite and rhyolitic volcaniclastic rocks; massive to coarsely fragmental; quartz phyric; locally foliated; weakly metamorphosed,"rhyolite,volcaniclastic",123837.13530474297,Polelle Group,Greensleeves Formation,,,rhyolite,,igneous felsic volcanic,
3404,A-POg-frmb,Greensleeves Formation,Crystal-vitric rhyolite breccia and volcaniclastic sandstone; locally foliated; weakly metamorphosed,"rhyolite,sandstone,volcaniclastic",177090.91561629454,Polelle Group,Greensleeves Formation,,,rhyolite,,igneous felsic volcanic,
3204,A-POg-mfds,Greensleeves Formation,Dacitic schist; locally feldspar(?quartz) porphyritic; rare graded bedding,schist,120218.95833839325,Polelle Group,Greensleeves Formation,,,metadacite,,meta-igneous felsic volcanic,
3234,A-POg-mfs,Greensleeves Formation,Felsic schist derived from volcanic rock; commonly deeply weathered,"schist,volcanic",129279.18943736811,Polelle Group,Greensleeves Formation,,,felsic schist derived from volcanic rock,,meta-igneous felsic volcanic,
3360,A-POg-mhs,Greensleeves Formation,Schistose pelite and psammite; locally contains biotite porphyroblasts,"pelite,psammite",115217.38433516427,Polelle Group,Greensleeves Formation,,,psammitic and pelitic schist; interlayered,,metasedimentary siliciclastic: psammite and pelite; interlayered,
3301,A-POg-mlv,Greensleeves Formation,White to grey slate; highly fissile; local graded bedding to fine-grained sandstone,"slate,sandstone",192961.13552452688,Polelle Group,Greensleeves Formation,,,slate,,metasedimentary siliciclastic: pelite,
2942,A-POm-bb,Meekatharra Formation,Basalt; massive to weakly foliated; locally pillowed and/or vesicular; metamorphosed,basalt,23962.168293777733,Polelle Group,Meekatharra Formation,,,basalt,,igneous mafic volcanic,
2175,A-POm-bbd,Meekatharra Formation,Variolitic basalt; locally pillowed with a fine-grained groundmass; varioles typically comprise up to 90% of rock; metamorphosed,basalt,29488.86994074144,Polelle Group,Meekatharra Formation,,,basalt,,igneous mafic volcanic,
2892,A-POm-bbg,Meekatharra Formation,Amygdaloidal basalt with quartz-filled vesicles; typically massive groundmass; rare hyaloclastite or plagioclase-porphyritic texture; locally strongly lineated; metamorphosed,"basalt,hyaloclastite",20889.244090932785,Polelle Group,Meekatharra Formation,,,basalt,,igneous mafic volcanic,
2891,A-POm-bbo,Meekatharra Formation,Pillowed basalt; local hyaloclastite; fractured to foliated; weakly metamorphosed,"basalt,hyaloclastite",34024.85473715748,Polelle Group,Meekatharra Formation,,,basalt,,igneous mafic volcanic,
2139,A-POm-bk,Meekatharra Formation,"Komatiitic basalt, typically with platy pyroxene spinifex textures; locally pillowed and/or variolitic; fractured to locally foliated; weakly metamorphosed",basalt,64271.44027575223,Polelle Group,Meekatharra Formation,,,komatiitic basalt,,igneous mafic volcanic,
848,A-POm-bko,Meekatharra Formation,Pillowed komatiitic basalt; local fine pyroxene-spinifex texture; weakly metamorphosed,basalt,186852.06814368966,Polelle Group,Meekatharra Formation,,,komatiitic basalt,,igneous mafic volcanic,
2806,A-POm-bs,Meekatharra Formation,Pyroxene spinifex-textured basalt and minor basalt; locally variolitic; interlayered with thin sills of granophyric to coarse-grained leucogabbro; metamorphosed,"basalt,basalt,leucogabbro",20242.325890168395,Polelle Group,Meekatharra Formation,,,pyroxene spinifex-textured basalt,,igneous mafic volcanic,
770,A-POm-fnl,Meekatharra Formation,Felsic volcaniclastic siltstone; local graded bedding to fine-grained volcaniclastic sandstone; weakly metamorphosed,"siltstone,volcaniclastic,sandstone,volcaniclastic",217211.2803357878,Polelle Group,Meekatharra Formation,,,felsic volcanic rock; undivided,,igneous felsic volcanic,
3318,A-POm-mb,Meekatharra Formation,Metamorphosed mafic rock; generally fine to medium grained; foliated to schistose,mafic,205159.21131067513,Polelle Group,Meekatharra Formation,,,metamafic volcanic rock,,meta-igneous mafic volcanic,
660,A-POm-mban,Meekatharra Formation,Amphibolite gneiss derived from basalt; commonly well foliated and lineated,"amphibolite,basalt,gneiss",185651.73079213235,Polelle Group,Meekatharra Formation,,,amphibolite derived from volcanic rock,,meta-igneous mafic volcanic,
3384,A-POm-mbas,Meekatharra Formation,Amphibolite schist derived from basalt; fine to medium grained; commonly also lineated,"amphibolite,basalt,schist",131441.38079792476,Polelle Group,Meekatharra Formation,,,amphibolite derived from volcanic rock,,meta-igneous mafic volcanic,
3223,A-POm-mbb,Meekatharra Formation,Metabasalt; generally fine grained and massive; locally pillowed and/or vesicular,metabasalt,121678.45567945467,Polelle Group,Meekatharra Formation,,,metabasalt,,meta-igneous mafic volcanic,
379,A-POm-mbba,Meekatharra Formation,Amphibolite derived from basalt; massive to foliated and/or lineated,"amphibolite,basalt",132347.74475086108,Polelle Group,Meekatharra Formation,,,metabasalt,,meta-igneous mafic volcanic,
3403,A-POm-mbbs,Meekatharra Formation,Strongly foliated metabasalt and local amphibolite,"amphibolite,metabasalt",176347.0995156229,Polelle Group,Meekatharra Formation,,,metabasalt,,meta-igneous mafic volcanic,
1201,A-POm-mbby,Meekatharra Formation,Mylonitic metabasalt; fine- to very fine-grained; commonly lineated,metabasalt,199908.38317440476,Polelle Group,Meekatharra Formation,,,metabasalt,,meta-igneous mafic volcanic,
3410,A-POm-mbm,Meekatharra Formation,"Metamorphosed komatiitic basalt; massive to pillowed with local hyaloclastite; with fracture cleavage, or foliated","basalt,hyaloclastite",146938.51906701495,Polelle Group,Meekatharra Formation,,,metakomatiitic basalt,,meta-igneous mafic volcanic,
317,A-POm-mbms,Meekatharra Formation,Fine-grained ultramafic schist derived from komatiitic basalt; local talc?carbonate rock; commonly deeply weathered,"basalt,schist,ultramafic",118134.54388793511,Polelle Group,Meekatharra Formation,,,metakomatiitic basalt,,meta-igneous mafic volcanic,
1028,A-POm-mbmz,Meekatharra Formation,Metasomatized komatiitic basalt,basalt,239888.72561572518,Polelle Group,Meekatharra Formation,,,metakomatiitic basalt,,meta-igneous mafic volcanic,
3478,A-POm-mbs,Meekatharra Formation,"Foliated metamorphosed mafic rock; mainly chlorite?tremolite schist and fine-grained amphibolite with minor, foliated metagranite intercalations; locally relict pyroxene spinifex-texture preserved","mafic,amphibolite,metagranite,schist",62838.22128075021,Polelle Group,Meekatharra Formation,,,mafic schist derived from volcanic rock,,meta-igneous mafic volcanic,
1031,A-POm-mfrs,Meekatharra Formation,Metarhyolite schist,"metarhyolite,schist",231628.56483397528,Polelle Group,Meekatharra Formation,,,metarhyolite,,meta-igneous felsic volcanic,
874,A-POm-mhs,Meekatharra Formation,"Schistose pelite and psammite, with local biotite porphyroblasts","pelite,psammite",134104.0236068697,Polelle Group,Meekatharra Formation,,,psammitic and pelitic schist; interlayered,,metasedimentary siliciclastic: psammite and pelite; interlayered,
1922,A-POm-mib,Meekatharra Formation,Metamorphosed banded iron-formation and banded chert; locally strongly deformed,"chert,iron-formation",24914.497509887635,Polelle Group,Meekatharra Formation,,,meta-banded iron formation,,metasedimentary other chemical: meta-iron formation,
2138,A-POm-mu,Meekatharra Formation,Metamorphosed ultramafic rock; local peridotite with relict olivine and/or pyroxene cumulate textures,"ultramafic,peridotite",79310.56862080672,Polelle Group,Meekatharra Formation,,,meta-ultramafic rock,,meta-igneous ultramafic volcanic or undivided,
559,A-POm-mukt,Meekatharra Formation,Talc?carbonate(?chlorite?serpentine) schist derived from komatiitic rock; commonly deeply weathered and lateritized,schist,134735.64188354052,Polelle Group,Meekatharra Formation,,,metakomatiite,,meta-igneous ultramafic volcanic or undivided,
2457,A-POm-musr,Meekatharra Formation,Tremolite?chlorite(?talc) schist,schist,21077.092163171696,Polelle Group,Meekatharra Formation,,,ultramafic schist; volcanic or undivided,,meta-igneous ultramafic volcanic or undivided,
1095,A-POm-mwas,Meekatharra Formation,Mafic amphibolite schist,"amphibolite,mafic,schist",226298.37657754592,Polelle Group,Meekatharra Formation,,,amphibolite,,meta-igneous mafic,
1081,A-POm-xmb-mi,Meekatharra Formation,"Metabasalt interleaved with metamorphosed, commonly recrystallized, banded iron-formation","metabasalt,iron-formation",248076.2254272357,Polelle Group,Meekatharra Formation,,,metamafic volcanic rock,meta-iron formation,meta-igneous mafic volcanic,metasedimentary other chemical: meta-iron formation
802,A-POm-xmba-mgp,Meekatharra Formation,"Amphibolite, derived from basalt, with sheared metapegmatite veins; strongly transposed, foliated, lineated and folded; minor metamorphosed iron-formation","amphibolite,basalt,iron-formation,metapegmatite",176682.9368312199,Polelle Group,Meekatharra Formation,,,amphibolite derived from volcanic rock,metapegmatite,meta-igneous mafic volcanic,meta-igneous felsic intrusive
703,A-POw-cib,Wilgie Mia Formation,Banded iron-formation and ferruginous banded chert; minor jaspilite and hematite-rich rock; minor volcaniclastic sandstone; metamorphosed,"chert,iron-formation,sandstone,volcaniclastic",206906.19058734315,Polelle Group,Wilgie Mia Formation,,,iron formation,,sedimentary other chemical or biochemical,
2408,A-POw-fn,Wilgie Mia Formation,"Felsic volcanic and volcaniclastic rocks, undivided; metamorphosed; commonly deeply weathered and kaolinized","volcanic,volcaniclastic",93736.88958321375,Polelle Group,Wilgie Mia Formation,,,felsic volcanic rock; undivided,,igneous felsic volcanic,
2410,A-POw-mhs,Wilgie Mia Formation,Schistose pelite and psammite with local biotite porphyroblasts,"pelite,psammite",119392.9806074972,Polelle Group,Wilgie Mia Formation,,,psammitic and pelitic schist; interlayered,,metasedimentary siliciclastic: psammite and pelite; interlayered,
2401,A-POw-mib,Wilgie Mia Formation,"Foliated metamorphosed banded iron-formation; commonly with coarse, granular, and recrystallized magnetite crystals",iron-formation,101177.37179189385,Polelle Group,Wilgie Mia Formation,,,meta-banded iron formation,,metasedimentary other chemical: meta-iron formation,
3317,A-POw-sf,Wilgie Mia Formation,"Mudstone, siltstone, and sandstone, showing local bedding; weakly metamorphosed","mudstone,sandstone,siltstone",212132.34920560697,Polelle Group,Wilgie Mia Formation,,,siltstone + sandstone,,sedimentary siliciclastic,
777,A-POw-sl,Wilgie Mia Formation,Siltstone; massive to faintly bedded with fine-grained sandstone; local fracture cleavage; weakly metamorphosed,"siltstone,sandstone",217120.84099450547,Polelle Group,Wilgie Mia Formation,,,siltstone/mudstone,,sedimentary siliciclastic,
2,A-SDB-gmal,Big Bell Suite,"Fine-grained leucocratic monzogranite; porphyritic to equigranular, locally schistose; also commonly as dykes in greenstones",monzogranite,86913.39256008285,,,,,monzogranite,,igneous granitic,
2809,A-SDB-gmfe,Big Bell Suite,Equigranular monzogranite to syenogranite; common magmatic foliation and schlieren layering,"monzogranite,syenogranite",14155.346700290003,,,,,monzogranite,,igneous granitic,
3556,A-SDB-gmp,Big Bell Suite,K-feldspar porphyritic monzogranite; common magmatic foliation,monzogranite,23388.429999852826,,,,,monzogranite,,igneous granitic,
2551,A-SDB-jmg-mgti,Big Bell Suite,Granitic gneiss with rafts of migmatitic tonalite,"gneiss,granitic,tonalite",22915.66899273473,,,,,metagranitic rock,metatonalite,meta-igneous felsic intrusive,meta-igneous felsic intrusive
2529,A-SDB-jmg-mwas,Big Bell Suite,"Metamonzogranite to metatonalite with locally abundant rafts of amphibolite, decametres to hectometres in length; commonly foliated","amphibolite,metamonzogranite,metatonalite",12902.230342251314,,,,,metagranitic rock,amphibolite,meta-igneous felsic intrusive,meta-igneous mafic
3280,A-SDB-mg,Big Bell Suite,Metagranite; commonly foliated; includes granodiorite to monzogranite,"metagranite,granodiorite,monzogranite",98877.3578822295,,,,,metagranitic rock,,meta-igneous felsic intrusive,
3555,A-SDB-mgg,Big Bell Suite,Metagranodiorite; locally schlieric and gneissic; locally strongly sheared,metagranodiorite,38183.97875149549,,,,,metagranodiorite,,meta-igneous felsic intrusive,
306,A-SDB-mgml,Big Bell Suite,Foliated leucocratic metamonzogranite,metamonzogranite,85666.13069979739,,,,,metamonzogranite,,meta-igneous felsic intrusive,
3258,A-SDB-mgmm,Big Bell Suite,Muscovite metamonzogranite; foliated,metamonzogranite,129624.95850203943,,,,,metamonzogranite,,meta-igneous felsic intrusive,
3495,A-SDB-mgmn,Big Bell Suite,Gneissic metamonzogranite,metamonzogranite,85781.26834915917,,,,,metamonzogranite,,meta-igneous felsic intrusive,
3496,A-SDB-mgms,Big Bell Suite,"Medium-grained metamonzogranite, locally porphyritic; schistose to gneissic",metamonzogranite,80682.68882027852,,,,,metamonzogranite,,meta-igneous felsic intrusive,
3564,A-SDB-mgmu,Big Bell Suite,K-feldspar megacrystic biotite metamonzogranite; strongly foliated,metamonzogranite,25500.37678943322,,,,,metamonzogranite,,meta-igneous felsic intrusive,
525,A-SDB-xgmp-gmal,Big Bell Suite,"K-feldspar megacrystic, flow-banded monzogranite intruded by undeformed fine-grained granite with common magmatic foliation","granite,monzogranite",121527.39821137926,,,,,monzogranite,monzogranite,igneous granitic,igneous granitic
683,A-SDY-ad,Yalgowra Suite,"Dunite, with local relict cumulate texture; serpentinized",dunite,205233.3616030574,,,,,dunite (intrusive),,igneous ultramafic intrusive,
291,A-SDY-ap,Yalgowra Suite,"Peridotite, fine to medium grained; serpentinized and locally foliated",peridotite,95141.73282730771,,,,,pyroxene peridotite,,igneous ultramafic intrusive,
3221,A-SDY-ax,Yalgowra Suite,Pyroxenite; medium to coarse grained; weakly metamorphosed,pyroxenite,121422.67372638389,,,,,pyroxenite (intrusive),,igneous ultramafic intrusive,
3226,A-SDY-masr,Yalgowra Suite,Tremolite?chlorite(?talc) schist derived from intrusive peridotite,"peridotite,schist",137058.00109200462,,,,,ultramafic schist derived from intrusive rock,,meta-igneous ultramafic intrusive,
3215,A-SDY-od,Yalgowra Suite,"Dolerite; massive, locally weakly foliated; metamorphosed",dolerite,117352.21439723238,,,,,dolerite,,igneous mafic intrusive,
288,A-SDY-og,Yalgowra Suite,"Gabbro; massive to weakly foliated; local dolerite, quartz gabbro, and gabbronorite; weakly metamorphosed","gabbro,dolerite,gabbro,gabbronorite",95178.50043561778,,,,,gabbro,,igneous mafic intrusive,
3235,A-SDY-ogl,Yalgowra Suite,"Leucogabbro, coarse grained; locally with alternating layers of melanocratic and leucocratic gabbro; massive; weakly metamorphosed","leucogabbro,gabbro",129087.65580443983,,,,,gabbro,,igneous mafic intrusive,
486,A-SDY-ogy,Yalgowra Suite,"Gabbro; fine to medium grained, with compositional layering; weakly metamorphosed",gabbro,183703.16698538087,,,,,gabbro,,igneous mafic intrusive,
3198,A-SDY-oh,Yalgowra Suite,Hornblende gabbro with 4?8 mm grain size; contains up to 30% equant hornblende oikocrysts 6?20 mm in diameter; locally grades into hornblende-bearing melagabbro; metamorphosed,gabbro,131512.65579085576,,,,,hornblende gabbro,,igneous mafic intrusive,
560,A-SDcr-mgg,Crossroads Granodiorite,Metagranodiorite to metamonzogranite; commonly foliated,"metagranodiorite,metamonzogranite",125222.5829255718,,Crossroads Granodiorite,,,metagranodiorite,,meta-igneous felsic intrusive,
3405,A-SDcr-xmgm-gmp,Crossroads Granodiorite,Pegmatite-layered metamonzogranite gneiss,"gneiss,metamonzogranite",176093.4895882116,,Crossroads Granodiorite,,,metamonzogranite,monzogranite,meta-igneous felsic intrusive,igneous granitic
503,A-SDfp-ogl,Fleece Pool Gabbro,Leucogabbro with gabbro and gabbronorite base and harrisitic the top contact; metamorphosed,"gabbro,gabbronorite,leucogabbro",190489.651320281,,Fleece Pool Gabbro,,,gabbro,,igneous mafic intrusive,
1873,A-THdb-mggu,Dromedary Bore Granite,Granodiorite gneiss; locally biotite rich with K-feldspar augen,"gneiss,granodiorite",137179.7154675799,,Dromedary Bore Granite,,,metagranodiorite,,meta-igneous felsic intrusive,
3559,A-THgn-mgg,Gnows Nest Granodiorite,Metamorphosed granodiorite to tonalite with K-feldspar phenocrysts up to 8 mm in 4?6 mm matrix,"granodiorite,tonalite",10166.186581526003,,Gnows Nest Granodiorite,,,metagranodiorite,,meta-igneous felsic intrusive,
2165,A-THgn-mgta,Gnows Nest Granodiorite,Metamorphosed tonalite to granodiorite with hornblende and K-feldspar phenocrysts up to 8 mm in 4?6 mm matrix,"granodiorite,tonalite",43505.53476561569,,Gnows Nest Granodiorite,,,metatonalite,,meta-igneous felsic intrusive,
2426,A-THky-mgti,Kynea Migmatite,Migmatitic gneiss (tonalitic to granodioritic) with monzogranitic leucosomes,gneiss,9425.98700654145,,Kynea Migmatite,,,metatonalite,,meta-igneous felsic intrusive,
380,A-TU-gmal,Tuckanarra Suite,Fine-grained leucocratic monzogranite; massive; magmatic foliation common,monzogranite,110909.98598723256,,,,,monzogranite,,igneous granitic,
3308,A-TU-gmap,Tuckanarra Suite,"Quartz- and feldspar-phyric, fine-grained monzogranite; locally foliated",monzogranite,48598.99402128069,,,,,monzogranite,,igneous granitic,
1538,A-TU-jmggn-mba,Tuckanarra Suite,Gneissose metagranodiorite with abundant rafts of amphibolitic metabasalt; locally strongly sheared,"metabasalt,metagranodiorite",108587.71331518609,,,,,metagranodiorite,amphibolite derived from volcanic rock,meta-igneous felsic intrusive,meta-igneous mafic volcanic
1208,A-TU-mg,Tuckanarra Suite,Metamonzogranite to metagranodiorite; commonly foliated,"metagranodiorite,metamonzogranite",99741.7061020696,,,,,metagranitic rock,,meta-igneous felsic intrusive,
1882,A-TU-mgm,Tuckanarra Suite,"Metamonzogranite; medium to coarse grained, K-feldspar phyric; locally foliated to gneissic",metamonzogranite,116731.1235311019,,,,,metamonzogranite,,meta-igneous felsic intrusive,
303,A-TU-mgml,Tuckanarra Suite,"Medium-grained, leucocratic metamonzogranite; foliated",metamonzogranite,104387.17447375039,,,,,metamonzogranite,,meta-igneous felsic intrusive,
2854,A-TU-mgms,Tuckanarra Suite,Biotite metamonzogranite; strongly foliated,metamonzogranite,63436.648341894266,,,,,metamonzogranite,,meta-igneous felsic intrusive,
3361,A-TU-mgmu,Tuckanarra Suite,K-feldspar megacrystic biotite metamonzogranite; strongly foliated,metamonzogranite,49842.89997778378,,,,,metamonzogranite,,meta-igneous felsic intrusive,
3299,A-TU-mgss,Tuckanarra Suite,Strongly sheared and highly schistose metagranite,metagranite,179619.42881360298,,,,,foliated metagranite,,meta-igneous felsic intrusive,
877,A-TUcu-gmal,Cundimurra Monzogranite,"Fine-grained, leucocratic monzogranite; undeformed; magmatic foliation common",monzogranite,152386.47282420247,,Cundimurra Monzogranite,,,monzogranite,,igneous granitic,
3494,A-TUcu-gmfe,Cundimurra Monzogranite,Equigranular monzogranite to syenogranite; undeformed; magmatic foliation common,"monzogranite,syenogranite",138846.943254286,,Cundimurra Monzogranite,,,monzogranite,,igneous granitic,
1875,A-TUcu-gmfp,Cundimurra Monzogranite,K-feldspar-phyric monzogranite to syenogranite; undeformed; magmatic foliation common,"monzogranite,syenogranite",117632.33563978263,,Cundimurra Monzogranite,,,monzogranite,,igneous granitic,
1666,A-TUcu-mgms,Cundimurra Monzogranite,"Schistose, equigranular metamonzogranite; includes minor schlieric gneiss, sheared quartz veins, and sheared pegmatitic rocks","gneiss,metamonzogranite",102914.26721992952,,Cundimurra Monzogranite,,,metamonzogranite,,meta-igneous felsic intrusive,
3532,A-TUcu-mgmu,Cundimurra Monzogranite,K-feldspar megacrystic biotite metamonzogranite; strongly foliated,metamonzogranite,102566.54676230428,,Cundimurra Monzogranite,,,metamonzogranite,,meta-igneous felsic intrusive,
3491,A-TUcu-mgmy,Cundimurra Monzogranite,Biotite metamonzogranite; mylonitic; commonly with pegmatite veins and other intrusive granitic phases,"metamonzogranite,granitic,pegmatite",132538.97312300195,,Cundimurra Monzogranite,,,metamonzogranite,,meta-igneous felsic intrusive,
1101,A-TUkb-gm,Karbar Monzogranite,"Monzogranite; weak solid-state overprint, generally increasing towards pluton margins; metamorphosed",monzogranite,225092.387457626,,Karbar Monzogranite,,,monzogranite,,igneous granitic,
1071,A-TUmu-gm,Munarra Monzogranite,"Monzogranite, with minor granodiorite, diorite, and microgranite; metamorphosed","monzogranite,granodiorite,microgranite",228161.54454136445,,Munarra Monzogranite,,,monzogranite,,igneous granitic,
1089,A-TUpr-gm,Pirgan Monzogranite,"Monzogranite; weak solid-state overprint, typically increasing towards pluton margins; metamorphosed",monzogranite,217501.31455769003,,Pirgan Monzogranite,,,monzogranite,,igneous granitic,
2917,A-_ou-bd,Mougooderra Formation,"Basaltic andesite, basalt and andesite; massive to weakly foliated; locally pillowed or vesicular; metamorphosed","andesite,andesite,basalt",24611.085385765557,,Mougooderra Formation,,,basaltic andesite,,igneous mafic volcanic,
2555,A-_ou-f,Mougooderra Formation,"Felsic volcanic, volcaniclastic, and sedimentary rocks, undivided; locally schistose; metamorphosed; commonly deeply weathered","volcanic,volcaniclastic",10559.122712020435,,Mougooderra Formation,,,,,igneous felsic volcanic,
3278,A-_ou-mhs,Mougooderra Formation,"Thinly to thickly interbedded metaconglomerate, metasandstone and metasiltstone; locally with andalusite porphyroblasts; commonly schistose","metaconglomerate,metasandstone,metasiltstone",482.3320945780567,,Mougooderra Formation,,,psammitic and pelitic schist; interlayered,,metasedimentary siliciclastic: psammite and pelite; interlayered,
1945,A-_ou-mib,Mougooderra Formation,"Metamorphosed banded iron-formation, banded chert and ferruginous siltstone; locally hematite rich; common tight to isoclinal folds","iron-formation,chert,siltstone",58112.567419894,,Mougooderra Formation,,,meta-banded iron formation,,metasedimentary other chemical: meta-iron formation,
1884,A-_ou-ml,Mougooderra Formation,"Very thin-bedded metasiltstone with lesser metasandstone; andalusite, garnet, cordierite, and orthoamphibole in contact aureoles adjacent to granitic intrusions","metasandstone,metasiltstone,granitic",3113.561215437676,,Mougooderra Formation,,,metasiltstone/metamudstone/metashale,,metasedimentary siliciclastic: pelite,
1941,A-_ou-mxs,Mougooderra Formation,"Polymictic metaconglomerate in lenses interbedded with metasandstone; clasts of banded chert dominant; local fuchsitic, granitic, andesitic, and vein quartz clasts, and boulder breccias; commonly schistose","metaconglomerate,metasandstone,chert,granitic",848.7222439054127,,Mougooderra Formation,,,psephitic schist,,metasedimentary siliciclastic: psephite,
2043,A-_ou-smb,Mougooderra Formation,"Conglomerate, metamorphosed and strongly foliated; locally contains mafic and granitic clasts","conglomerate,granitic,mafic",55399.962889531766,,Mougooderra Formation,,,conglomerate + other siliciclastic rock,,sedimentary siliciclastic,
1885,A-_ou-xmd-mx,Mougooderra Formation,"Interbedded metasandstone, quartzite, polymictic metaconglomerate and minor metasiltstone; heavy mineral laminae; common andalusite and contact metamorphic aureoles; locally strongly sheared, schistose","metasandstone,metaconglomerate,metasiltstone,quartzite",1336.5769474989938,,Mougooderra Formation,,,metasiliciclastic rock,metaconglomerate,metasedimentary siliciclastic,metasedimentary siliciclastic: psephite
3028,A-_ou-xmhs-mib,Mougooderra Formation,"Metasandstone interbedded with polymictic metaconglomerate, metasiltstone and metamorphosed banded iron-formation; minor volcanic units; locally strongly deformed; common andalusite","metaconglomerate,metasandstone,iron-formation,metasiltstone,volcanic",24617.498876219935,,Mougooderra Formation,,,psammitic and pelitic schist; interlayered,meta-banded iron formation,metasedimentary siliciclastic: psammite and pelite; interlayered,metasedimentary other chemical: meta-iron formation
527,A-apu-YYO,Youanmi Terrane greenstones,"Peridotite, coarse grained; massive, locally weakly deformed; metamorphosed",peridotite,133716.91241544945,,,,,pyroxene peridotite,,igneous ultramafic intrusive,
2495,A-ax-YYO,Youanmi Terrane greenstones,Pyroxenite; medium to coarse grained; massive to weakly foliated; metamorphosed,pyroxenite,9452.347223954124,,,,,pyroxenite (intrusive),,igneous ultramafic intrusive,
3533,A-bb-YYO,Youanmi Terrane greenstones,"Basalt, metamorphosed; includes some amphibolite and amphibolitic schist derived from tholeiitic basalt; may contain  some metamorphosed high-Mg basalt, and minor mafic intrusive and volcaniclastic sedimentary rocks","basalt,amphibolite,basalt,basalt,mafic,schist,volcaniclastic",39999.71227225261,,,,,basalt,,igneous mafic volcanic,
2057,A-bbd-YYO,Youanmi Terrane greenstones,Pillowed and spherulitic basalt; metamorphosed,basalt,55432.71336003356,,,,,basalt,,igneous mafic volcanic,
2022,A-bbw-YYO,Youanmi Terrane greenstones,Variolitic basalt; locally basalt and/or pyroxene spinifex-textured basalt; metamorphosed,"basalt,basalt,basalt",41986.76373030279,,,,,basalt,,igneous mafic volcanic,
2494,A-bs-YYO,Youanmi Terrane greenstones,"Komatiitic basalt, commonly with pseudomorphed pyroxene-spinifex texture; metamorphosed and locally schistose; includes weakly metamorphosed tholeiitic basalt and minor mafic and ultramafic intrusive rocks","basalt,basalt,mafic,ultramafic",5229.746879800986,,,,,pyroxene spinifex-textured basalt,,igneous mafic volcanic,
2034,A-cib-YYO,Youanmi Terrane greenstones,Banded iron-formation and ferruginous banded chert; minor jaspilite; metamorphosed,"chert,iron-formation",49444.19356283365,,,,,iron formation,,sedimentary other chemical or biochemical,
1055,A-gmap-Y,Yilgarn Craton granites,"Fine-grained porphyritic monzogranite, as dykes; weakly metamorphosed; locally foliated",monzogranite,197846.28937863742,,,,,monzogranite,,igneous granitic,
1826,A-gn-Y,Yilgarn Craton granites,"Granitic rock, undivided; metamorphosed; includes deeply weathered rock",granitic,135790.66225150845,,,,,granitic rock; undivided,,igneous granitic,
3171,A-gnap-Y,Yilgarn Craton granites,Porphyritic microgranite; metamorphosed; locally schistose; includes deeply weathered rock,microgranite,120028.67703397268,,,,,granitic rock; undivided,,igneous granitic,
2187,A-gvlq-Y,Yilgarn Craton granites,Quartz?plagioclase granophyre; locally strongly foliated; commonly as dykes in greenstones,granophyre,124217.14689740265,,,,,granophyre,,igneous granitic,
1804,A-jmgm-mog-Y,Yilgarn Craton granites,Metamonzogranite with muscovite-rich patches; contains abundant decimetre-sized rafts of amphibolitic metagabbro; locally highly schistose,"metamonzogranite,metagabbro",148193.60704469105,,,,,metamonzogranite,metagabbro,meta-igneous felsic intrusive,meta-igneous mafic intrusive
3026,A-ma-YYO,Youanmi Terrane greenstones,Meta-ultramafic intrusive rock; locally abundant serpentinite,"ultramafic,serpentinite",36230.200325578015,,,,,meta-ultramafic intrusive rock,,meta-igneous ultramafic intrusive,
1943,A-maps-YYO,Youanmi Terrane greenstones,Chlorite?tremolite(?talc) schist derived from peridotite,"peridotite,schist",110.21560625300086,,,,,metaperidotite derived from intrusive rock,,meta-igneous ultramafic intrusive,
2046,A-mba-YYO,Youanmi Terrane greenstones,Amphibolite derived from mafic volcanic rocks; fine to medium grained; typically foliated,"amphibolite,mafic,volcanic",50028.483704661056,,,,,amphibolite derived from volcanic rock,,meta-igneous mafic volcanic,
2936,A-mbb-YYO,Youanmi Terrane greenstones,"Metabasalt, locally amygdaloidal; massive to foliated; includes minor metadolerite and subordinate metamorphosed pyroxene spinifex-textured basalt","metabasalt,basalt,metadolerite",61637.73156072866,,,,,metabasalt,,meta-igneous mafic volcanic,
822,A-mbbs-YYO,Youanmi Terrane greenstones,Fine-grained schist derived from basalt; includes amphibole?chlorite assemblages; local metagabbro and ultramafic schist,"basalt,schist,metagabbro,schist,ultramafic",194967.30379094015,,,,,metabasalt,,meta-igneous mafic volcanic,
452,A-mbm-YYO,Youanmi Terrane greenstones,"Metamorphosed komatiitic basalt, common acicular texture; includes minor metabasalt and tremolite?chlorite(?talc) schist","basalt,metabasalt,schist",276009.849426957,,,,,metakomatiitic basalt,,meta-igneous mafic volcanic,
2435,A-mbs-YYO,Youanmi Terrane greenstones,Mafic schist derived from fine-grained mafic rocks,"mafic,mafic,schist",1224.9200604194816,,,,,mafic schist derived from volcanic rock,,meta-igneous mafic volcanic,
3392,A-mfas-YYO,Youanmi Terrane greenstones,"Meta-andesite; massive to fragmental, locally porphyritic; commonly strongly deformed",andesite,176511.8391372826,,,,,meta-andesite,,meta-igneous felsic volcanic,
323,A-mfs-YYO,Youanmi Terrane greenstones,Quartzofeldspathic foliated metamorphic rock derived from felsic volcanic or volcaniclastic protolith; typically deeply weathered,"volcanic,volcaniclastic",124318.98960517204,,,,,felsic schist derived from volcanic rock,,meta-igneous felsic volcanic,
2967,A-mgms-Y,Yilgarn Craton granites,"Foliated biotite metamonzogranite; minor metagranodiorite, metasyenogranite, and metapegmatite; fine to coarse grained; locally gneissic","metamonzogranite,metagranodiorite,metapegmatite,metasyenogranite",61562.367082676945,,,,,metamonzogranite,,meta-igneous felsic intrusive,
3450,A-mgpm-Y,Yilgarn Craton granites,Muscovite-bearing pegmatitic metagranite; locally strongly sheared with a well developed muscovite fabric,metagranite,163888.35462038705,,,,,metapegmatite,,meta-igneous felsic intrusive,
3544,A-mhs-YYO,Youanmi Terrane greenstones,Interlayered psammite and pelite; schistose,"pelite,psammite",0.0,,,,,psammitic and pelitic schist; interlayered,,metasedimentary siliciclastic: psammite and pelite; interlayered,
455,A-mi-YYO,Youanmi Terrane greenstones,Metamorphosed iron-formation; massive to weakly layered; fine to medium grained; locally magnetic; minor metamorphosed banded iron-formation and banded chert; local jaspilite,"iron-formation,chert,iron-formation",276922.05938318005,,,,,meta-iron formation,,metasedimentary other chemical: meta-iron formation,
1919,A-mib-YYO,Youanmi Terrane greenstones,Metamorphosed banded iron-formation and minor banded chert,"chert,iron-formation",8740.176848933772,,,,,meta-banded iron formation,,metasedimentary other chemical: meta-iron formation,
2065,A-mls-YYO,Youanmi Terrane greenstones,Pelite; dominantly metashale and metasiltstone; local andalusite and/or cordierite porphyroblasts,"pelite,metashale,metasiltstone",56975.199826060525,,,,,pelitic schist,,metasedimentary siliciclastic: pelite,
3194,A-moa-YYO,Youanmi Terrane greenstones,"Amphibolite; medium to coarse grained, derived from dolerite and gabbro","amphibolite,dolerite,gabbro",137288.66162006333,,,,,amphibolite derived from intrusive rock,,meta-igneous mafic intrusive,
2178,A-mods-YYO,Youanmi Terrane greenstones,Metadolerite; schistose; locally amphibolitic,metadolerite,283.28969269296056,,,,,metadolerite,,meta-igneous mafic intrusive,
3272,A-mog-YYO,Youanmi Terrane greenstones,Metagabbro; typically chlorite- and/or amphibole-rich with local preservation of relict igneous texture; includes minor metapyroxenite and metabasalt; locally strongly sheared,"metagabbro,metabasalt,metapyroxenite",74549.44820861446,,,,,metagabbro,,meta-igneous mafic intrusive,
2237,A-mogs-YYO,Youanmi Terrane greenstones,Strongly foliated metagabbro,metagabbro,7671.108532826107,,,,,metagabbro,,meta-igneous mafic intrusive,
396,A-msqm-YYO,Youanmi Terrane greenstones,"Strongly foliated quartz?mica schist, commonly as discontinuous septa within granites",schist,190989.87026035573,,,,,quartz-mica schist,,metamorphic protolith unknown: schist,
458,A-muk-YYO,Youanmi Terrane greenstones,"Metakomatiite, with relict olivine spinifex texture",metakomatiite,276340.47864919336,,,,,metakomatiite,,meta-igneous ultramafic volcanic or undivided,
2915,A-mus-YYO,Youanmi Terrane greenstones,"Ultramafic schist; includes talc?tremolite?chlorite schist, and minor serpentinite and mafic schist","schist,ultramafic,mafic,schist,schist,serpentinite",54192.70668244726,,,,,ultramafic schist; volcanic or undivided,,meta-igneous ultramafic volcanic or undivided,
1895,A-musr-YYO,Youanmi Terrane greenstones,"Tremolite?chlorite(?talc) schist; includes minor metamorphosed komatiitic basalt, metapyroxenite, and cumulate-textured zones","schist,basalt,metapyroxenite",63421.41393408355,,,,,ultramafic schist; volcanic or undivided,,meta-igneous ultramafic volcanic or undivided,
3023,A-mwa-YYO,Youanmi Terrane greenstones,Amphibolite derived from mafic volcanic and intrusive rocks; locally schistose; may include metamorphosed banded iron-formation,"amphibolite,mafic,volcanic,iron-formation",34766.82181556577,,,,,amphibolite,,meta-igneous mafic,
2288,A-mwas-YYO,Youanmi Terrane greenstones,Strongly foliated amphibolite and amphibolite schist; fine to medium grained; commonly lineated,"amphibolite,amphibolite,schist",2303.027608756528,,,,,amphibolite,,meta-igneous mafic,
336,A-od-YYO,Youanmi Terrane greenstones,Dolerite; minor basalt or gabbro; metamorphosed,"dolerite,basalt,gabbro",125680.05758478171,,,,,dolerite,,igneous mafic intrusive,
2115,A-og-YYO,Youanmi Terrane greenstones,Gabbro; minor pyroxenite or quartz gabbro; metamorphosed,"gabbro,gabbro,pyroxenite",85256.42568658841,,,,,gabbro,,igneous mafic intrusive,
941,A-ogd-YYO,Youanmi Terrane greenstones,"Pegmatoidal gabbro; coarse grained, massive; commonly strongly deformed; locally contains dolerite and quartz gabbro; metamorphosed","gabbro,dolerite,gabbro",144468.0574016662,,,,,gabbro,,igneous mafic intrusive,
3273,A-oml-YYO,Youanmi Terrane greenstones,"Leucogabbronorite grading into gabbronorite, anorthosite, and leuconorite; locally showing very coarse-grained ophitic texture; metamorphosed","gabbronorite,leucogabbronorite,anorthosite,leuconorite",86045.53558578291,,,,,gabbronorite,,igneous mafic intrusive,
2167,A-up-YYO,Youanmi Terrane greenstones,"Peridotite, metamorphosed; commonly serpentinized",peridotite,39980.9980181714,,,,,peridotite,,igneous ultramafic volcanic,
3422,A-xb-f-YYO,Youanmi Terrane greenstones,"Basalt, felsic volcanic rocks, banded iron-formation and clastic sedimentary rocks, and ultramafic rocks; includes layered mafic?ultramafic intrusions; variably metamorphosed","basalt,iron-formation,mafic?ultramafic,ultramafic,volcanic",235747.0237966483,,,,,,,igneous mafic volcanic,igneous felsic volcanic
2168,A-xfa-bb-YYO,Youanmi Terrane greenstones,"Andesite, basaltic andesite, and basalt; massive to weakly deformed; metamorphosed","andesite,andesite,basalt",45855.92444089484,,,,,andesite,basalt,igneous felsic volcanic,igneous mafic volcanic
3502,A-xmbm-musr-YYO,Youanmi Terrane greenstones,Metamorphosed komatiitic basalt and tremolite?chlorite(?talc) schist; includes minor metakomatiite and metabasalt,"basalt,schist,metabasalt,metakomatiite",124125.9924037202,,,,,metakomatiitic basalt,ultramafic schist; volcanic or undivided,meta-igneous mafic volcanic,meta-igneous ultramafic volcanic or undivided
1163,A-xmbs-g-YYO,Youanmi Terrane greenstones,Foliated metamorphosed mafic rock and local amphibolite interleaved with minor massive to weakly foliated granitic rock,"amphibolite,granitic,mafic",196902.6785891066,,,,,mafic schist derived from volcanic rock,,meta-igneous mafic volcanic,igneous granitic
2169,A-xmus-mg-YYO,Youanmi Terrane greenstones,Ultramafic schist interleaved with metagranite,"metagranite,schist,ultramafic",72374.68695512165,,,,,ultramafic schist; volcanic or undivided,metagranitic rock,meta-igneous ultramafic volcanic or undivided,meta-igneous felsic intrusive
1093,A-xmusr-mba-YYO,Youanmi Terrane greenstones,Tremolite?chlorite(?talc) schist and fine-grained amphibolite,"amphibolite,schist",196462.88827606774,,,,,ultramafic schist; volcanic or undivided,amphibolite derived from volcanic rock,meta-igneous ultramafic volcanic or undivided,meta-igneous mafic volcanic
2287,A-xod-og-YYO,Youanmi Terrane greenstones,Massive dolerite interleaved with minor gabbro; metamorphosed,"dolerite,gabbro",2682.4752114115436,,,,,dolerite,gabbro,igneous mafic intrusive,igneous mafic intrusive
3536,A-xs-bb-YYO,Youanmi Terrane greenstones,"Sedimentary and basaltic rocks, with minor chert and banded iron-formation; metamorphosed; commonly deeply weathered","chert,iron-formation",44172.08639957972,,,,,,basalt,sedimentary siliciclastic,igneous mafic volcanic
2170,A-xs-f-YYO,Youanmi Terrane greenstones,"Sedimentary rock and felsic rock, with minor chert; commonly deeply weathered","sedimentary-rock,chert",49057.62146248559,,,,,,,sedimentary siliciclastic,igneous felsic volcanic
3191,P_-WK-gi,Warakurna Supersuite,Diorite to minor syenogranite in dykes and sills,syenogranite,127154.51521797807,,,,,diorite,,igneous granitic,
483,P_-_bl-gv,Barlangi Granophyre,"Fine- to medium-grained, pink granophyric monzogranite; undeformed; local xenoliths of partly melted coarse-grained granite","granite,monzogranite",264064.08218420553,,Barlangi Granophyre,,,granophyre,,igneous granitic,
