,CODE,UNITNAME,DESCRIPTN,lithos,distance,GROUP_,FORMATION,MEMBER,BED,LITHNAME1,LITHNAME2,ROCKTYPE1,ROCKTYPE2
844,A-AN-gmap,Annean Supersuite,"Fine-grained monzogranite, commonly as dykes in greenstones; quartz(?feldspar)-porphyritic to locally equigranular; locally schistose",monzogranite,221197.21328189544,,,,,monzogranite,,igneous granitic,
1697,A-AN-jmod-mib,Annean Supersuite,Metadolerite typically with large (up to 100 m) inclusions of metamorphosed banded iron-formation; locally strongly sheared and recrystallized,"iron-formation,metadolerite",203764.32657660142,,,,,metadolerite,meta-banded iron formation,meta-igneous mafic intrusive,metasedimentary other chemical: meta-iron formation
446,A-AN-mggs,Annean Supersuite,Biotite metagranodiorite; strongly foliated; commonly with pegmatite and leucogranite veins,"metagranodiorite,leucogranite,pegmatite",209150.09257321784,,,,,metagranodiorite,,meta-igneous felsic intrusive,
665,A-AN-mgn,Annean Supersuite,Medium-grained granitic gneiss; locally muscovite-bearing; strongly foliated,"gneiss,granitic",213340.70270775564,,,,,granitic gneiss,,meta-igneous felsic intrusive,
339,A-AN-mgtn,Annean Supersuite,Fine-grained biotite tonalite gneiss; includes crosscutting younger phases and pegmatites,"gneiss,tonalite",147351.42236918988,,,,,metatonalite,,meta-igneous felsic intrusive,
1608,A-AN-od,Annean Supersuite,"Dolerite grading into metadolerite, locally schistose; metamorphosed","dolerite,metadolerite",127904.83241028863,,,,,dolerite,,igneous mafic intrusive,
492,A-ANC-mg,Cullculli Suite,"Metatonalite, metagranodiorite, and metatrondhjemite; typically hornblende bearing, and with common mafic clots","metatonalite,mafic,metagranodiorite,metatrondhjemite",211069.10085952457,,,,,metagranitic rock,,meta-igneous felsic intrusive,
3609,A-ANC-mgga,Cullculli Suite,Hornblende-bearing metagranodiorite with minor metatonalite; contains scattered small mafic xenoliths,"metagranodiorite,metatonalite,mafic",155701.38897362928,,,,,metagranodiorite,,meta-igneous felsic intrusive,
485,A-ANC-mgta,Cullculli Suite,"Metatonalite with hornblende phenocrysts and common, small, elliptical mafic xenoliths","metatonalite,mafic",218965.64222299404,,,,,metatonalite,,meta-igneous felsic intrusive,
1641,A-ANK-gg,Mount Kenneth Suite,"Granodiorite, typically with sparsely distributed biotite schlieren; locally with rafts of amphibolite; metamorphosed","granodiorite,amphibolite",212061.89873026934,,,,,granodiorite,,igneous granitic,
1017,A-ANK-gt,Mount Kenneth Suite,"Tonalite, typically with plagioclase and hornblende phenocrysts; locally sheared; includes rafts of amphibolite; metamorphosed","tonalite,amphibolite",214419.38990252867,,,,,tonalite,,igneous granitic,
3435,A-ANK-jmg-md,Mount Kenneth Suite,"Metagranitic rock, locally sheared with abundant rafts and lenses of sheared quartzite, psammite, and pelite","metagranitic,pelite,psammite,quartzite",148803.58856652695,,,,,metagranitic rock,metasiliciclastic rock,meta-igneous felsic intrusive,metasedimentary siliciclastic
1540,A-ANK-jmgg-mog,Mount Kenneth Suite,Metagranodiorite to metamonzogranite with muscovite-rich patches; abundant decimetre-sized rafts of metagabbro; locally strongly schistose,"metagranodiorite,metamonzogranite,metagabbro",129573.68034085778,,,,,metagranodiorite,metagabbro,meta-igneous felsic intrusive,meta-igneous mafic intrusive
1511,A-ANK-jmggn-mus,Mount Kenneth Suite,Gneissose metagranodiorite with abundant rafts of ultramafic schist; locally strongly sheared,"metagranodiorite,schist,ultramafic",126958.3209979034,,,,,metagranodiorite,ultramafic schist; volcanic or undivided,meta-igneous felsic intrusive,meta-igneous ultramafic volcanic or undivided
3463,A-ANK-mg,Mount Kenneth Suite,"Metagranitic rock, locally sheared; includes deeply weathered rocks",metagranitic,127474.20094894715,,,,,metagranitic rock,,meta-igneous felsic intrusive,
1374,A-ANK-mgg,Mount Kenneth Suite,"Metagranodiorite, typically with sparse biotite schlieren; locally with rafts of amphibolite derived from intrusive rocks","metagranodiorite,amphibolite",173983.91017168626,,,,,metagranodiorite,,meta-igneous felsic intrusive,
3292,A-ANK-mgs,Mount Kenneth Suite,"Schistose metagranitic rock, locally strongly sheared; includes deeply weathered rocks",metagranitic,151740.73741231978,,,,,granitic schist,,meta-igneous felsic intrusive,
1525,A-ANK-mgta,Mount Kenneth Suite,Amphibole-rich metatonalite; locally sheared,metatonalite,128742.39484897343,,,,,metatonalite,,meta-igneous felsic intrusive,
1988,A-ANR-jmg-mwa,Rothsay Suite,Heterogeneous metagranite with abundant rafts of amphibolite; commonly with abundant pegmatite,"amphibolite,metagranite,pegmatite",86730.84800256792,,,,,metagranitic rock,amphibolite,meta-igneous felsic intrusive,meta-igneous mafic
1984,A-ANR-mgg,Rothsay Suite,"Porphyritic to equigranular, medium- to coarse-grained metagranodiorite; magmatic foliation, in places with moderate solid-state overprint",metagranodiorite,87836.36673908087,,,,,metagranodiorite,,meta-igneous felsic intrusive,
1987,A-ANR-mgms,Rothsay Suite,"Foliated biotite metamonzogranite, with local K-feldspar phenocrysts; common pegmatite veins","metamonzogranite,pegmatite",85523.7081314692,,,,,metamonzogranite,,meta-igneous felsic intrusive,
1927,A-ANW-ap,Warriedar Suite,Peridotite; relict cumulate textures preserved locally; minor pyroxenite; metamorphosed; typically serpentinized,"peridotite,pyroxenite",21248.550551265114,,,,,pyroxene peridotite,,igneous ultramafic intrusive,
2176,A-ANW-ax,Warriedar Suite,Pyroxenite; relict cumulate textures preserved locally; minor peridotite; metamorphosed; typically serpentinized,"pyroxenite,peridotite",22060.773401292205,,,,,pyroxenite (intrusive),,igneous ultramafic intrusive,
3277,A-ANW-masr,Warriedar Suite,Ultramafic talc?tremolite?serpentine?magnetite schist; locally strongly sheared,"schist,ultramafic",21100.82930001238,,,,,ultramafic schist derived from intrusive rock,,meta-igneous ultramafic intrusive,
3276,A-ANW-mat,Warriedar Suite,Serpentinite derived from intrusive rocks; locally strongly sheared and talc rich,serpentinite,21124.761343603106,,,,,serpentinite derived from intrusive rock,,meta-igneous ultramafic intrusive,
3009,A-ANW-mog,Warriedar Suite,"Metagabbro; locally with layers of metaleucogabbro, metagabbronorite, metadolerite and minor metapyroxenite; includes amphibole-porphyroblastic metagabbro and metadolerite; typically weakly schistose","metagabbro,metadolerite,metadolerite,metagabbro,metagabbronorite,metaleucogabbro,metapyroxenite",31831.036494299526,,,,,metagabbro,,meta-igneous mafic intrusive,
2968,A-ANW-mogs,Warriedar Suite,Gabbroic schist; plagioclase?epidote?actinolite?chlorite±hornblende assemblage,schist,39747.95751150743,,,,,metagabbro,,meta-igneous mafic intrusive,
2823,A-ANW-od,Warriedar Suite,Dolerite; metamorphosed,dolerite,21101.92270926696,,,,,dolerite,,igneous mafic intrusive,
1928,A-ANW-og,Warriedar Suite,"Gabbro; locally includes layers of leucogabbro, gabbronorite, dolerite, minor pyroxenite and pegmatitic gabbro; metamorphosed","gabbro,dolerite,gabbro,gabbronorite,leucogabbro,pyroxenite",21421.412126228577,,,,,gabbro,,igneous mafic intrusive,
2881,A-ANW-xax-og,Warriedar Suite,"Basal pyroxenite to pyroxene peridotite, typically showing cumulate textures; gabbro?leucogabbro in central to upper parts, locally layered and with doleritic or granophyric top contacts; metamorphosed","peridotite,pyroxenite,gabbro?leucogabbro",22143.017944583433,,,,,pyroxenite (intrusive),gabbro,igneous ultramafic intrusive,igneous mafic intrusive
1901,A-ANW-xog-od,Warriedar Suite,Interlayered gabbro and dolerite; metamorphosed,"dolerite,gabbro",21290.823607093735,,,,,gabbro,dolerite,igneous mafic intrusive,igneous mafic intrusive
3474,A-ANco-mgti,Courin Granodiorite,Migmatitic metatonalite with stromatic mesosomes of metatonalite and leucosomes of metamonzogranite; rare melanosomes of biotite metadiorite,"metamonzogranite,metatonalite,metatonalite,metadiorite",122691.02881163057,,Courin Granodiorite,,,metatonalite,,meta-igneous felsic intrusive,
3485,A-ANco-xmgmn-mggs,Courin Granodiorite,Interlayered monzogranitic augen gneiss and granodiorite schist on a metre-scale; locally lineated,"gneiss,granodiorite,schist",115632.05387562916,,Courin Granodiorite,,,metamonzogranite,metagranodiorite,meta-igneous felsic intrusive,meta-igneous felsic intrusive
662,A-ANct-gtl,Cue Tonalite,Leucocratic tonalite; medium to coarse grained; metamorphosed,tonalite,220710.05752386458,,Cue Tonalite,,,tonalite,,igneous granitic,
2174,A-ANed-mog,Edamurta Gabbro,"Metagabbro, typically deformed with greenschist to amphibolite facies assemblages; locally with relict igneous texture; locally garnet-bearing","metagabbro,amphibolite",72711.63210713145,,Edamurta Gabbro,,,metagabbro,,meta-igneous mafic intrusive,
2106,A-ANed-oad,Edamurta Gabbro,Anorthosite to leucogabbro with distinctive euhedral plagioclase megacrysts up to 20 mm long; metamorphosed,"anorthosite,leucogabbro",72691.50803874356,,Edamurta Gabbro,,,anorthosite,,igneous mafic intrusive,
2817,A-ANff-aph,Fields Find Igneous Complex,Hornblende-bearing pyroxene peridotite; relict olivine cumulate texture (~3 mm grain size) with interstitial pyroxene and oikocrystic hornblende up to 20 mm; typically moderately serpentinized; metamorphosed,peridotite,45582.91282336114,,Fields Find Igneous Complex,,,harzburgite,,igneous ultramafic intrusive,
3589,A-ANff-ax,Fields Find Igneous Complex,Pyroxenite with mesocumulate to adcumulate texture (4?8 mm grain size); locally with minor peridotite and gabbro; locally hornblende bearing; metamorphosed,"pyroxenite,gabbro,peridotite",40793.047761606074,,Fields Find Igneous Complex,,,pyroxenite (intrusive),,igneous ultramafic intrusive,
2455,A-ANff-od,Fields Find Igneous Complex,Dolerite with subophitic texture; local gabbro; metamorphosed,"dolerite,gabbro",39368.36497489725,,Fields Find Igneous Complex,,,dolerite,,igneous mafic intrusive,
2886,A-ANff-og,Fields Find Igneous Complex,"Gabbro with ophitic texture and 5?12 mm grain size, typically with decametre-scale igneous layering; local gabbronorite with cumulate orthopyroxene crystals; local hornblende gabbro","gabbro,gabbro,gabbronorite",37724.881792853404,,Fields Find Igneous Complex,,,gabbro,,igneous mafic intrusive,
2994,A-ANff-xaxh-apx,Fields Find Igneous Complex,"Interlayered pyroxenite and peridotite, locally with hornblende or pyroxene oikocrysts; commonly serpentinized or tremolite rich; metamorphosed","peridotite,pyroxenite",39931.14577557098,,Fields Find Igneous Complex,,,pyroxenite (intrusive),pyroxene peridotite,igneous ultramafic intrusive,igneous ultramafic intrusive
3545,A-ANgo-gme,Goonetarra Granodiorite,"Equigranular monzogranite to syenogranite; undeformed, locally with magmatic foliation","monzogranite,syenogranite",31436.257797127695,,Goonetarra Granodiorite,,,monzogranite,,igneous granitic,
3534,A-ANgo-gmp,Goonetarra Granodiorite,K-feldspar-porphyritic to megacrystic monzogranite;  common magmatic foliation,monzogranite,19001.07534296892,,Goonetarra Granodiorite,,,monzogranite,,igneous granitic,
3535,A-ANgo-jgmfe-mgtn,Goonetarra Granodiorite,Equigranular monzogranite to syenogranite; common magmatic foliation; commonly contains rafts of migmatitic tonalite,"monzogranite,syenogranite,tonalite",40455.98147504411,,Goonetarra Granodiorite,,,monzogranite,metatonalite,igneous granitic,meta-igneous felsic intrusive
3484,A-ANgo-jmgmu-mgtn,Goonetarra Granodiorite,K-feldspar megacrystic biotite metamonzogranite with layered tonalite gneiss xenoliths,"gneiss,metamonzogranite,tonalite",78713.08404573728,,Goonetarra Granodiorite,,,metamonzogranite,metatonalite,meta-igneous felsic intrusive,meta-igneous felsic intrusive
2289,A-ANgo-mgms,Goonetarra Granodiorite,"Foliated biotite metamonzogranite, with local K-feldspar phenocrysts",metamonzogranite,38166.98809489031,,Goonetarra Granodiorite,,,metamonzogranite,,meta-igneous felsic intrusive,
2436,A-ANgo-mgmu,Goonetarra Granodiorite,K-feldspar megacrystic biotite metamonzogranite; commonly strongly foliated,metamonzogranite,19271.13986942958,,Goonetarra Granodiorite,,,metamonzogranite,,meta-igneous felsic intrusive,
2255,A-ANgo-mgtn,Goonetarra Granodiorite,Layered biotite tonalite gneiss; includes crosscutting younger phases and pegmatites,"gneiss,tonalite",55242.46839592511,,Goonetarra Granodiorite,,,metatonalite,,meta-igneous felsic intrusive,
2920,A-ANmu-mgtb,Mulgine Granite,Metatonalite with ubiquitous biotite; typically foliated and lineated,metatonalite,23805.43971568392,,Mulgine Granite,,,metatonalite,,meta-igneous felsic intrusive,
3439,A-ANna-jmog-md,Narndee Igneous Complex,"Metagabbro with relict hornblende oikocrysts; abundant rafts of recrystallized psammite, pelite and quartzite; locally strongly sheared at lithological contacts","metagabbro,pelite,psammite,quartzite",133190.84922899317,,Narndee Igneous Complex,,,metagabbro,metasiliciclastic rock,meta-igneous mafic intrusive,metasedimentary siliciclastic
1516,A-ANna-mat,Narndee Igneous Complex,"Serpentinite, fine grained; strongly sheared; rare igneous textures preserved",serpentinite,130162.65308810365,,Narndee Igneous Complex,,,serpentinite derived from intrusive rock,,meta-igneous ultramafic intrusive,
1515,A-ANna-mog,Narndee Igneous Complex,Metagabbro with amphibole pseudomorphs after pyroxene; relict igneous texture typically preserved; locally strongly sheared,metagabbro,130134.79235783502,,Narndee Igneous Complex,,,metagabbro,,meta-igneous mafic intrusive,
1236,A-ANna-od,Narndee Igneous Complex,Dolerite; locally grades into hornblende gabbro; metamorphosed,"dolerite,gabbro",156755.19914908623,,Narndee Igneous Complex,,,dolerite,,igneous mafic intrusive,
2900,A-ANni-ax,Ninghan Gabbro,"Pyroxenite, olivine pyroxenite and lesser gabbro with 5?20 mm grain size; metamorphosed","pyroxenite,gabbro,pyroxenite",50966.288138293945,,Ninghan Gabbro,,,pyroxenite (intrusive),,igneous ultramafic intrusive,
2901,A-ANni-mat,Ninghan Gabbro,Serpentinized peritotite and dunite with relict olivine crystals 4?6 mm across,dunite,50131.81217203004,,Ninghan Gabbro,,,serpentinite derived from intrusive rock,,meta-igneous ultramafic intrusive,
2972,A-ANni-od,Ninghan Gabbro,Dolerite sills; commonly with columnar jointing; metamorphosed,dolerite,50011.526537287944,,Ninghan Gabbro,,,dolerite,,igneous mafic intrusive,
2903,A-ANni-og,Ninghan Gabbro,"Gabbro, gabbronorite and dolerite; pegmatitic leucogabbro in top contact zones of sills, and pyroxenite and minor peridotite at the base; metamorphosed","gabbro,dolerite,gabbronorite,leucogabbro,peridotite,pyroxenite",50172.70997381533,,Ninghan Gabbro,,,gabbro,,igneous mafic intrusive,
1839,A-ANnl-ax,"Narndee Igneous Complex, lower zone",Coarse pyroxenite with minor gabbronorite; local interstitial hornblende; metamorphosed,"gabbronorite,pyroxenite",132342.8049198108,,Narndee Igneous Complex,"Narndee Igneous Complex, lower zone",,pyroxenite (intrusive),,igneous ultramafic intrusive,
2328,A-ANnl-mat,"Narndee Igneous Complex, lower zone","Serpentinite, fine grained; strongly sheared; rare igneous textures preserved",serpentinite,131780.9772704862,,Narndee Igneous Complex,"Narndee Igneous Complex, lower zone",,serpentinite derived from intrusive rock,,meta-igneous ultramafic intrusive,
3524,A-ANnl-moma,"Narndee Igneous Complex, lower zone",Metagabbronorite with amphibole pseudomorphs after pyroxene; local primary amphibole oikocrysts,metagabbronorite,131432.90148130592,,Narndee Igneous Complex,"Narndee Igneous Complex, lower zone",,metagabbronorite,,meta-igneous mafic intrusive,
3530,A-ANnl-om,"Narndee Igneous Complex, lower zone",Gabbronorite; locally grades into leucogabbronorite and pyroxene-rich gabbronorite layers with minor interstitial hornblende; metamorphosed,"gabbronorite,gabbronorite,leucogabbronorite",131927.392369709,,Narndee Igneous Complex,"Narndee Igneous Complex, lower zone",,gabbronorite,,igneous mafic intrusive,
3522,A-ANnl-omh,"Narndee Igneous Complex, lower zone",Hornblende gabbronorite with 5?10 mm grain size and hornblende oikocrysts 8?15 mm in diameter; locally grades into gabbronorite and hornblende gabbro; metamorphosed,"gabbronorite,gabbro,gabbronorite",131984.67686698155,,Narndee Igneous Complex,"Narndee Igneous Complex, lower zone",,gabbronorite,,igneous mafic intrusive,
1595,A-ANnl-ot,"Narndee Igneous Complex, lower zone",Troctolite; locally grades into olivine gabbronorite and leucotroctolite with minor hornblende oikocrysts; metamorphosed,"troctolite,gabbronorite,leucotroctolite",151806.6915692025,,Narndee Igneous Complex,"Narndee Igneous Complex, lower zone",,troctolite,,igneous mafic intrusive,
1217,A-ANnl-xmat-om,"Narndee Igneous Complex, lower zone","Megacycles of serpentinite grading into pyroxenite, gabbronorite, and anorthosite; typically with hornblende oikocrystic units; metamorphosed","pyroxenite,serpentinite,anorthosite,gabbronorite",131938.8072986466,,Narndee Igneous Complex,"Narndee Igneous Complex, lower zone",,serpentinite derived from intrusive rock,gabbronorite,meta-igneous ultramafic intrusive,igneous mafic intrusive
1227,A-ANnm-ax,"Narndee Igneous Complex, middle zone",Coarse pyroxenite with minor gabbronorite; local hornblende; metamorphosed,"gabbronorite,pyroxenite",135251.25562571804,,Narndee Igneous Complex,"Narndee Igneous Complex, middle zone",,pyroxenite (intrusive),,igneous ultramafic intrusive,
1248,A-ANnm-mat,"Narndee Igneous Complex, middle zone","Serpentinite, fine grained; strongly sheared; rare igneous textures preserved",serpentinite,134322.05831088955,,Narndee Igneous Complex,"Narndee Igneous Complex, middle zone",,serpentinite derived from intrusive rock,,meta-igneous ultramafic intrusive,
1704,A-ANnm-mog,"Narndee Igneous Complex, middle zone",Metagabbro with amphibole pseudomorphs after pyroxene,metagabbro,139028.24159921744,,Narndee Igneous Complex,"Narndee Igneous Complex, middle zone",,metagabbro,,meta-igneous mafic intrusive,
3521,A-ANnm-oh,"Narndee Igneous Complex, middle zone","Hornblende gabbro with 4?8 mm grain size and hornblende oikocrysts 8?25 mm in diameter; locally grades into hornblende-bearing gabbronorite, leucogabbro, and gabbronorite; metamorphosed","gabbro,gabbronorite,gabbronorite,leucogabbro",134671.63532289866,,Narndee Igneous Complex,"Narndee Igneous Complex, middle zone",,hornblende gabbro,,igneous mafic intrusive,
2324,A-ANnm-om,"Narndee Igneous Complex, middle zone",Gabbronorite; locally grades into leucogabbronorite and pyroxene-rich gabbronorite layers with minor interstitial hornblende; metamorphosed,"gabbronorite,gabbronorite,leucogabbronorite",134417.38633837667,,Narndee Igneous Complex,"Narndee Igneous Complex, middle zone",,gabbronorite,,igneous mafic intrusive,
3295,A-ANnm-oml,"Narndee Igneous Complex, middle zone",Leucogabbronorite with minor interstitial hornblende; locally grades into layers of gabbronorite; dominantly as intrusive sheets with chilled margins; metamorphosed,"leucogabbronorite,gabbronorite",131879.41903619692,,Narndee Igneous Complex,"Narndee Igneous Complex, middle zone",,gabbronorite,,igneous mafic intrusive,
1808,A-ANnm-ot,"Narndee Igneous Complex, middle zone",Troctolite; locally grades into gabbronorite and leucogabbronorite with minor hornblende oikocrysts; metamorphosed,"troctolite,gabbronorite,leucogabbronorite",136739.0153748314,,Narndee Igneous Complex,"Narndee Igneous Complex, middle zone",,troctolite,,igneous mafic intrusive,
1442,A-ANnm-xom-mat,"Narndee Igneous Complex, middle zone","Megacycles of serpentinite grading into pyroxenite, gabbronorite, and anorthosite; typically with hornblende-oikocrystic units; gabbroic rocks dominant; metamorphosed","pyroxenite,serpentinite,anorthosite,gabbronorite",133828.21201636852,,Narndee Igneous Complex,"Narndee Igneous Complex, middle zone",,gabbronorite,serpentinite derived from intrusive rock,igneous mafic intrusive,meta-igneous ultramafic intrusive
2231,A-ANno-ma,Noongal Gabbro,Metapyroxenite and lesser metaperidotite; includes serpentinite and ultramafic schist; tremolite?talc?magnetite?chlorite metamorphic assemblages common,"metaperidotite,metapyroxenite,schist,serpentinite,ultramafic",109171.5889286018,,Noongal Gabbro,,,meta-ultramafic intrusive rock,,meta-igneous ultramafic intrusive,
1955,A-ANno-mapx,Noongal Gabbro,"Pyroxene-rich metaperidotite, locally with well-developed clinopyroxene cumulate texture; locally sheared and serpentinized",metaperidotite,109558.34967162985,,Noongal Gabbro,,,metaperidotite derived from intrusive rock,,meta-igneous ultramafic intrusive,
2443,A-ANno-mod,Noongal Gabbro,"Metadolerite with lesser metagabbro, locally hornblende rich; includes less-recrystallized dolerite and pyroxene-rich varieties; locally moderately sheared","metadolerite,metagabbro,dolerite",99925.69784539167,,Noongal Gabbro,,,metadolerite,,meta-igneous mafic intrusive,
1957,A-ANno-mog,Noongal Gabbro,Metagabbro; locally with hornblende (probably obsolete),metagabbro,106286.53180431525,,Noongal Gabbro,,,metagabbro,,meta-igneous mafic intrusive,
1958,A-ANno-odp,Noongal Gabbro,Plagioclase-porphyritic dolerite with phenocrysts up to 10 mm and up to 35% of the rock volume; metamorphosed,dolerite,103990.72935534111,,Noongal Gabbro,,,dolerite,,igneous mafic intrusive,
1962,A-ANno-ogl,Noongal Gabbro,Leucogabbro; locally pegmatitic; locally with well-developed granophyric textures and locally with gradational grain size and/or modal layering; metamorphosed,leucogabbro,106593.38129930486,,Noongal Gabbro,,,gabbro,,igneous mafic intrusive,
1963,A-ANno-ogp,Noongal Gabbro,Plagioclase-porphyritic gabbro with phenocrysts up to 10 mm and up to 20% of the rock volume; metamorphosed (probably obsolete),gabbro,112560.24979797461,,Noongal Gabbro,,,gabbro,,igneous mafic intrusive,
1965,A-ANno-xmoda-mgs,Noongal Gabbro,Amphibolitic metadolerite with abundant sheets of granitic to granodioritic schist typically 0.5 ? 15 m thick and 50?500 m long,"granitic,metadolerite,schist",105384.09090014902,,Noongal Gabbro,,,metadolerite,granitic schist,meta-igneous mafic intrusive,meta-igneous felsic intrusive
1966,A-ANno-xmoga-mgs,Noongal Gabbro,Amphibolitic metagabbro with abundant sheets of granitic to granodioritic schist typically 0.5 ? 15 m thick and 50?500 m long,"granitic,metagabbro,schist",112558.78581992212,,Noongal Gabbro,,,metagabbro,granitic schist,meta-igneous mafic intrusive,meta-igneous felsic intrusive
3468,A-ANnu-ao,"Narndee Igneous Complex, ultramafic zone",Olivine pyroxenite with relict olivine cumulate texture; locally grades into layers of pyroxenite and gabbronorite; metamorphosed,"pyroxenite,gabbronorite,pyroxenite",130262.49693690469,,Narndee Igneous Complex,"Narndee Igneous Complex, ultramafic zone",,olivine pyroxenite,,igneous ultramafic intrusive,
1519,A-ANnu-ap,"Narndee Igneous Complex, ultramafic zone",Pyroxene peridotite with relict olivine cumulate texture and interstitial pyroxene; minor interstitial hornblende; metamorphosed,peridotite,132361.0519225259,,Narndee Igneous Complex,"Narndee Igneous Complex, ultramafic zone",,pyroxene peridotite,,igneous ultramafic intrusive,
1456,A-ANnu-axo,"Narndee Igneous Complex, ultramafic zone","Orthopyroxenite with very coarse grain size, typically >10 mm; locally grades into gabbronorite and websterite; metamorphosed","orthopyroxenite,gabbronorite",132277.32921465873,,Narndee Igneous Complex,"Narndee Igneous Complex, ultramafic zone",,pyroxenite (intrusive),,igneous ultramafic intrusive,
827,A-ANnu-mad,"Narndee Igneous Complex, ultramafic zone","Metadunite with relict olivine cumulate texture; minor pyroxene, amphibole, and Cr-spinel; locally strongly sheared",metadunite,135364.69788488306,,Narndee Igneous Complex,"Narndee Igneous Complex, ultramafic zone",,metadunite derived from intrusive rock,,meta-igneous ultramafic intrusive,
2544,A-ANnu-mas,"Narndee Igneous Complex, ultramafic zone","Ultramafic schist derived from intrusive rocks; serpentine dominant, and locally abundant talc and tremolite; strongly sheared","schist,ultramafic",129984.97832754948,,Narndee Igneous Complex,"Narndee Igneous Complex, ultramafic zone",,ultramafic schist derived from intrusive rock,,meta-igneous ultramafic intrusive,
1967,A-ANoo-gme,Warbadoo Tonalite,Equigranular monzogranite with 4?10 mm grain size; includes regions with weakly-developed foliation; metamorphosed,monzogranite,112846.6227336291,,Warbadoo Tonalite,,,monzogranite,,igneous granitic,
2483,A-ANoo-mgs,Warbadoo Tonalite,"Metagranitic to metatonalitic schist, locally as intrusive sheets into country rocks; locally with abundant amphibolitic rafts; typically schistose with planar and/or linear fabrics; locally pegmatitic or aplitic","metagranitic,schist",102852.00697014698,,Warbadoo Tonalite,,,granitic schist,,meta-igneous felsic intrusive,
1968,A-ANoo-mgta,Warbadoo Tonalite,Hornblende tonalite with grain size <8 mm; locally with a well-developed planar and linear fabric,tonalite,93619.31557948982,,Warbadoo Tonalite,,,metatonalite,,meta-igneous felsic intrusive,
1969,A-ANoo-mgti,Warbadoo Tonalite,Migmatitic tonalite with stromatic mesosomes of metatonalite and leucosomes of metamonzogranite; rare melanosomes of biotite metadiorite,"metamonzogranite,metatonalite,tonalite,metadiorite",106357.37187212997,,Warbadoo Tonalite,,,metatonalite,,meta-igneous felsic intrusive,
3483,A-ANoo-xmgmn-mggs,Warbadoo Tonalite,Monzogranitic augen gneiss and granodiorite schist interlayered on a metre to decametre scale; locally lineated,"gneiss,granodiorite,schist",96586.8140927853,,Warbadoo Tonalite,,,metamonzogranite,metagranodiorite,meta-igneous felsic intrusive,meta-igneous felsic intrusive
3481,A-ANoq-ap,Olive Queen Gabbro,Peridotite; relict cumulate textures preserved locally; minor pyroxenite; metamorphosed,"peridotite,pyroxenite",92288.67321961446,,Olive Queen Gabbro,,,pyroxene peridotite,,igneous ultramafic intrusive,
1972,A-ANoq-mod,Olive Queen Gabbro,Metadolerite to metagabbro; includes less-recrystallized dolerite and moderately schistose rocks; locally hornblende-rich; includes deeply weathered rocks,"metadolerite,metagabbro,dolerite",91775.04278224942,,Olive Queen Gabbro,,,metadolerite,,meta-igneous mafic intrusive,
1977,A-ANoq-og,Olive Queen Gabbro,"Gabbro with 4?20 mm grain size; includes layers of leucogabbro, quartz gabbro to diorite, pegmatitic gabbro, and dolerite; metamorphosed","gabbro,dolerite,gabbro,gabbro,leucogabbro",90841.40882797856,,Olive Queen Gabbro,,,gabbro,,igneous mafic intrusive,
1981,A-ANoq-ogq,Olive Queen Gabbro,"Very coarse-grained, commonly quartz-bearing gabbro with coarse spinifex-like granophyric texture with up to 10 cm crystals; metamorphosed",gabbro,91156.70100754907,,Olive Queen Gabbro,,,gabbro,,igneous mafic intrusive,
1982,A-ANoq-xog-masr,Olive Queen Gabbro,Metagabbro interlayered with tremolite-bearing ultramafic schist; metamorphosed,"metagabbro,schist,ultramafic",90603.07175708775,,Olive Queen Gabbro,,,gabbro,ultramafic schist derived from intrusive rock,igneous mafic intrusive,meta-igneous ultramafic intrusive
2318,A-ANpw-gg,Peter Well Granodiorite,Biotite granodiorite; weakly metamorphosed,granodiorite,238579.06330778069,,Peter Well Granodiorite,,,granodiorite,,igneous granitic,
2425,A-ANud-ogy,Buddadoo Gabbro,Layered gabbroic rocks with distinctive magnetitite horizons and minor diorite; metamorphosed,magnetitite,49728.52722201225,,Buddadoo Gabbro,,,gabbro,,igneous mafic intrusive,
1706,A-ANwa-masr,Wadgingarra Gabbro,Tremolite?chlorite(?talc) schist; strongly sheared,schist,99303.94559483053,,Wadgingarra Gabbro,,,ultramafic schist derived from intrusive rock,,meta-igneous ultramafic intrusive,
3357,A-ANwa-od,Wadgingarra Gabbro,"Dolerite; minor gabbro and basalt; massive to weakly deformed, and metamorphosed","dolerite,basalt,gabbro",89910.15967756121,,Wadgingarra Gabbro,,,dolerite,,igneous mafic intrusive,
1708,A-ANwa-og,Wadgingarra Gabbro,Massive gabbro with granophyric leucogabbro towards the top of the intrusion; metamorphosed,"gabbro,leucogabbro",91375.15156722163,,Wadgingarra Gabbro,,,gabbro,,igneous mafic intrusive,
2020,A-ANwa-ogl,Wadgingarra Gabbro,"Leucogabbro; medium- to coarse-grained; massive to weakly deformed, and metamorphosed",leucogabbro,93002.47564508769,,Wadgingarra Gabbro,,,gabbro,,igneous mafic intrusive,
1467,A-ANwb-mog,"Windimurra Igneous Complex, border zone",Metagabbro with amphibole pseudomorphs after pyroxenes; 3?5 mm grain size; locally grading into dolerite; metamorphosed,"metagabbro,dolerite",184373.12473720807,,Windimurra Igneous Complex,"Windimurra Igneous Complex, border zone",,metagabbro,,meta-igneous mafic intrusive,
2513,A-ANwb-od,"Windimurra Igneous Complex, border zone","Dolerite, locally grading into gabbro; shear zones typically at the margins of exposures; metamorphosed","dolerite,gabbro",217730.26540195395,,Windimurra Igneous Complex,"Windimurra Igneous Complex, border zone",,dolerite,,igneous mafic intrusive,
2506,A-ANwc-ad,Corner Well Gabbro Member,Dunite with relict olivine cumulate texture; metamorphosed,dunite,179310.6860744651,,Windimurra Igneous Complex,Corner Well Gabbro Member,,dunite (intrusive),,igneous ultramafic intrusive,
1505,A-ANwc-oa,Corner Well Gabbro Member,Anorthosite in decimetre-thick layers with weak plagioclase lamination and crystal size up to 8 mm; locally grades into leucogabbro and leucogabbronorite; metamorphosed,"anorthosite,leucogabbro,leucogabbronorite",179390.75894736146,,Windimurra Igneous Complex,Corner Well Gabbro Member,,anorthosite,,igneous mafic intrusive,
1234,A-ANwc-ogc,Corner Well Gabbro Member,Clinopyroxene cumulate gabbro (grain size <20 mm); metamorphosed,gabbro,179692.12504168408,,Windimurra Igneous Complex,Corner Well Gabbro Member,,gabbro,,igneous mafic intrusive,
1242,A-ANwc-ol,Corner Well Gabbro Member,Olivine gabbro grading into olivine gabbronorite; metamorphosed,"gabbro,gabbronorite",178570.41134351332,,Windimurra Igneous Complex,Corner Well Gabbro Member,,olivine gabbronorite,,igneous mafic intrusive,
1564,A-ANwc-om,Corner Well Gabbro Member,Gabbronorite with modal igneous layering; locally grades into leucogabbronorite; metamorphosed,"gabbronorite,leucogabbronorite",178498.11776358998,,Windimurra Igneous Complex,Corner Well Gabbro Member,,gabbronorite,,igneous mafic intrusive,
2505,A-ANwc-op,Corner Well Gabbro Member,"Melanocratic gabbro to gabbronorite, locally with orthopyroxene cumulate crystals up to 20 mm; metamorphosed","gabbro,gabbronorite",178478.56164522257,,Windimurra Igneous Complex,Corner Well Gabbro Member,,orthopyroxene gabbro,,igneous mafic intrusive,
3344,A-ANwc-xad-ot,Corner Well Gabbro Member,"Dunite with relict olivine cumulate texture; grades into layers of troctolite, melanotroctolite and olivine gabbro; metamorphosed","dunite,gabbro,melanotroctolite,troctolite",178372.12051550573,,Windimurra Igneous Complex,Corner Well Gabbro Member,,dunite (intrusive),troctolite,igneous ultramafic intrusive,igneous mafic intrusive
1628,A-ANwc-xaoo-oa,Corner Well Gabbro Member,Olivine orthopyroxenite interlayered with anorthosite; metamorphosed,"anorthosite,orthopyroxenite",192191.60036373674,,Windimurra Igneous Complex,Corner Well Gabbro Member,,olivine orthopyroxenite,anorthosite,igneous ultramafic intrusive,igneous mafic intrusive
1617,A-ANwi-axd,Windimurra Igneous Complex,Very coarse-grained pyroxenite plug; pyroxene typically uralitized; metamorphosed,pyroxenite,207107.51689325724,,Windimurra Igneous Complex,,,pyroxenite (intrusive),,igneous ultramafic intrusive,
1581,A-ANwi-mof,Windimurra Igneous Complex,Meta-anorthosite with amphibole schlieren after flattened clinopyroxene oikocrysts; locally strongly sheared,anorthosite,144759.06971804722,,Windimurra Igneous Complex,,,meta-anorthosite,,meta-igneous mafic intrusive,
1590,A-ANwi-mog,Windimurra Igneous Complex,Metagabbro with amphibole pseudomorphs after pyroxene; grades into metagabbronorite; locally sheared; locally magnetite bearing,"metagabbro,metagabbronorite",142397.47528253682,,Windimurra Igneous Complex,,,metagabbro,,meta-igneous mafic intrusive,
3438,A-ANwi-xmog-mg,Windimurra Igneous Complex,"Metagabbro and metaleucogabbro; grades into metagabbronorite; locally schistose and sheared, with abundant metagranite, aplite, and granophyre as intrusive sheets, predominantly parallel to foliation","metagabbro,metaleucogabbro,aplite,granophyre,metagabbronorite,metagranite",144691.1172907064,,Windimurra Igneous Complex,,,metagabbro,metagranitic rock,meta-igneous mafic intrusive,meta-igneous felsic intrusive
1366,A-ANwl-ap,"Windimurra Igneous Complex, lower zone","Pyroxene peridotite; locally lherzolitic, harzburgitic, and chromite bearing; locally strongly sheared; metamorphosed",peridotite,200171.8316169072,,Windimurra Igneous Complex,"Windimurra Igneous Complex, lower zone",,pyroxene peridotite,,igneous ultramafic intrusive,
2507,A-ANwl-ax,"Windimurra Igneous Complex, lower zone",Coarse-grained pyroxenite grading into gabbronorite; locally pegmatitic; metamorphosed,"gabbronorite,pyroxenite",184221.52384656417,,Windimurra Igneous Complex,"Windimurra Igneous Complex, lower zone",,pyroxenite (intrusive),,igneous ultramafic intrusive,
1391,A-ANwl-mog,"Windimurra Igneous Complex, lower zone",Metagabbro with amphibole pseudomorphs after pyroxene; grades into metagabbronorite; locally sheared,"metagabbro,metagabbronorite",195138.78149571075,,Windimurra Igneous Complex,"Windimurra Igneous Complex, lower zone",,metagabbro,,meta-igneous mafic intrusive,
1289,A-ANwl-oa,"Windimurra Igneous Complex, lower zone",Anorthosite with weak plagioclase lamination; metamorphosed,anorthosite,194676.54069828923,,Windimurra Igneous Complex,"Windimurra Igneous Complex, lower zone",,anorthosite,,igneous mafic intrusive,
3453,A-ANwl-og,"Windimurra Igneous Complex, lower zone",Gabbro; grades into leucogabbro and gabbronorite; locally with modal layering of pyroxene and plagioclase; metamorphosed,"gabbro,gabbronorite,leucogabbro",172231.6620441897,,Windimurra Igneous Complex,"Windimurra Igneous Complex, lower zone",,gabbro,,igneous mafic intrusive,
1783,A-ANwl-ogd,"Windimurra Igneous Complex, lower zone",Very coarse-grained gabbro with distinctive pegmatitic layers; grades into coarse-grained leucogabbro and gabbronorite; locally with modal layering of pyroxene and plagioclase; metamorphosed,"gabbro,gabbronorite,leucogabbro",181537.2501366152,,Windimurra Igneous Complex,"Windimurra Igneous Complex, lower zone",,gabbro,,igneous mafic intrusive,
3341,A-ANwl-ogl,"Windimurra Igneous Complex, lower zone","Leucogabbro; grades into anorthosite, gabbro and pegmatitic gabbro; locally abundant clinopyroxene oikocrysts up to 30 mm; metamorphosed","leucogabbro,anorthosite,gabbro,gabbro",168673.13840140888,,Windimurra Igneous Complex,"Windimurra Igneous Complex, lower zone",,gabbro,,igneous mafic intrusive,
1702,A-ANwl-ogly,"Windimurra Igneous Complex, lower zone",Layered leucogabbro; modal layering of plagioclase and pyroxenes on a decimetre scale; locally abundant clinopyroxene oikocrysts up to 30 mm; metamorphosed,leucogabbro,189433.30169283084,,Windimurra Igneous Complex,"Windimurra Igneous Complex, lower zone",,gabbro,,igneous mafic intrusive,
1316,A-ANwl-oglz,"Windimurra Igneous Complex, lower zone",Ophitic leucogabbro; typically with pyroxene oikocrysts <30 mm across; metamorphosed,leucogabbro,193309.3534769273,,Windimurra Igneous Complex,"Windimurra Igneous Complex, lower zone",,gabbro,,igneous mafic intrusive,
1466,A-ANwl-ogp,"Windimurra Igneous Complex, lower zone",Plagioclase-phyric gabbro; 8?12 mm plagioclase phenocrysts in 5?8 mm gabbroic matrix; metamorphosed,gabbro,181472.15682980392,,Windimurra Igneous Complex,"Windimurra Igneous Complex, lower zone",,gabbro,,igneous mafic intrusive,
3286,A-ANwl-ogx,"Windimurra Igneous Complex, lower zone",Pyroxene gabbro; locally very coarse grained and grading into pyroxenite and gabbro; minor modal layering; metamorphosed,"gabbro,gabbro,pyroxenite",183933.37338406564,,Windimurra Igneous Complex,"Windimurra Igneous Complex, lower zone",,gabbro,,igneous mafic intrusive,
3459,A-ANwl-ogz,"Windimurra Igneous Complex, lower zone",Ophitic gabbro; typically with pyroxene oikocrysts <30 mm across; metamorphosed,gabbro,192719.42510873184,,Windimurra Igneous Complex,"Windimurra Igneous Complex, lower zone",,gabbro,,igneous mafic intrusive,
1770,A-ANwl-ol,"Windimurra Igneous Complex, lower zone",Olivine gabbronorite grading into olivine gabbro and olivine leucogabbronorite; minor modal layering; metamorphosed,"gabbro,gabbronorite,leucogabbronorite",172819.4543685087,,Windimurra Igneous Complex,"Windimurra Igneous Complex, lower zone",,olivine gabbronorite,,igneous mafic intrusive,
1250,A-ANwl-om,"Windimurra Igneous Complex, lower zone","Gabbronorite, typically with igneous layering and locally grading into leucogabbronorite; metamorphosed","gabbronorite,leucogabbronorite",190157.0335214673,,Windimurra Igneous Complex,"Windimurra Igneous Complex, lower zone",,gabbronorite,,igneous mafic intrusive,
1018,A-ANwl-oml,"Windimurra Igneous Complex, lower zone","Leucogabbronorite; grades into gabbronorite, anorthosite, leuconorite and pegmatitic gabbro; locally shows very coarse-grained ophitic texture; metamorphosed","leucogabbronorite,anorthosite,gabbro,gabbronorite,leuconorite",206719.34876332397,,Windimurra Igneous Complex,"Windimurra Igneous Complex, lower zone",,gabbronorite,,igneous mafic intrusive,
1440,A-ANwl-or,"Windimurra Igneous Complex, lower zone",Olivine norite; locally grades into olivine gabbronorite and olivine leuconorite; metamorphosed,"norite,gabbronorite,leuconorite",183176.60880703197,,Windimurra Igneous Complex,"Windimurra Igneous Complex, lower zone",,olivine norite,,igneous mafic intrusive,
1778,A-ANwl-ot,"Windimurra Igneous Complex, lower zone",Troctolite; locally grades into olivine gabbronorite and leucotroctolite; metamorphosed,"troctolite,gabbronorite,leucotroctolite",181978.32306989928,,Windimurra Igneous Complex,"Windimurra Igneous Complex, lower zone",,troctolite,,igneous mafic intrusive,
1363,A-ANwl-otl,"Windimurra Igneous Complex, lower zone","Leucotroctolite; locally grades into anorthosite, troctolite, and pegmatitic gabbro; metamorphosed","leucotroctolite,anorthosite,gabbro,troctolite",195815.0819354661,,Windimurra Igneous Complex,"Windimurra Igneous Complex, lower zone",,troctolite,,igneous mafic intrusive,
1436,A-ANwl-ow,"Windimurra Igneous Complex, lower zone",Norite; locally grades into gabbronorite and leuconorite with very coarse-grained patches; metamorphosed,"norite,gabbronorite,leuconorite",186468.4978462853,,Windimurra Igneous Complex,"Windimurra Igneous Complex, lower zone",,norite,,igneous mafic intrusive,
3454,A-ANwl-owl,"Windimurra Igneous Complex, lower zone","Leuconorite; locally grades into norite, leucogabbronorite and pegmatitic gabbro; ophitic patches present; metamorphosed","leuconorite,gabbro,leucogabbronorite,norite",173912.77510887382,,Windimurra Igneous Complex,"Windimurra Igneous Complex, lower zone",,norite,,igneous mafic intrusive,
1636,A-ANwl-xogd-oad,"Windimurra Igneous Complex, lower zone",Pegmatitic gabbro containing rounded boulders of pegmatitic anorthosite up to 40 cm; locally PGE-sulfide bearing; metamorphosed,"anorthosite,gabbro",199895.37292249722,,Windimurra Igneous Complex,"Windimurra Igneous Complex, lower zone",,gabbro,anorthosite,igneous mafic intrusive,igneous mafic intrusive
1755,A-ANwl-xogl-gmv,"Windimurra Igneous Complex, lower zone",Leucogabbro grading into gabbro; intruded by abundant muscovite granite sheets typically 10?100 m thick; metamorphosed,"gabbro,leucogabbro,granite",181720.28191536438,,Windimurra Igneous Complex,"Windimurra Igneous Complex, lower zone",,gabbro,monzogranite,igneous mafic intrusive,igneous granitic
1367,A-ANwm-am,"Windimurra Igneous Complex, middle zone",Magnetitite layers <1 m thick with locally undulating basal contacts; magnetite crystals enclose plagioclase in magnetite-rich gabbro; metamorphosed,"magnetitite,gabbro",186917.61411462576,,Windimurra Igneous Complex,"Windimurra Igneous Complex, middle zone",,magnetitite,,igneous ultramafic intrusive,
1344,A-ANwm-og,"Windimurra Igneous Complex, middle zone","Gabbro grading into magnetite-bearing gabbro, leucogabbro, and gabbronorite; metamorphosed","gabbro,gabbro,gabbronorite,leucogabbro",188292.1881530344,,Windimurra Igneous Complex,"Windimurra Igneous Complex, middle zone",,gabbro,,igneous mafic intrusive,
1805,A-ANwm-ogl,"Windimurra Igneous Complex, middle zone",Leucogabbro grading into anorthosite and gabbro; locally abundant clinopyroxene oikocrysts up to 30 mm enclose euhedral plagioclase cumulate crystals; metamorphosed,"anorthosite,gabbro,leucogabbro",175264.39733915695,,Windimurra Igneous Complex,"Windimurra Igneous Complex, middle zone",,gabbro,,igneous mafic intrusive,
3562,A-ANwm-oglj,"Windimurra Igneous Complex, middle zone",Magnetite-bearing leucogabbro grading into anorthosite and magnetite-bearing gabbro; locally abundant clinopyroxene oikocrysts up to 30 mm enclose euhedral plagioclase cumulate crystals; metamorphosed,"anorthosite,gabbro,leucogabbro",184642.20280502128,,Windimurra Igneous Complex,"Windimurra Igneous Complex, middle zone",,gabbro,,igneous mafic intrusive,
1626,A-ANwm-ogx,"Windimurra Igneous Complex, middle zone",Pyroxene-rich gabbro; locally very coarse-grained and grading into pyroxenite and magnetite-bearing gabbro; minor modal layering; metamorphosed,"gabbro,gabbro,pyroxenite",194440.6864532729,,Windimurra Igneous Complex,"Windimurra Igneous Complex, middle zone",,gabbro,,igneous mafic intrusive,
1273,A-ANwm-ol,"Windimurra Igneous Complex, middle zone",Olivine gabbronorite grading into olivine gabbro and leucogabbronorite; minor modal layering and locally magnetite bearing; metamorphosed,"gabbro,gabbronorite,leucogabbronorite",182758.6059822541,,Windimurra Igneous Complex,"Windimurra Igneous Complex, middle zone",,olivine gabbronorite,,igneous mafic intrusive,
1358,A-ANwm-ot,"Windimurra Igneous Complex, middle zone",Troctolite; locally grades into olivine gabbronorite and leucotroctolite; metamorphosed,"troctolite,gabbronorite,leucotroctolite",182646.78873279088,,Windimurra Igneous Complex,"Windimurra Igneous Complex, middle zone",,troctolite,,igneous mafic intrusive,
3342,A-ANwm-otl,"Windimurra Igneous Complex, middle zone",Leucotroctolite; locally grading into anorthosite and troctolite; metamorphosed,"leucotroctolite,anorthosite,troctolite",181032.93529345843,,Windimurra Igneous Complex,"Windimurra Igneous Complex, middle zone",,troctolite,,igneous mafic intrusive,
2532,A-ANwm-ow,"Windimurra Igneous Complex, middle zone",Norite; locally grading into gabbronorite and leuconorite with lesser magnetite-bearing rocks; metamorphosed,"norite,gabbronorite,leuconorite",181549.57997911496,,Windimurra Igneous Complex,"Windimurra Igneous Complex, middle zone",,norite,,igneous mafic intrusive,
1285,A-ANwr-oglq,"Windimurra Igneous Complex, roof zone","Quartz-bearing leucogabbro, typically with well-developed, coarse spinifex texture; metamorphosed",leucogabbro,200405.03241162942,,Windimurra Igneous Complex,"Windimurra Igneous Complex, roof zone",,gabbro,,igneous mafic intrusive,
3566,A-ANwr-ogp,"Windimurra Igneous Complex, roof zone","Porphyritic gabbro; plagioclase phenocrysts typically <20 mm in a 4?8 mm matrix of plagioclase, clinopyroxene, and minor oxides; metamorphosed",gabbro,193450.79183800248,,Windimurra Igneous Complex,"Windimurra Igneous Complex, roof zone",,gabbro,,igneous mafic intrusive,
2368,A-ANwr-xogp-od,"Windimurra Igneous Complex, roof zone",Porphyritic gabbro with plagioclase phenocrysts and dolerite; metamorphosed,"dolerite,gabbro",187568.0747003419,,Windimurra Igneous Complex,"Windimurra Igneous Complex, roof zone",,gabbro,dolerite,igneous mafic intrusive,igneous mafic intrusive
1687,A-ANwu-xmad-oa,"Windimurra Igneous Complex, ultramafic zone",Chromite-bearing metadunite interlayered with metamorphosed gabbro and anorthosite; locally disseminated chromite in metaperidotite; well-defined layering on a metre scale preserved locally,"anorthosite,gabbro,metadunite,metaperidotite",164691.34045691046,,Windimurra Igneous Complex,"Windimurra Igneous Complex, ultramafic zone",,metadunite derived from intrusive rock,anorthosite,meta-igneous ultramafic intrusive,igneous mafic intrusive
1600,A-ANwz-am,"Windimurra Igneous Complex, upper zone",Magnetitite layers <1 m  thick in magnetite-rich gabbro; locally with undulating bases; magnetite encloses plagioclase chadacrysts; metamorphosed,"gabbro,magnetitite",164423.5029773446,,Windimurra Igneous Complex,"Windimurra Igneous Complex, upper zone",,magnetitite,,igneous ultramafic intrusive,
1625,A-ANwz-amn,"Windimurra Igneous Complex, upper zone","Magnetitite in layers <1 m thick; magnetite grains commonly contain rounded, 5?10 mm serpentine inclusions after olivine; locally grades into olivine gabbro; metamorphosed","magnetitite,gabbro",181179.53887162346,,Windimurra Igneous Complex,"Windimurra Igneous Complex, upper zone",,magnetitite,,igneous ultramafic intrusive,
1803,A-ANwz-mog,"Windimurra Igneous Complex, upper zone","Metagabbro with amphibole pseudomorphs after pyroxene, grading into metagabbronorite; locally sheared; locally magnetite and/or ilmenite bearing","metagabbro,metagabbronorite",174719.47169240398,,Windimurra Igneous Complex,"Windimurra Igneous Complex, upper zone",,metagabbro,,meta-igneous mafic intrusive,
3444,A-ANwz-ogjl,"Windimurra Igneous Complex, upper zone","Leucogabbro, magnetite and/or ilmenite bearing; grades into magnetite- and/or ilmenite-bearing gabbro, anorthosite, and leucogabbronorite; metamorphosed","leucogabbro,anorthosite,gabbro,leucogabbronorite",174222.05010565647,,Windimurra Igneous Complex,"Windimurra Igneous Complex, upper zone",,gabbro,,igneous mafic intrusive,
414,A-ANwz-ogl,"Windimurra Igneous Complex, upper zone",Leucogabbro grading into anorthosite and magnetite- and/or ilmenite-bearing gabbro; locally abundant clinopyroxene oikocrysts up to 30 mm enclose euhedral cumulate plagioclase crystals; metamorphosed,"anorthosite,gabbro,leucogabbro",172428.07988323303,,Windimurra Igneous Complex,"Windimurra Igneous Complex, upper zone",,gabbro,,igneous mafic intrusive,
1353,A-ANwz-ol,"Windimurra Igneous Complex, upper zone","Olivine gabbronorite grading into olivine gabbro, olivine norite, and leuconorite; locally showing modal layering; minor cumulus magnetite and/or ilmenite and/or apatite; metamorphosed","gabbro,gabbronorite,leuconorite,norite",182411.55502074456,,Windimurra Igneous Complex,"Windimurra Igneous Complex, upper zone",,olivine gabbronorite,,igneous mafic intrusive,
3434,A-ANwz-om,"Windimurra Igneous Complex, upper zone",Gabbronorite with local modal layering of pyroxene and plagioclase; grades into gabbro and includes portions of metagabbro; minor magnetite and/or ilmenite; metamorphosed,"gabbronorite,gabbro,metagabbro",174470.6563281794,,Windimurra Igneous Complex,"Windimurra Igneous Complex, upper zone",,gabbronorite,,igneous mafic intrusive,
3452,A-ANwz-xoglj-amy,"Windimurra Igneous Complex, upper zone",Interlayered magnetite- and ilmenite-bearing leucogabbro and layered magnetitite units <0.5 m thick; metamorphosed,"leucogabbro,magnetitite",168252.59657185647,,Windimurra Igneous Complex,"Windimurra Igneous Complex, upper zone",,gabbro,magnetitite,igneous mafic intrusive,igneous ultramafic intrusive
1679,A-ANyb-mod,"Youanmi Igneous Complex, border zone",Metadolerite with amphibole pseudomorphs after clinopyroxene; locally weakly deformed,metadolerite,188654.02966406985,,Youanmi Igneous Complex,"Youanmi Igneous Complex, border zone",,metadolerite,,meta-igneous mafic intrusive,
1649,A-ANyb-od,"Youanmi Igneous Complex, border zone",Dolerite; metamorphosed,dolerite,189667.99653565852,,Youanmi Igneous Complex,"Youanmi Igneous Complex, border zone",,dolerite,,igneous mafic intrusive,
1444,A-ANyl-masr,"Youanmi Igneous Complex, lower zone",Tremolite-bearing ultramafic schist derived from intrusive rock; local poorly preserved cumulate textures; locally strongly sheared,"schist,ultramafic",198350.50017817246,,Youanmi Igneous Complex,"Youanmi Igneous Complex, lower zone",,ultramafic schist derived from intrusive rock,,meta-igneous ultramafic intrusive,
1681,A-ANyl-mog,"Youanmi Igneous Complex, lower zone","Metagabbro, locally strongly sheared",metagabbro,199525.5828433297,,Youanmi Igneous Complex,"Youanmi Igneous Complex, lower zone",,metagabbro,,meta-igneous mafic intrusive,
1766,A-ANyl-ol,"Youanmi Igneous Complex, lower zone",Olivine gabbro grading into olivine gabbronorite; metamorphosed,"gabbro,gabbronorite",201032.97022978103,,Youanmi Igneous Complex,"Youanmi Igneous Complex, lower zone",,olivine gabbronorite,,igneous mafic intrusive,
1756,A-ANyl-xog-od,"Youanmi Igneous Complex, lower zone","Gabbro interlayered with, and locally grading into, dolerite; layering typically on a 50?500 m scale; metamorphosed","gabbro,dolerite",195122.77435918731,,Youanmi Igneous Complex,"Youanmi Igneous Complex, lower zone",,gabbro,dolerite,igneous mafic intrusive,igneous mafic intrusive
3456,A-ANyl-xogx-mat,"Youanmi Igneous Complex, lower zone",Modally layered pyroxenitic gabbro interlayered with serpentinite; metamorphosed,"gabbro,serpentinite",195812.3296413791,,Youanmi Igneous Complex,"Youanmi Igneous Complex, lower zone",,gabbro,serpentinite derived from intrusive rock,igneous mafic intrusive,meta-igneous ultramafic intrusive
1683,A-ANym-ax,"Youanmi Igneous Complex, middle zone",Pyroxenite with 4?8 mm grain size; amphibole pseudomorphs after pyroxene locally abundant; metamorphosed,pyroxenite,190373.96266070244,,Youanmi Igneous Complex,"Youanmi Igneous Complex, middle zone",,pyroxenite (intrusive),,igneous ultramafic intrusive,
1682,A-ANym-ogl,"Youanmi Igneous Complex, middle zone","Leucogabbro, locally grading into gabbro; metamorphosed","leucogabbro,gabbro",190700.59656754474,,Youanmi Igneous Complex,"Youanmi Igneous Complex, middle zone",,gabbro,,igneous mafic intrusive,
1692,A-ANym-xog-ogx,"Youanmi Igneous Complex, middle zone",Gabbro interlayered with melagabbro on a 50 m scale; contacts locally gradational; metamorphosed,gabbro,189451.6089928068,,Youanmi Igneous Complex,"Youanmi Igneous Complex, middle zone",,gabbro,gabbro,igneous mafic intrusive,igneous mafic intrusive
3469,A-ANym-xom-og,"Youanmi Igneous Complex, middle zone",Gabbronorite interlayered with gabbro on a 50 m scale; contacts locally gradational; locally with interstitial magnetite; metamorphosed,"gabbro,gabbronorite",189187.29199275904,,Youanmi Igneous Complex,"Youanmi Igneous Complex, middle zone",,gabbronorite,gabbro,igneous mafic intrusive,igneous mafic intrusive
1760,A-ANyo-masr,Youanmi Igneous Complex,Tremolite-rich ultramafic schist derived from intrusive rocks; locally grades into metapyroxenite or serpentinite; locally strongly sheared,"schist,ultramafic,metapyroxenite,serpentinite",198804.17371175517,,Youanmi Igneous Complex,,,ultramafic schist derived from intrusive rock,,meta-igneous ultramafic intrusive,
1446,A-ANyo-moga,Youanmi Igneous Complex,"Metagabbro, with locally abundant amphibole porphyroblasts; locally sheared",metagabbro,188599.9375210673,,Youanmi Igneous Complex,,,metagabbro,,meta-igneous mafic intrusive,
1729,A-ANyz-am,"Youanmi Igneous Complex, upper zone","Magnetitite layers in magnetite-rich gabbro; magnetite cumulate crystals form up to 95% of the rock; interstitial plagioclase, pyroxene, and rare olivine; metamorphosed","gabbro,magnetitite",200416.06923856042,,Youanmi Igneous Complex,"Youanmi Igneous Complex, upper zone",,magnetitite,,igneous ultramafic intrusive,
1651,A-ANyz-ogl,"Youanmi Igneous Complex, upper zone","Leucogabbro, locally grading into gabbro and leuconorite; minor magnetite cumulate crystals; metamorphosed","leucogabbro,gabbro,leuconorite",194205.6075863471,,Youanmi Igneous Complex,"Youanmi Igneous Complex, upper zone",,gabbro,,igneous mafic intrusive,
1725,A-ANyz-oh,"Youanmi Igneous Complex, upper zone",Hornblende gabbro with 8?15 mm hornblende oikocrysts in medium-grained gabbroic matrix; locally modally layered with layers of fewer hornblende crystals; metamorphosed,gabbro,196124.82581295844,,Youanmi Igneous Complex,"Youanmi Igneous Complex, upper zone",,hornblende gabbro,,igneous mafic intrusive,
1648,A-ANyz-xam-ogl,"Youanmi Igneous Complex, upper zone",Magnetitite interlayered with modally layered magnetite-bearing leucogabbro; metamorphosed,"leucogabbro,magnetitite",193040.79558911527,,Youanmi Igneous Complex,"Youanmi Igneous Complex, upper zone",,magnetitite,gabbro,igneous ultramafic intrusive,igneous mafic intrusive
1726,A-ANyz-xogl-amy,"Youanmi Igneous Complex, upper zone",Leucogabbro interlayered with thin magnetitite horizons on a 50 cm scale; metamorphosed,"leucogabbro,magnetitite",193183.97659503407,,Youanmi Igneous Complex,"Youanmi Igneous Complex, upper zone",,gabbro,magnetitite,igneous mafic intrusive,igneous ultramafic intrusive
1669,A-BRG-g,Walganna Suite,Monzogranite to syenogranite; undeformed,"monzogranite,syenogranite",176849.3796154667,,,,,,,igneous granitic,
2803,A-BRG-gm,Walganna Suite,"Monzogranite, locally rich in muscovite and biotite; predominantly with equigranular texture and locally K-feldspar phyric; includes deeply weathered rock",monzogranite,37937.75138919337,,,,,monzogranite,,igneous granitic,
3365,A-BRG-gmfe,Walganna Suite,Monzogranite to syenogranite; undeformed; common magmatic foliation,"monzogranite,syenogranite",21500.15190343941,,,,,monzogranite,,igneous granitic,
2293,A-BRG-gmp,Walganna Suite,K-feldspar-porphyritic to megacrystic monzogranite; common magmatic foliation,monzogranite,22033.24620292445,,,,,monzogranite,,igneous granitic,
1779,A-BRG-gpv,Walganna Suite,Muscovite-rich pegmatite with books of muscovite and quartz?feldspar intergrowths >1 cm; lepidolite and fluorite bearing locally,pegmatite,191583.66822944809,,,,,pegmatite,,igneous granitic,
2029,A-BRG-jgm-mgmu,Walganna Suite,"Monzogranite and porphyritic monzogranite with abundant, decametre-scale xenoliths of monzogranitic gneiss with K-feldspar augen","monzogranite,monzogranite,gneiss",111951.41025285685,,,,,monzogranite,metamonzogranite,igneous granitic,meta-igneous felsic intrusive
3298,A-BRG-jgmp-md,Walganna Suite,"K-feldspar megacrystic monzogranite, typically biotite rich; abundant rafts of metasedimentary siliciclastic rocks, locally with recrystallized quartz","monzogranite,metasedimentary,siliciclastic",188193.5774206692,,,,,monzogranite,metasiliciclastic rock,igneous granitic,metasedimentary siliciclastic
1464,A-BRG-xgm-gp,Walganna Suite,"Monzogranite, typically muscovite and biotite rich with abundant pegmatite veins","monzogranite,pegmatite",187834.7062697285,,,,,monzogranite,pegmatite,igneous granitic,igneous granitic
1671,A-BRG-xgmfp-gmal,Walganna Suite,"K-feldspar porphyritic, flow-banded monzogranite intruded by undeformed fine-grained monzogranite with common magmatic foliation","monzogranite,monzogranite",182683.820915099,,,,,monzogranite,monzogranite,igneous granitic,igneous granitic
3553,A-BRco-gm,Cootharra Monzogranite,Medium- to coarse-grained monzogranite; undeformed; locally muscovite-rich,monzogranite,224481.87311003872,,Cootharra Monzogranite,,,monzogranite,,igneous granitic,
2510,A-BRco-gmv,Cootharra Monzogranite,Muscovite monzogranite; medium to coarse grained; undeformed,monzogranite,254555.56102289163,,Cootharra Monzogranite,,,monzogranite,,igneous granitic,
563,A-BRga-gm,Garden Rock Monzogranite,Monzogranite to syenogranite; undeformed; common magmatic foliation,"monzogranite,syenogranite",206506.12823550543,,Garden Rock Monzogranite,,,monzogranite,,igneous granitic,
896,A-BRga-gmp,Garden Rock Monzogranite,K-feldspar porphyritic monzogranite; undeformed; common magmatic foliation,monzogranite,210579.68175722,,Garden Rock Monzogranite,,,monzogranite,,igneous granitic,
3307,A-BRse-gme,Seeligson Monzogranite,"Equigranular, coarse-grained, undeformed monzogranite with 4?12 mm grain size; locally with 3 cm long K-feldspar megacrysts; metamorphosed",monzogranite,23464.539492199092,,Seeligson Monzogranite,,,monzogranite,,igneous granitic,
3325,A-BRtg-gm,Telegootherra Monzogranite,Monzogranite to syenogranite; undeformed; common magmatic foliation,"monzogranite,syenogranite",190411.0382263795,,Telegootherra Monzogranite,,,monzogranite,,igneous granitic,
1754,A-BRwa-gm,Walgoo Monzogranite,"Monzogranite, locally rich in muscovite and biotite; predominantly with equigranular texture and locally K-feldspar porphyritic",monzogranite,161736.8750195101,,Walgoo Monzogranite,,,monzogranite,,igneous granitic,
1876,A-BRwa-gmv,Walgoo Monzogranite,Muscovite-bearing monzogranite; medium to coarse grained; marginal facies is pegmatitic and locally fluorite-bearing,monzogranite,159306.74880835714,,Walgoo Monzogranite,,,monzogranite,,igneous granitic,
2030,A-BRwg-gmby,Wangata Monzogranite,"Coarse-grained, undeformed monzogranite with distinctive igneous layering defined by gradational variation in the modal abundance of biotite and K-feldspar (0.5 to 3 m scale); K-feldspar up to 30 mm long; metamorphosed",monzogranite,114402.88983391898,,Wangata Monzogranite,,,monzogranite,,igneous granitic,
3380,A-BRyb-gmv,Yarrabubba Monzogranite,"Medium- to coarse-grained, muscovite?albite monzogranite; contains veins of quartz, pseudotachylite, and muscovite-bearing pegmatite; quartz grains show microscopic planar deformation features","monzogranite,pegmatite",278075.7361893317,,Yarrabubba Monzogranite,,,monzogranite,,igneous granitic,
309,A-GLr-mhs,Ryansville Formation,Schistose pelite and psammite; local biotite porphyroblasts and minor bands of felsic volcaniclastic rock,"pelite,psammite,volcaniclastic",159161.24150062937,Glen Group,Ryansville Formation,,,psammitic and pelitic schist; interlayered,,metasedimentary siliciclastic: psammite and pelite; interlayered,
313,A-GLr-scc,Ryansville Formation,Chert pebble to boulder conglomerate; generally well sorted; weakly metamorphosed,"chert,conglomerate",159307.59643190252,Glen Group,Ryansville Formation,,,conglomerate,,sedimentary siliciclastic,
3401,A-GLw-bk,Wattagee Formation,Komatiitic basalt with local pyroxene spinifex texture; weakly metamorphosed,basalt,215124.4821440385,Glen Group,Wattagee Formation,,,komatiitic basalt,,igneous mafic volcanic,
3398,A-GLw-bs,Wattagee Formation,Pyroxene spinifex-textured basalt and local basalt; locally variolitic; weakly metamorphosed,"basalt,basalt",222363.17724520757,Glen Group,Wattagee Formation,,,pyroxene spinifex-textured basalt,,igneous mafic volcanic,
1212,A-GLw-mus,Wattagee Formation,Ultramafic schist; commonly deeply weathered,"schist,ultramafic",163453.35808424326,Glen Group,Wattagee Formation,,,ultramafic schist; volcanic or undivided,,meta-igneous ultramafic volcanic or undivided,
847,A-JU-mgmm,Jungar Suite,"Muscovite metagranite; medium to coarse grained, equigranular; foliated",metagranite,217117.7401415379,,,,,metamonzogranite,,meta-igneous felsic intrusive,
725,A-JU-mgms,Jungar Suite,"Foliated biotite metamonzogranite; minor metagranodiorite, metasyenogranite, and metapegmatite; fine to coarse grained; locally gneissic","metamonzogranite,metagranodiorite,metapegmatite,metasyenogranite",211695.89548839713,,,,,metamonzogranite,,meta-igneous felsic intrusive,
2430,A-MUg-xfr-fd,Gossan Hill Formation,"Felsic volcanic and volcaniclastic rocks, rhyolitic to dacitic in composition; locally with economic massive sulfide mineralization; metamorphosed","volcanic,volcaniclastic",67303.2562070113,,Gossan Hill Formation,,,rhyolite,dacite,igneous felsic volcanic,igneous felsic volcanic
2527,A-MUgg-xfc-zs,Golden Grove Member,"Rhyodacite, dacite and laminated felsic volcaniclastic rocks; host to economic massive sulfide horizons; metamorphosed","rhyodacite,dacite,volcaniclastic",41344.49695882065,,Gossan Hill Formation,Golden Grove Member,,rhyodacite,massive sulfide,igneous felsic volcanic,hydrothermal
2564,A-MUgm-bb,Minjar Member,"Basalt, commonly with 1?2 mm plagioclase phenocrysts; locally abundant amygdaloidal basalt and minor basaltic andesite; metamorphosed","basalt,andesite,basalt",39564.43963569589,,Gossan Hill Formation,Minjar Member,,basalt,,igneous mafic volcanic,
2558,A-MUgm-xf-s,Minjar Member,Felsic volcaniclastic rocks and fine-grained siliciclastic sedimentary rocks; minor amygdaloidal basalt; metamorphosed,"siliciclastic,volcaniclastic,basalt",39491.26889394072,,Gossan Hill Formation,Minjar Member,,,,igneous felsic volcanic,sedimentary siliciclastic
2579,A-MUgu-fdp,Scuddles Member,Porphyritic dacite with lesser rhyodacite and felsic volcaniclastic units; locally with economic sulfide mineralization; metamorphosed,"dacite,rhyodacite,volcaniclastic",40725.43424193036,,Gossan Hill Formation,Scuddles Member,,dacite,,igneous felsic volcanic,
2526,A-MUgv-fr,Gossan Valley Member,Quartz-porphyritic rhyolite and felsic volcaniclastic rocks; metamorphosed,"rhyolite,volcaniclastic",42524.328727869295,,Gossan Hill Formation,Gossan Valley Member,,rhyolite,,igneous felsic volcanic,
2117,A-NO-bb,Norie Group,Basalt and minor basaltic andesite; locally pillowed and/or vesicular; massive to weakly foliated; locally strongly sheared and metamorphosed,"andesite,basalt",81941.41316964649,Norie Group,,,,basalt,,igneous mafic volcanic,
2119,A-NO-bbd,Norie Group,Pillowed and spherulitic basalt; spherules locally abundant and up to 15 mm in diameter; metamorphosed,basalt,80691.42064520324,Norie Group,,,,basalt,,igneous mafic volcanic,
2101,A-NO-bbg,Norie Group,"Amygdaloidal basalt with 3?10 mm, quartz-filled amygdales; locally variolitic; flows typically 5 m thick; minor pillow lava; grades into amphibolitic metabasalt; metamorphosed","basalt,metabasalt",108158.60232522589,Norie Group,,,,basalt,,igneous mafic volcanic,
2102,A-NO-bs,Norie Group,"Pyroxene spinifex-textured basalt with 4?20 mm, acicular crystals in a devitrified matrix; locally grading into mafic?ultramafic schist; metamorphosed","basalt,mafic?ultramafic,schist",104448.71250401011,Norie Group,,,,pyroxene spinifex-textured basalt,,igneous mafic volcanic,
2123,A-NO-fd,Norie Group,Dacitic volcanic rock as thin horizons; metamorphosed,volcanic,94039.76830352213,Norie Group,,,,dacite,,igneous felsic volcanic,
3035,A-NO-frt,Norie Group,Moderately well-bedded volcaniclastic sandstone to siltstone of rhyolitic to dacitic affinity; metamorphosed,"sandstone,siltstone,volcaniclastic",44051.81017588151,Norie Group,,,,rhyolite,,igneous felsic volcanic,
2124,A-NO-mba,Norie Group,Amphibolite and local metabasalt; fine to medium grained; typically foliated and lineated,"amphibolite,metabasalt",109530.28065864605,Norie Group,,,,amphibolite derived from volcanic rock,,meta-igneous mafic volcanic,
3546,A-NO-mbs,Norie Group,Mafic schist derived from volcanic rock; locally preserved relict pyroxene-spinifex texture,"mafic,schist,volcanic",71660.13132897491,Norie Group,,,,mafic schist derived from volcanic rock,,meta-igneous mafic volcanic,
3600,A-NO-mcb,Norie Group,Metamorphosed banded chert; locally with ferruginous horizons; locally schistose,chert,43768.185383728545,Norie Group,,,,meta-banded chert,,metasedimentary other chemical,
3032,A-NO-md,Norie Group,"Metasedimentary rock, undivided; includes metamorphosed sandstone, siltstone, shale, and chert; locally abundant banded chert; commonly deeply weathered","chert,chert,sandstone,shale,siltstone",37433.42027165425,Norie Group,,,,metasiliciclastic rock,,metasedimentary siliciclastic,
2802,A-NO-mib,Norie Group,Metamorphosed banded iron-formation locally with recrystallized quartz and magnetite; typically moderately deformed,iron-formation,38651.1361405444,Norie Group,,,,meta-banded iron formation,,metasedimentary other chemical: meta-iron formation,
2810,A-NO-mtq,Norie Group,Quartzite; medium grained; commonly foliated; local relict bedding,quartzite,43669.10243175436,Norie Group,,,,quartzite,,metasedimentary siliciclastic: psammite,
2134,A-NO-mts,Norie Group,Psammitic schist; local pelite interlayers and relict bedding; locally strongly deformed,"schist,pelite",104607.14189682403,Norie Group,,,,psammitic schist,,metasedimentary siliciclastic: psammite,
1552,A-NO-musr,Norie Group,"Tremolite-rich ultramafic schist; locally interlayered with pyroxene spinifex-textured metabasalt, metadolerite, or mafic schist; typically sheared","schist,ultramafic,mafic,metabasalt,metadolerite,schist",126599.38920283316,Norie Group,,,,ultramafic schist; volcanic or undivided,,meta-igneous ultramafic volcanic or undivided,
2100,A-NO-mws,Norie Group,Mafic schist with abundant chlorite and actinolite; local amphibolite,"mafic,schist,amphibolite",104105.21007817685,Norie Group,,,,mafic schist,,meta-igneous mafic,
2136,A-NO-sn,Norie Group,"Undivided sedimentary rock, typically deeply weathered; metamorphosed",sedimentary-rock,91695.03157224311,Norie Group,,,,siliciclastic rock; undivided,,sedimentary siliciclastic,
2347,A-NO-xbk-mus,Norie Group,Komatiitic basalt with local pyroxene-spinifex texture interlayered with ultramafic schist derived from volcanic rocks; metamorphosed,"basalt,schist,ultramafic,volcanic",153074.71998427904,Norie Group,,,,komatiitic basalt,ultramafic schist; volcanic or undivided,igneous mafic volcanic,meta-igneous ultramafic volcanic or undivided
3013,A-NO-xmb-f,Norie Group,"Metabasalt, felsic volcaniclastic rocks, and banded iron-formation; strongly to weakly metamorphosed","metabasalt,iron-formation,volcaniclastic",40863.23562791639,Norie Group,,,,metamafic volcanic rock,,meta-igneous mafic volcanic,igneous felsic volcanic
1566,A-NO-xmbb-md,Norie Group,Metabasalt interlayered with dominantly psammitic sedimentary rocks; locally chlorite-rich and strongly sheared,metabasalt,132977.45344330493,Norie Group,,,,metabasalt,metasiliciclastic rock,meta-igneous mafic volcanic,metasedimentary siliciclastic
3596,A-NOs-bb,Singleton Formation,"Basalt, locally pillowed; thin hyaloclastite or siltstone horizons; metamorphosed","basalt,hyaloclastite,siltstone",36137.15584036697,Norie Group,Singleton Formation,,,basalt,,igneous mafic volcanic,
2894,A-NOs-bbo,Singleton Formation,Pillowed basalt; includes layers of black siltstone; metamorphosed,"basalt,siltstone",44755.21056408075,Norie Group,Singleton Formation,,,basalt,,igneous mafic volcanic,
2928,A-NOs-bs,Singleton Formation,Pyroxene spinifex-textured basalt; metamorphosed,basalt,43531.84012826936,Norie Group,Singleton Formation,,,pyroxene spinifex-textured basalt,,igneous mafic volcanic,
596,A-NOs-mb,Singleton Formation,Metamorphosed basalt and komatiitic basalt,"basalt,basalt",171135.71205429264,Norie Group,Singleton Formation,,,metamafic volcanic rock,,meta-igneous mafic volcanic,
2998,A-NOs-mbb,Singleton Formation,Metabasalt,metabasalt,42262.28720435736,Norie Group,Singleton Formation,,,metabasalt,,meta-igneous mafic volcanic,
364,A-NOs-mbbs,Singleton Formation,Strongly foliated metabasalt and local amphibolite,"amphibolite,metabasalt",163418.33230497877,Norie Group,Singleton Formation,,,metabasalt,,meta-igneous mafic volcanic,
3505,A-NOs-mbms,Singleton Formation,Metamorphosed komatiitic basalt; schistose; pyroxene-spinifex texture locally preserved,basalt,167089.39626758042,Norie Group,Singleton Formation,,,metakomatiitic basalt,,meta-igneous mafic volcanic,
363,A-NOs-mhs,Singleton Formation,Psammitic and pelitic schist interlayered on a metre to decametre scale; locally strongly sheared,schist,168519.6009802961,Norie Group,Singleton Formation,,,psammitic and pelitic schist; interlayered,,metasedimentary siliciclastic: psammite and pelite; interlayered,
2453,A-NOs-mu,Singleton Formation,"Metamorphosed ultramafic rock, undivided; typically deeply weathered",ultramafic,49874.66734242507,Norie Group,Singleton Formation,,,meta-ultramafic rock,,meta-igneous ultramafic volcanic or undivided,
3039,A-NOs-mup,Singleton Formation,Serpentinized metaperidotite; massive to foliated,metaperidotite,44985.725409539315,Norie Group,Singleton Formation,,,metaperidotite derived from volcanic rock,,meta-igneous ultramafic volcanic or undivided,
2902,A-NOs-xbbo-bbx,Singleton Formation,Interlayered pillow lava and hyaloclastite; locally abundant siltstone; metamorphosed,"hyaloclastite,siltstone",49766.6536086715,Norie Group,Singleton Formation,,,basalt,basalt,igneous mafic volcanic,igneous mafic volcanic
3045,A-NOs-xbs-mup,Singleton Formation,Pyroxene spinifex-textured basalt with metaperidotite; platy pyroxene spinifex up to 80 mm; olivine or pyroxene cumulates up to 150 m thick are typically serpentinized or tremolite rich,"basalt,metaperidotite",52902.316630250985,Norie Group,Singleton Formation,,,pyroxene spinifex-textured basalt,metaperidotite derived from volcanic rock,igneous mafic volcanic,meta-igneous ultramafic volcanic or undivided
1561,A-NOy-cib,Yaloginda Formation,Banded iron-formation and ferruginous banded chert; metamorphosed,"chert,iron-formation",152374.46097152648,Norie Group,Yaloginda Formation,,,iron formation,,sedimentary other chemical or biochemical,
3440,A-NOy-fd,Yaloginda Formation,Dacite; locally with abundant feldspar and subordinate quartz phenocrysts; locally rhyolitic and/or tuffaceous; metamorphosed,dacite,140054.49042768535,Norie Group,Yaloginda Formation,,,dacite,,igneous felsic volcanic,
1530,A-NOy-fr,Yaloginda Formation,Rhyolite and rhyolitic volcaniclastic rocks; fine to medium grained; massive to crudely bedded; metamorphosed,"rhyolite,volcaniclastic",145384.54665398615,Norie Group,Yaloginda Formation,,,rhyolite,,igneous felsic volcanic,
3529,A-NOy-jmts-mgs,Yaloginda Formation,Abundant rafts of psammitic schist in granitic schist,"granitic,schist,schist",137085.78905926444,Norie Group,Yaloginda Formation,,,psammitic schist,granitic schist,metasedimentary siliciclastic: psammite,meta-igneous felsic intrusive
1549,A-NOy-md,Yaloginda Formation,Metasiliciclastic rocks,metasiliciclastic,128847.7253775007,Norie Group,Yaloginda Formation,,,metasiliciclastic rock,,metasedimentary siliciclastic,
1403,A-NOy-mfa,Yaloginda Formation,Metamorphosed andesitic and dacitic volcanic and volcaniclastic rocks; local basaltic horizons,"volcanic,volcaniclastic",126927.58724853257,Norie Group,Yaloginda Formation,,,meta-andesite,,meta-igneous felsic volcanic,
1244,A-NOy-mfs,Yaloginda Formation,Felsic schist derived from volcanic rock; locally strongly sheared,"schist,volcanic",131980.73332684246,Norie Group,Yaloginda Formation,,,felsic schist derived from volcanic rock,,meta-igneous felsic volcanic,
1213,A-NOy-mhs,Yaloginda Formation,Psammitic and pelitic schist interlayered on a metre to decametre scale; locally strongly sheared,schist,127086.02505458503,Norie Group,Yaloginda Formation,,,psammitic and pelitic schist; interlayered,,metasedimentary siliciclastic: psammite and pelite; interlayered,
1594,A-NOy-mib,Yaloginda Formation,"Metamorphosed banded iron-formation; typically with coarse, granular, and recrystallized magnetite crystals; foliated",iron-formation,138515.18719468877,Norie Group,Yaloginda Formation,,,meta-banded iron formation,,metasedimentary other chemical: meta-iron formation,
1408,A-NOy-ml,Yaloginda Formation,"Pelite, locally strongly sheared",pelite,137223.19655460527,Norie Group,Yaloginda Formation,,,metasiltstone/metamudstone/metashale,,metasedimentary siliciclastic: pelite,
3517,A-NOy-mrs,Yaloginda Formation,Felsic schist; locally strongly sheared,schist,158556.91061785436,Norie Group,Yaloginda Formation,,,felsic schist,,meta-igneous felsic,
1514,A-NOy-mtq,Yaloginda Formation,Quartzite; locally interlayered with psammitic schist,"quartzite,schist",129137.36791797212,Norie Group,Yaloginda Formation,,,quartzite,,metasedimentary siliciclastic: psammite,
1214,A-NOy-mts,Yaloginda Formation,Psammitic schist; locally grading into pelitic schist or quartzite; includes cordierite-porphyroblastic metasedimentary rocks as xenoliths; locally strongly sheared,"schist,quartzite,schist",127921.33163238008,Norie Group,Yaloginda Formation,,,psammitic schist,,metasedimentary siliciclastic: psammite,
2338,A-NOy-xf-cib,Yaloginda Formation,Felsic volcaniclastic rocks and banded iron-formation; local quartzite and felsic schist; widely intruded by layered gabbroic to peridotitic sills; metamorphosed,"iron-formation,volcaniclastic,quartzite,schist",157436.09454148167,Norie Group,Yaloginda Formation,,,,iron formation,igneous felsic volcanic,sedimentary other chemical or biochemical
1663,A-NOyg-fdp,Youangarra Volcanics Member,Porphyritic dacite with abundant feldspar and subordinate quartz phenocrysts; metamorphosed,dacite,204597.77126830563,Norie Group,Yaloginda Formation,Youangarra Volcanics Member,,dacite,,igneous felsic volcanic,
1661,A-NOyg-mbs,Youangarra Volcanics Member,Mafic schist derived from volcanic rock; locally strongly sheared,"mafic,schist,volcanic",200630.1904121264,Norie Group,Yaloginda Formation,Youangarra Volcanics Member,,mafic schist derived from volcanic rock,,meta-igneous mafic volcanic,
1693,A-NOyg-mtqs,Youangarra Volcanics Member,Quartzitic schist; locally interlayered with psammitic schist; locally strongly sheared,"schist,schist",189680.2254275512,Norie Group,Yaloginda Formation,Youangarra Volcanics Member,,quartzite,,metasedimentary siliciclastic: psammite,
1660,A-NOyg-xfa-mbs,Youangarra Volcanics Member,Andesitic lava flows; locally schistose; interbedded with mafic schist; metamorphosed,"mafic,schist",200075.8515797381,Norie Group,Yaloginda Formation,Youangarra Volcanics Member,,andesite,mafic schist derived from volcanic rock,igneous felsic volcanic,meta-igneous mafic volcanic
1790,A-NOyg-xmbs-mfs,Youangarra Volcanics Member,"Mafic schist, interlayered on a decametre-scale with felsic schist; metamorphosed","mafic,schist,schist",201558.42444314333,Norie Group,Yaloginda Formation,Youangarra Volcanics Member,,mafic schist derived from volcanic rock,felsic schist derived from volcanic rock,meta-igneous mafic volcanic,meta-igneous felsic volcanic
3346,A-NOyg-xmcb-mt,Youangarra Volcanics Member,Metamorphosed banded chert interlayered with psammitic rocks and minor felsic schist and metavolcaniclastic rocks,"chert,metavolcaniclastic,schist",195020.3840461162,Norie Group,Yaloginda Formation,Youangarra Volcanics Member,,meta-banded chert,metasandstone,metasedimentary other chemical,metasedimentary siliciclastic: psammite
2439,A-NOyg-xmd-mfs,Youangarra Volcanics Member,Metamorphosed siliciclastic rocks interlayered with felsic schist; local dacitic lava to volcaniclastic rocks; minor metachert and metamorphosed banded iron-formation; locally strongly sheared,"schist,siliciclastic,iron-formation,metachert,volcaniclastic",189569.39776728922,Norie Group,Yaloginda Formation,Youangarra Volcanics Member,,metasiliciclastic rock,felsic schist derived from volcanic rock,metasedimentary siliciclastic,meta-igneous felsic volcanic
1321,A-NOyk-frp,Kantie Murdana Volcanics Member,Quartz?feldspar porphyritic rhyolite; weak to schistose foliation; metamorphosed,rhyolite,190936.58285866337,Norie Group,Yaloginda Formation,Kantie Murdana Volcanics Member,,rhyolite,,igneous felsic volcanic,
2503,A-NOyk-frt,Kantie Murdana Volcanics Member,Felsic tuff and tuffaceous rock; finely banded; fine to medium grained; locally crystal-rich; includes coherent rhyolite to dacite with quartz and feldspar phenocrysts; metamorphosed; variably foliated,"tuff,dacite,rhyolite",198535.33478443188,Norie Group,Yaloginda Formation,Kantie Murdana Volcanics Member,,rhyolite,,igneous felsic volcanic,
3448,A-NOyk-mfe,Kantie Murdana Volcanics Member,"Recrystallized, equigranular felsic volcanic and sedimentary rocks with 1?5 mm grain size",volcanic,188155.9722604693,Norie Group,Yaloginda Formation,Kantie Murdana Volcanics Member,,felsic granofels/hornfels derived from volcanic rock,,meta-igneous felsic volcanic,
987,A-NOyk-mhsr,Kantie Murdana Volcanics Member,Psammitic and pelitic schist with abundant cordierite poikiloblasts up to 15 mm in diameter,schist,214654.42086054018,Norie Group,Yaloginda Formation,Kantie Murdana Volcanics Member,,psammitic and pelitic schist; interlayered,,metasedimentary siliciclastic: psammite and pelite; interlayered,
2808,A-PO-bb,Polelle Group,Fine- to very fine-grained basalt; locally moderately foliated; metamorphosed,basalt,29811.51653324138,Polelle Group,,,,basalt,,igneous mafic volcanic,
3567,A-PO-bs,Polelle Group,Spinifex-textured basalt with acicular pyroxene crystals up to 30 mm; local aphyric basalt; metamorphosed,"basalt,basalt",32324.059180589007,Polelle Group,,,,pyroxene spinifex-textured basalt,,igneous mafic volcanic,
2801,A-PO-fa,Polelle Group,Andesitic volcanic rock; minor dacite; local volcanic breccia to sandstone; includes minor tuffaceous rhyolite and schistose equivalents; metamorphosed,"volcanic,dacite,rhyolite,sandstone,volcanic",29840.370968225605,Polelle Group,,,,andesite,,igneous felsic volcanic,
3561,A-PO-mbs,Polelle Group,Mafic schist with minor ultramafic schist; typically actinolite?tremolite?chlorite; locally strongly sheared,"mafic,schist,schist,ultramafic",30671.882854389303,Polelle Group,,,,mafic schist derived from volcanic rock,,meta-igneous mafic volcanic,
2524,A-PO-mib,Polelle Group,Metamorphosed banded iron-formation and minor banded chert; typical granular texture with magnetite and quartz grains 0.5 to 1.5 mm in size,"chert,iron-formation",35568.43461390317,Polelle Group,,,,meta-banded iron formation,,metasedimentary other chemical: meta-iron formation,
2163,A-PO-xmb-mf,Polelle Group,Metabasalt and felsic metavolcanic rock; strongly foliated to schistose,"metabasalt,metavolcanic",96821.09916770853,Polelle Group,,,,metamafic volcanic rock,metafelsic volcanic rock,meta-igneous mafic volcanic,meta-igneous felsic volcanic
854,A-POc-mi,Coodardy Pool Formation,Metamorphosed iron formation; weakly layered; strongly foliated,iron-formation,215218.00764427695,Polelle Group,Coodardy Pool Formation,,,meta-iron formation,,metasedimentary other chemical: meta-iron formation,
1902,A-POc-mlsg,Coodardy Pool Formation,Garnet?mica schist with 2?5 mm euhedral garnets; commonly altered,schist,21105.31716293387,Polelle Group,Coodardy Pool Formation,,,pelitic schist,,metasedimentary siliciclastic: pelite,
859,A-POc-mtq,Coodardy Pool Formation,Quartzite; medium grained; foliated,quartzite,217641.38096992494,Polelle Group,Coodardy Pool Formation,,,quartzite,,metasedimentary siliciclastic: psammite,
705,A-POg-fa,Greensleeves Formation,"Andesite; massive to fragmental, with siliceous clasts; pale grey weathering, silicified",andesite,224641.11746612616,Polelle Group,Greensleeves Formation,,,andesite,,igneous felsic volcanic,
808,A-POg-fdt,Greensleeves Formation,Grey dacite and dacitic volcaniclastic rocks; commonly with plagioclase phenocrysts; locally vesicular; weakly metamorphosed,"dacite,volcaniclastic",221987.56367760058,Polelle Group,Greensleeves Formation,,,dacite,,igneous felsic volcanic,
3236,A-POg-fr,Greensleeves Formation,Rhyolite and rhyolitic volcaniclastic rocks; massive to coarsely fragmental; quartz phyric; locally foliated; weakly metamorphosed,"rhyolite,volcaniclastic",156825.12752525276,Polelle Group,Greensleeves Formation,,,rhyolite,,igneous felsic volcanic,
3404,A-POg-frmb,Greensleeves Formation,Crystal-vitric rhyolite breccia and volcaniclastic sandstone; locally foliated; weakly metamorphosed,"rhyolite,sandstone,volcaniclastic",211278.8652266441,Polelle Group,Greensleeves Formation,,,rhyolite,,igneous felsic volcanic,
3204,A-POg-mfds,Greensleeves Formation,Dacitic schist; locally feldspar(?quartz) porphyritic; rare graded bedding,schist,153422.8938475038,Polelle Group,Greensleeves Formation,,,metadacite,,meta-igneous felsic volcanic,
3234,A-POg-mfs,Greensleeves Formation,Felsic schist derived from volcanic rock; commonly deeply weathered,"schist,volcanic",162351.12908921653,Polelle Group,Greensleeves Formation,,,felsic schist derived from volcanic rock,,meta-igneous felsic volcanic,
3360,A-POg-mhs,Greensleeves Formation,Schistose pelite and psammite; locally contains biotite porphyroblasts,"pelite,psammite",147444.21705223946,Polelle Group,Greensleeves Formation,,,psammitic and pelitic schist; interlayered,,metasedimentary siliciclastic: psammite and pelite; interlayered,
1923,A-POm-bb,Meekatharra Formation,Basalt; massive to weakly foliated; locally pillowed and/or vesicular; metamorphosed,basalt,21103.33851606092,Polelle Group,Meekatharra Formation,,,basalt,,igneous mafic volcanic,
2175,A-POm-bbd,Meekatharra Formation,Variolitic basalt; locally pillowed with a fine-grained groundmass; varioles typically comprise up to 90% of rock; metamorphosed,basalt,21105.28380100563,Polelle Group,Meekatharra Formation,,,basalt,,igneous mafic volcanic,
1925,A-POm-bbg,Meekatharra Formation,Amygdaloidal basalt with quartz-filled vesicles; typically massive groundmass; rare hyaloclastite or plagioclase-porphyritic texture; locally strongly lineated; metamorphosed,"basalt,hyaloclastite",21390.162732293058,Polelle Group,Meekatharra Formation,,,basalt,,igneous mafic volcanic,
2891,A-POm-bbo,Meekatharra Formation,Pillowed basalt; local hyaloclastite; fractured to foliated; weakly metamorphosed,"basalt,hyaloclastite",40985.89530568321,Polelle Group,Meekatharra Formation,,,basalt,,igneous mafic volcanic,
2139,A-POm-bk,Meekatharra Formation,"Komatiitic basalt, typically with platy pyroxene spinifex textures; locally pillowed and/or variolitic; fractured to locally foliated; weakly metamorphosed",basalt,90219.13730543059,Polelle Group,Meekatharra Formation,,,komatiitic basalt,,igneous mafic volcanic,
848,A-POm-bko,Meekatharra Formation,Pillowed komatiitic basalt; local fine pyroxene-spinifex texture; weakly metamorphosed,basalt,221034.05115959558,Polelle Group,Meekatharra Formation,,,komatiitic basalt,,igneous mafic volcanic,
2825,A-POm-bs,Meekatharra Formation,Pyroxene spinifex-textured basalt and minor basalt; locally variolitic; interlayered with thin sills of granophyric to coarse-grained leucogabbro; metamorphosed,"basalt,basalt,leucogabbro",21132.051200393103,Polelle Group,Meekatharra Formation,,,pyroxene spinifex-textured basalt,,igneous mafic volcanic,
3384,A-POm-mbas,Meekatharra Formation,Amphibolite schist derived from basalt; fine to medium grained; commonly also lineated,"amphibolite,basalt,schist",164968.22439373776,Polelle Group,Meekatharra Formation,,,amphibolite derived from volcanic rock,,meta-igneous mafic volcanic,
3223,A-POm-mbb,Meekatharra Formation,Metabasalt; generally fine grained and massive; locally pillowed and/or vesicular,metabasalt,154437.28486359477,Polelle Group,Meekatharra Formation,,,metabasalt,,meta-igneous mafic volcanic,
379,A-POm-mbba,Meekatharra Formation,Amphibolite derived from basalt; massive to foliated and/or lineated,"amphibolite,basalt",165498.14113577586,Polelle Group,Meekatharra Formation,,,metabasalt,,meta-igneous mafic volcanic,
3403,A-POm-mbbs,Meekatharra Formation,Strongly foliated metabasalt and local amphibolite,"amphibolite,metabasalt",210326.82477897158,Polelle Group,Meekatharra Formation,,,metabasalt,,meta-igneous mafic volcanic,
3410,A-POm-mbm,Meekatharra Formation,"Metamorphosed komatiitic basalt; massive to pillowed with local hyaloclastite; with fracture cleavage, or foliated","basalt,hyaloclastite",180265.41688642278,Polelle Group,Meekatharra Formation,,,metakomatiitic basalt,,meta-igneous mafic volcanic,
317,A-POm-mbms,Meekatharra Formation,Fine-grained ultramafic schist derived from komatiitic basalt; local talc?carbonate rock; commonly deeply weathered,"basalt,schist,ultramafic",151289.24472745307,Polelle Group,Meekatharra Formation,,,metakomatiitic basalt,,meta-igneous mafic volcanic,
3478,A-POm-mbs,Meekatharra Formation,"Foliated metamorphosed mafic rock; mainly chlorite?tremolite schist and fine-grained amphibolite with minor, foliated metagranite intercalations; locally relict pyroxene spinifex-texture preserved","mafic,amphibolite,metagranite,schist",90738.76308204612,Polelle Group,Meekatharra Formation,,,mafic schist derived from volcanic rock,,meta-igneous mafic volcanic,
874,A-POm-mhs,Meekatharra Formation,"Schistose pelite and psammite, with local biotite porphyroblasts","pelite,psammite",167696.43721129256,Polelle Group,Meekatharra Formation,,,psammitic and pelitic schist; interlayered,,metasedimentary siliciclastic: psammite and pelite; interlayered,
1922,A-POm-mib,Meekatharra Formation,Metamorphosed banded iron-formation and banded chert; locally strongly deformed,"chert,iron-formation",21866.409132648867,Polelle Group,Meekatharra Formation,,,meta-banded iron formation,,metasedimentary other chemical: meta-iron formation,
2138,A-POm-mu,Meekatharra Formation,Metamorphosed ultramafic rock; local peridotite with relict olivine and/or pyroxene cumulate textures,"ultramafic,peridotite",106323.92487568449,Polelle Group,Meekatharra Formation,,,meta-ultramafic rock,,meta-igneous ultramafic volcanic or undivided,
559,A-POm-mukt,Meekatharra Formation,Talc?carbonate(?chlorite?serpentine) schist derived from komatiitic rock; commonly deeply weathered and lateritized,schist,168327.84311012962,Polelle Group,Meekatharra Formation,,,metakomatiite,,meta-igneous ultramafic volcanic or undivided,
2454,A-POm-musr,Meekatharra Formation,Tremolite?chlorite(?talc) schist,schist,22099.65254318392,Polelle Group,Meekatharra Formation,,,ultramafic schist; volcanic or undivided,,meta-igneous ultramafic volcanic or undivided,
802,A-POm-xmba-mgp,Meekatharra Formation,"Amphibolite, derived from basalt, with sheared metapegmatite veins; strongly transposed, foliated, lineated and folded; minor metamorphosed iron-formation","amphibolite,basalt,iron-formation,metapegmatite",210871.59184581297,Polelle Group,Meekatharra Formation,,,amphibolite derived from volcanic rock,metapegmatite,meta-igneous mafic volcanic,meta-igneous felsic intrusive
2408,A-POw-fn,Wilgie Mia Formation,"Felsic volcanic and volcaniclastic rocks, undivided; metamorphosed; commonly deeply weathered and kaolinized","volcanic,volcaniclastic",123551.29333738943,Polelle Group,Wilgie Mia Formation,,,felsic volcanic rock; undivided,,igneous felsic volcanic,
2410,A-POw-mhs,Wilgie Mia Formation,Schistose pelite and psammite with local biotite porphyroblasts,"pelite,psammite",152936.5914546729,Polelle Group,Wilgie Mia Formation,,,psammitic and pelitic schist; interlayered,,metasedimentary siliciclastic: psammite and pelite; interlayered,
2401,A-POw-mib,Wilgie Mia Formation,"Foliated metamorphosed banded iron-formation; commonly with coarse, granular, and recrystallized magnetite crystals",iron-formation,132111.76521348627,Polelle Group,Wilgie Mia Formation,,,meta-banded iron formation,,metasedimentary other chemical: meta-iron formation,
2,A-SDB-gmal,Big Bell Suite,"Fine-grained leucocratic monzogranite; porphyritic to equigranular, locally schistose; also commonly as dykes in greenstones",monzogranite,119712.75201151373,,,,,monzogranite,,igneous granitic,
2809,A-SDB-gmfe,Big Bell Suite,Equigranular monzogranite to syenogranite; common magmatic foliation and schlieren layering,"monzogranite,syenogranite",45433.02578123757,,,,,monzogranite,,igneous granitic,
2821,A-SDB-gmp,Big Bell Suite,K-feldspar porphyritic monzogranite; common magmatic foliation,monzogranite,47548.50442986606,,,,,monzogranite,,igneous granitic,
2551,A-SDB-jmg-mgti,Big Bell Suite,Granitic gneiss with rafts of migmatitic tonalite,"gneiss,granitic,tonalite",51986.89137964469,,,,,metagranitic rock,metatonalite,meta-igneous felsic intrusive,meta-igneous felsic intrusive
2529,A-SDB-jmg-mwas,Big Bell Suite,"Metamonzogranite to metatonalite with locally abundant rafts of amphibolite, decametres to hectometres in length; commonly foliated","amphibolite,metamonzogranite,metatonalite",44035.05158094782,,,,,metagranitic rock,amphibolite,meta-igneous felsic intrusive,meta-igneous mafic
3280,A-SDB-mg,Big Bell Suite,Metagranite; commonly foliated; includes granodiorite to monzogranite,"metagranite,granodiorite,monzogranite",130660.49396104758,,,,,metagranitic rock,,meta-igneous felsic intrusive,
3555,A-SDB-mgg,Big Bell Suite,Metagranodiorite; locally schlieric and gneissic; locally strongly sheared,metagranodiorite,69662.33010294149,,,,,metagranodiorite,,meta-igneous felsic intrusive,
306,A-SDB-mgml,Big Bell Suite,Foliated leucocratic metamonzogranite,metamonzogranite,116922.4991159726,,,,,metamonzogranite,,meta-igneous felsic intrusive,
3258,A-SDB-mgmm,Big Bell Suite,Muscovite metamonzogranite; foliated,metamonzogranite,162204.1078188891,,,,,metamonzogranite,,meta-igneous felsic intrusive,
3495,A-SDB-mgmn,Big Bell Suite,Gneissic metamonzogranite,metamonzogranite,117158.87246000674,,,,,metamonzogranite,,meta-igneous felsic intrusive,
3496,A-SDB-mgms,Big Bell Suite,"Medium-grained metamonzogranite, locally porphyritic; schistose to gneissic",metamonzogranite,111831.81861178316,,,,,metamonzogranite,,meta-igneous felsic intrusive,
3564,A-SDB-mgmu,Big Bell Suite,K-feldspar megacrystic biotite metamonzogranite; strongly foliated,metamonzogranite,59214.22307275032,,,,,metamonzogranite,,meta-igneous felsic intrusive,
525,A-SDB-xgmp-gmal,Big Bell Suite,"K-feldspar megacrystic, flow-banded monzogranite intruded by undeformed fine-grained granite with common magmatic foliation","granite,monzogranite",155697.71193167387,,,,,monzogranite,monzogranite,igneous granitic,igneous granitic
291,A-SDY-ap,Yalgowra Suite,"Peridotite, fine to medium grained; serpentinized and locally foliated",peridotite,124955.97948749209,,,,,pyroxene peridotite,,igneous ultramafic intrusive,
3221,A-SDY-ax,Yalgowra Suite,Pyroxenite; medium to coarse grained; weakly metamorphosed,pyroxenite,154185.811170486,,,,,pyroxenite (intrusive),,igneous ultramafic intrusive,
3226,A-SDY-masr,Yalgowra Suite,Tremolite?chlorite(?talc) schist derived from intrusive peridotite,"peridotite,schist",170584.6698926806,,,,,ultramafic schist derived from intrusive rock,,meta-igneous ultramafic intrusive,
3215,A-SDY-od,Yalgowra Suite,"Dolerite; massive, locally weakly foliated; metamorphosed",dolerite,150125.96009929673,,,,,dolerite,,igneous mafic intrusive,
288,A-SDY-og,Yalgowra Suite,"Gabbro; massive to weakly foliated; local dolerite, quartz gabbro, and gabbronorite; weakly metamorphosed","gabbro,dolerite,gabbro,gabbronorite",125001.2756700173,,,,,gabbro,,igneous mafic intrusive,
3235,A-SDY-ogl,Yalgowra Suite,"Leucogabbro, coarse grained; locally with alternating layers of melanocratic and leucocratic gabbro; massive; weakly metamorphosed","leucogabbro,gabbro",162156.9421658988,,,,,gabbro,,igneous mafic intrusive,
486,A-SDY-ogy,Yalgowra Suite,"Gabbro; fine to medium grained, with compositional layering; weakly metamorphosed",gabbro,217890.34789076613,,,,,gabbro,,igneous mafic intrusive,
3198,A-SDY-oh,Yalgowra Suite,Hornblende gabbro with 4?8 mm grain size; contains up to 30% equant hornblende oikocrysts 6?20 mm in diameter; locally grades into hornblende-bearing melagabbro; metamorphosed,gabbro,165331.40271720625,,,,,hornblende gabbro,,igneous mafic intrusive,
560,A-SDcr-mgg,Crossroads Granodiorite,Metagranodiorite to metamonzogranite; commonly foliated,"metagranodiorite,metamonzogranite",159180.89802784266,,Crossroads Granodiorite,,,metagranodiorite,,meta-igneous felsic intrusive,
3405,A-SDcr-xmgm-gmp,Crossroads Granodiorite,Pegmatite-layered metamonzogranite gneiss,"gneiss,metamonzogranite",210211.26571252977,,Crossroads Granodiorite,,,metamonzogranite,monzogranite,meta-igneous felsic intrusive,igneous granitic
503,A-SDfp-ogl,Fleece Pool Gabbro,Leucogabbro with gabbro and gabbronorite base and harrisitic the top contact; metamorphosed,"gabbro,gabbronorite,leucogabbro",224675.2848784777,,Fleece Pool Gabbro,,,gabbro,,igneous mafic intrusive,
1873,A-THdb-mggu,Dromedary Bore Granite,Granodiorite gneiss; locally biotite rich with K-feldspar augen,"gneiss,granodiorite",152545.17221564808,,Dromedary Bore Granite,,,metagranodiorite,,meta-igneous felsic intrusive,
3559,A-THgn-mgg,Gnows Nest Granodiorite,Metamorphosed granodiorite to tonalite with K-feldspar phenocrysts up to 8 mm in 4?6 mm matrix,"granodiorite,tonalite",43121.82710394847,,Gnows Nest Granodiorite,,,metagranodiorite,,meta-igneous felsic intrusive,
2165,A-THgn-mgta,Gnows Nest Granodiorite,Metamorphosed tonalite to granodiorite with hornblende and K-feldspar phenocrysts up to 8 mm in 4?6 mm matrix,"granodiorite,tonalite",72911.51917555433,,Gnows Nest Granodiorite,,,metatonalite,,meta-igneous felsic intrusive,
3547,A-THky-mgti,Kynea Migmatite,Migmatitic gneiss (tonalitic to granodioritic) with monzogranitic leucosomes,gneiss,19607.168594335828,,Kynea Migmatite,,,metatonalite,,meta-igneous felsic intrusive,
380,A-TU-gmal,Tuckanarra Suite,Fine-grained leucocratic monzogranite; massive; magmatic foliation common,monzogranite,141098.90900215114,,,,,monzogranite,,igneous granitic,
3308,A-TU-gmap,Tuckanarra Suite,"Quartz- and feldspar-phyric, fine-grained monzogranite; locally foliated",monzogranite,49175.77730484661,,,,,monzogranite,,igneous granitic,
1538,A-TU-jmggn-mba,Tuckanarra Suite,Gneissose metagranodiorite with abundant rafts of amphibolitic metabasalt; locally strongly sheared,"metabasalt,metagranodiorite",126379.61068282624,,,,,metagranodiorite,amphibolite derived from volcanic rock,meta-igneous felsic intrusive,meta-igneous mafic volcanic
1208,A-TU-mg,Tuckanarra Suite,Metamonzogranite to metagranodiorite; commonly foliated,"metagranodiorite,metamonzogranite",128999.24353615858,,,,,metagranitic rock,,meta-igneous felsic intrusive,
1882,A-TU-mgm,Tuckanarra Suite,"Metamonzogranite; medium to coarse grained, K-feldspar phyric; locally foliated to gneissic",metamonzogranite,126876.1070400114,,,,,metamonzogranite,,meta-igneous felsic intrusive,
303,A-TU-mgml,Tuckanarra Suite,"Medium-grained, leucocratic metamonzogranite; foliated",metamonzogranite,135926.0249467115,,,,,metamonzogranite,,meta-igneous felsic intrusive,
2854,A-TU-mgms,Tuckanarra Suite,Biotite metamonzogranite; strongly foliated,metamonzogranite,62031.30854577457,,,,,metamonzogranite,,meta-igneous felsic intrusive,
3361,A-TU-mgmu,Tuckanarra Suite,K-feldspar megacrystic biotite metamonzogranite; strongly foliated,metamonzogranite,49912.780327124856,,,,,metamonzogranite,,meta-igneous felsic intrusive,
3299,A-TU-mgss,Tuckanarra Suite,Strongly sheared and highly schistose metagranite,metagranite,198043.28307670975,,,,,foliated metagranite,,meta-igneous felsic intrusive,
877,A-TUcu-gmal,Cundimurra Monzogranite,"Fine-grained, leucocratic monzogranite; undeformed; magmatic foliation common",monzogranite,186234.50465605423,,Cundimurra Monzogranite,,,monzogranite,,igneous granitic,
3494,A-TUcu-gmfe,Cundimurra Monzogranite,Equigranular monzogranite to syenogranite; undeformed; magmatic foliation common,"monzogranite,syenogranite",171882.01502970082,,Cundimurra Monzogranite,,,monzogranite,,igneous granitic,
1875,A-TUcu-gmfp,Cundimurra Monzogranite,K-feldspar-phyric monzogranite to syenogranite; undeformed; magmatic foliation common,"monzogranite,syenogranite",129505.90785267265,,Cundimurra Monzogranite,,,monzogranite,,igneous granitic,
1877,A-TUcu-mgms,Cundimurra Monzogranite,"Schistose, equigranular metamonzogranite; includes minor schlieric gneiss, sheared quartz veins, and sheared pegmatitic rocks","gneiss,metamonzogranite",123741.26194632871,,Cundimurra Monzogranite,,,metamonzogranite,,meta-igneous felsic intrusive,
3532,A-TUcu-mgmu,Cundimurra Monzogranite,K-feldspar megacrystic biotite metamonzogranite; strongly foliated,metamonzogranite,118341.23131456763,,Cundimurra Monzogranite,,,metamonzogranite,,meta-igneous felsic intrusive,
3491,A-TUcu-mgmy,Cundimurra Monzogranite,Biotite metamonzogranite; mylonitic; commonly with pegmatite veins and other intrusive granitic phases,"metamonzogranite,granitic,pegmatite",164264.06459247792,,Cundimurra Monzogranite,,,metamonzogranite,,meta-igneous felsic intrusive,
2952,A-_ou-bd,Mougooderra Formation,"Basaltic andesite, basalt and andesite; massive to weakly foliated; locally pillowed or vesicular; metamorphosed","andesite,andesite,basalt",30379.00384420201,,Mougooderra Formation,,,basaltic andesite,,igneous mafic volcanic,
2966,A-_ou-f,Mougooderra Formation,"Felsic volcanic, volcaniclastic, and sedimentary rocks, undivided; locally schistose; metamorphosed; commonly deeply weathered","volcanic,volcaniclastic",27145.6930563468,,Mougooderra Formation,,,,,igneous felsic volcanic,
3590,A-_ou-mhs,Mougooderra Formation,"Thinly to thickly interbedded metaconglomerate, metasandstone and metasiltstone; locally with andalusite porphyroblasts; commonly schistose","metaconglomerate,metasandstone,metasiltstone",24210.304398374577,,Mougooderra Formation,,,psammitic and pelitic schist; interlayered,,metasedimentary siliciclastic: psammite and pelite; interlayered,
1945,A-_ou-mib,Mougooderra Formation,"Metamorphosed banded iron-formation, banded chert and ferruginous siltstone; locally hematite rich; common tight to isoclinal folds","iron-formation,chert,siltstone",43209.651774360034,,Mougooderra Formation,,,meta-banded iron formation,,metasedimentary other chemical: meta-iron formation,
1884,A-_ou-ml,Mougooderra Formation,"Very thin-bedded metasiltstone with lesser metasandstone; andalusite, garnet, cordierite, and orthoamphibole in contact aureoles adjacent to granitic intrusions","metasandstone,metasiltstone,granitic",23614.07463187567,,Mougooderra Formation,,,metasiltstone/metamudstone/metashale,,metasedimentary siliciclastic: pelite,
1942,A-_ou-mxs,Mougooderra Formation,"Polymictic metaconglomerate in lenses interbedded with metasandstone; clasts of banded chert dominant; local fuchsitic, granitic, andesitic, and vein quartz clasts, and boulder breccias; commonly schistose","metaconglomerate,metasandstone,chert,granitic",26202.7635791157,,Mougooderra Formation,,,psephitic schist,,metasedimentary siliciclastic: psephite,
2043,A-_ou-smb,Mougooderra Formation,"Conglomerate, metamorphosed and strongly foliated; locally contains mafic and granitic clasts","conglomerate,granitic,mafic",84146.34039090588,,Mougooderra Formation,,,conglomerate + other siliciclastic rock,,sedimentary siliciclastic,
2996,A-_ou-xmd-mx,Mougooderra Formation,"Interbedded metasandstone, quartzite, polymictic metaconglomerate and minor metasiltstone; heavy mineral laminae; common andalusite and contact metamorphic aureoles; locally strongly sheared, schistose","metasandstone,metaconglomerate,metasiltstone,quartzite",26606.0440102619,,Mougooderra Formation,,,metasiliciclastic rock,metaconglomerate,metasedimentary siliciclastic,metasedimentary siliciclastic: psephite
3028,A-_ou-xmhs-mib,Mougooderra Formation,"Metasandstone interbedded with polymictic metaconglomerate, metasiltstone and metamorphosed banded iron-formation; minor volcanic units; locally strongly deformed; common andalusite","metaconglomerate,metasandstone,iron-formation,metasiltstone,volcanic",31068.072988158332,,Mougooderra Formation,,,psammitic and pelitic schist; interlayered,meta-banded iron formation,metasedimentary siliciclastic: psammite and pelite; interlayered,metasedimentary other chemical: meta-iron formation
527,A-apu-YYO,Youanmi Terrane greenstones,"Peridotite, coarse grained; massive, locally weakly deformed; metamorphosed",peridotite,167301.01085227996,,,,,pyroxene peridotite,,igneous ultramafic intrusive,
2495,A-ax-YYO,Youanmi Terrane greenstones,Pyroxenite; medium to coarse grained; massive to weakly foliated; metamorphosed,pyroxenite,25329.52127461027,,,,,pyroxenite (intrusive),,igneous ultramafic intrusive,
2973,A-bb-YYO,Youanmi Terrane greenstones,"Basalt, metamorphosed; includes some amphibolite and amphibolitic schist derived from tholeiitic basalt; may contain  some metamorphosed high-Mg basalt, and minor mafic intrusive and volcaniclastic sedimentary rocks","basalt,amphibolite,basalt,basalt,mafic,schist,volcaniclastic",39705.66289567515,,,,,basalt,,igneous mafic volcanic,
2057,A-bbd-YYO,Youanmi Terrane greenstones,Pillowed and spherulitic basalt; metamorphosed,basalt,81404.68378666777,,,,,basalt,,igneous mafic volcanic,
2022,A-bbw-YYO,Youanmi Terrane greenstones,Variolitic basalt; locally basalt and/or pyroxene spinifex-textured basalt; metamorphosed,"basalt,basalt,basalt",71036.63130671505,,,,,basalt,,igneous mafic volcanic,
2494,A-bs-YYO,Youanmi Terrane greenstones,"Komatiitic basalt, commonly with pseudomorphed pyroxene-spinifex texture; metamorphosed and locally schistose; includes weakly metamorphosed tholeiitic basalt and minor mafic and ultramafic intrusive rocks","basalt,basalt,mafic,ultramafic",22496.44000540908,,,,,pyroxene spinifex-textured basalt,,igneous mafic volcanic,
2034,A-cib-YYO,Youanmi Terrane greenstones,Banded iron-formation and ferruginous banded chert; minor jaspilite; metamorphosed,"chert,iron-formation",77208.56763743488,,,,,iron formation,,sedimentary other chemical or biochemical,
1055,A-gmap-Y,Yilgarn Craton granites,"Fine-grained porphyritic monzogranite, as dykes; weakly metamorphosed; locally foliated",monzogranite,231823.47114153765,,,,,monzogranite,,igneous granitic,
1826,A-gn-Y,Yilgarn Craton granites,"Granitic rock, undivided; metamorphosed; includes deeply weathered rock",granitic,152142.18703082012,,,,,granitic rock; undivided,,igneous granitic,
3171,A-gnap-Y,Yilgarn Craton granites,Porphyritic microgranite; metamorphosed; locally schistose; includes deeply weathered rock,microgranite,153528.41522156986,,,,,granitic rock; undivided,,igneous granitic,
2187,A-gvlq-Y,Yilgarn Craton granites,Quartz?plagioclase granophyre; locally strongly foliated; commonly as dykes in greenstones,granophyre,157362.4741033123,,,,,granophyre,,igneous granitic,
1804,A-jmgm-mog-Y,Yilgarn Craton granites,Metamonzogranite with muscovite-rich patches; contains abundant decimetre-sized rafts of amphibolitic metagabbro; locally highly schistose,"metamonzogranite,metagabbro",178750.4494548992,,,,,metamonzogranite,metagabbro,meta-igneous felsic intrusive,meta-igneous mafic intrusive
3026,A-ma-YYO,Youanmi Terrane greenstones,Meta-ultramafic intrusive rock; locally abundant serpentinite,"ultramafic,serpentinite",52556.88933252779,,,,,meta-ultramafic intrusive rock,,meta-igneous ultramafic intrusive,
1943,A-maps-YYO,Youanmi Terrane greenstones,Chlorite?tremolite(?talc) schist derived from peridotite,"peridotite,schist",31939.325233769727,,,,,metaperidotite derived from intrusive rock,,meta-igneous ultramafic intrusive,
2046,A-mba-YYO,Youanmi Terrane greenstones,Amphibolite derived from mafic volcanic rocks; fine to medium grained; typically foliated,"amphibolite,mafic,volcanic",76691.7768208801,,,,,amphibolite derived from volcanic rock,,meta-igneous mafic volcanic,
1909,A-mbb-YYO,Youanmi Terrane greenstones,"Metabasalt, locally amygdaloidal; massive to foliated; includes minor metadolerite and subordinate metamorphosed pyroxene spinifex-textured basalt","metabasalt,basalt,metadolerite",44521.50254809582,,,,,metabasalt,,meta-igneous mafic volcanic,
822,A-mbbs-YYO,Youanmi Terrane greenstones,Fine-grained schist derived from basalt; includes amphibole?chlorite assemblages; local metagabbro and ultramafic schist,"basalt,schist,metagabbro,schist,ultramafic",228868.96629533925,,,,,metabasalt,,meta-igneous mafic volcanic,
2498,A-mbs-YYO,Youanmi Terrane greenstones,Mafic schist derived from fine-grained mafic rocks,"mafic,mafic,schist",21981.118712683383,,,,,mafic schist derived from volcanic rock,,meta-igneous mafic volcanic,
3392,A-mfas-YYO,Youanmi Terrane greenstones,"Meta-andesite; massive to fragmental, locally porphyritic; commonly strongly deformed",andesite,210639.55674918406,,,,,meta-andesite,,meta-igneous felsic volcanic,
323,A-mfs-YYO,Youanmi Terrane greenstones,Quartzofeldspathic foliated metamorphic rock derived from felsic volcanic or volcaniclastic protolith; typically deeply weathered,"volcanic,volcaniclastic",157896.84729075752,,,,,felsic schist derived from volcanic rock,,meta-igneous felsic volcanic,
2967,A-mgms-Y,Yilgarn Craton granites,"Foliated biotite metamonzogranite; minor metagranodiorite, metasyenogranite, and metapegmatite; fine to coarse grained; locally gneissic","metamonzogranite,metagranodiorite,metapegmatite,metasyenogranite",39322.65418589153,,,,,metamonzogranite,,meta-igneous felsic intrusive,
3450,A-mgpm-Y,Yilgarn Craton granites,Muscovite-bearing pegmatitic metagranite; locally strongly sheared with a well developed muscovite fabric,metagranite,194947.55240950547,,,,,metapegmatite,,meta-igneous felsic intrusive,
3544,A-mhs-YYO,Youanmi Terrane greenstones,Interlayered psammite and pelite; schistose,"pelite,psammite",21217.143515231855,,,,,psammitic and pelitic schist; interlayered,,metasedimentary siliciclastic: psammite and pelite; interlayered,
1919,A-mib-YYO,Youanmi Terrane greenstones,Metamorphosed banded iron-formation and minor banded chert,"chert,iron-formation",41432.09097148538,,,,,meta-banded iron formation,,metasedimentary other chemical: meta-iron formation,
2065,A-mls-YYO,Youanmi Terrane greenstones,Pelite; dominantly metashale and metasiltstone; local andalusite and/or cordierite porphyroblasts,"pelite,metashale,metasiltstone",72706.46516848031,,,,,pelitic schist,,metasedimentary siliciclastic: pelite,
3194,A-moa-YYO,Youanmi Terrane greenstones,"Amphibolite; medium to coarse grained, derived from dolerite and gabbro","amphibolite,dolerite,gabbro",171207.38223571322,,,,,amphibolite derived from intrusive rock,,meta-igneous mafic intrusive,
2285,A-mods-YYO,Youanmi Terrane greenstones,Metadolerite; schistose; locally amphibolitic,metadolerite,25963.755650433708,,,,,metadolerite,,meta-igneous mafic intrusive,
3272,A-mog-YYO,Youanmi Terrane greenstones,Metagabbro; typically chlorite- and/or amphibole-rich with local preservation of relict igneous texture; includes minor metapyroxenite and metabasalt; locally strongly sheared,"metagabbro,metabasalt,metapyroxenite",94634.92702120286,,,,,metagabbro,,meta-igneous mafic intrusive,
2237,A-mogs-YYO,Youanmi Terrane greenstones,Strongly foliated metagabbro,metagabbro,39955.84039890095,,,,,metagabbro,,meta-igneous mafic intrusive,
396,A-msqm-YYO,Youanmi Terrane greenstones,"Strongly foliated quartz?mica schist, commonly as discontinuous septa within granites",schist,223443.40116687154,,,,,quartz-mica schist,,metamorphic protolith unknown: schist,
2915,A-mus-YYO,Youanmi Terrane greenstones,"Ultramafic schist; includes talc?tremolite?chlorite schist, and minor serpentinite and mafic schist","schist,ultramafic,mafic,schist,schist,serpentinite",56842.575960018534,,,,,ultramafic schist; volcanic or undivided,,meta-igneous ultramafic volcanic or undivided,
1895,A-musr-YYO,Youanmi Terrane greenstones,"Tremolite?chlorite(?talc) schist; includes minor metamorphosed komatiitic basalt, metapyroxenite, and cumulate-textured zones","schist,basalt,metapyroxenite",41812.10195886033,,,,,ultramafic schist; volcanic or undivided,,meta-igneous ultramafic volcanic or undivided,
2853,A-mwa-YYO,Youanmi Terrane greenstones,Amphibolite derived from mafic volcanic and intrusive rocks; locally schistose; may include metamorphosed banded iron-formation,"amphibolite,mafic,volcanic,iron-formation",28765.109221470946,,,,,amphibolite,,meta-igneous mafic,
2288,A-mwas-YYO,Youanmi Terrane greenstones,Strongly foliated amphibolite and amphibolite schist; fine to medium grained; commonly lineated,"amphibolite,amphibolite,schist",26511.31134919826,,,,,amphibolite,,meta-igneous mafic,
336,A-od-YYO,Youanmi Terrane greenstones,Dolerite; minor basalt or gabbro; metamorphosed,"dolerite,basalt,gabbro",159310.22742875686,,,,,dolerite,,igneous mafic intrusive,
2115,A-og-YYO,Youanmi Terrane greenstones,Gabbro; minor pyroxenite or quartz gabbro; metamorphosed,"gabbro,gabbro,pyroxenite",107451.20778497755,,,,,gabbro,,igneous mafic intrusive,
941,A-ogd-YYO,Youanmi Terrane greenstones,"Pegmatoidal gabbro; coarse grained, massive; commonly strongly deformed; locally contains dolerite and quartz gabbro; metamorphosed","gabbro,dolerite,gabbro",178253.14494108883,,,,,gabbro,,igneous mafic intrusive,
3273,A-oml-YYO,Youanmi Terrane greenstones,"Leucogabbronorite grading into gabbronorite, anorthosite, and leuconorite; locally showing very coarse-grained ophitic texture; metamorphosed","gabbronorite,leucogabbronorite,anorthosite,leuconorite",108210.64103746667,,,,,gabbronorite,,igneous mafic intrusive,
2167,A-up-YYO,Youanmi Terrane greenstones,"Peridotite, metamorphosed; commonly serpentinized",peridotite,69324.33623511992,,,,,peridotite,,igneous ultramafic volcanic,
2168,A-xfa-bb-YYO,Youanmi Terrane greenstones,"Andesite, basaltic andesite, and basalt; massive to weakly deformed; metamorphosed","andesite,andesite,basalt",74792.75177761662,,,,,andesite,basalt,igneous felsic volcanic,igneous mafic volcanic
3502,A-xmbm-musr-YYO,Youanmi Terrane greenstones,Metamorphosed komatiitic basalt and tremolite?chlorite(?talc) schist; includes minor metakomatiite and metabasalt,"basalt,schist,metabasalt,metakomatiite",157214.48128716397,,,,,metakomatiitic basalt,ultramafic schist; volcanic or undivided,meta-igneous mafic volcanic,meta-igneous ultramafic volcanic or undivided
1163,A-xmbs-g-YYO,Youanmi Terrane greenstones,Foliated metamorphosed mafic rock and local amphibolite interleaved with minor massive to weakly foliated granitic rock,"amphibolite,granitic,mafic",230881.99152544388,,,,,mafic schist derived from volcanic rock,,meta-igneous mafic volcanic,igneous granitic
2169,A-xmus-mg-YYO,Youanmi Terrane greenstones,Ultramafic schist interleaved with metagranite,"metagranite,schist,ultramafic",96072.5881071708,,,,,ultramafic schist; volcanic or undivided,metagranitic rock,meta-igneous ultramafic volcanic or undivided,meta-igneous felsic intrusive
1093,A-xmusr-mba-YYO,Youanmi Terrane greenstones,Tremolite?chlorite(?talc) schist and fine-grained amphibolite,"amphibolite,schist",230388.411820868,,,,,ultramafic schist; volcanic or undivided,amphibolite derived from volcanic rock,meta-igneous ultramafic volcanic or undivided,meta-igneous mafic volcanic
2502,A-xod-og-YYO,Youanmi Terrane greenstones,Massive dolerite interleaved with minor gabbro; metamorphosed,"dolerite,gabbro",22950.095929796502,,,,,dolerite,gabbro,igneous mafic intrusive,igneous mafic intrusive
3536,A-xs-bb-YYO,Youanmi Terrane greenstones,"Sedimentary and basaltic rocks, with minor chert and banded iron-formation; metamorphosed; commonly deeply weathered","chert,iron-formation",73151.89540817644,,,,,,basalt,sedimentary siliciclastic,igneous mafic volcanic
2170,A-xs-f-YYO,Youanmi Terrane greenstones,"Sedimentary rock and felsic rock, with minor chert; commonly deeply weathered","sedimentary-rock,chert",76873.171718126,,,,,,,sedimentary siliciclastic,igneous felsic volcanic
3191,P_-WK-gi,Warakurna Supersuite,Diorite to minor syenogranite in dykes and sills,syenogranite,160616.24225431005,,,,,diorite,,igneous granitic,
