,CODE,UNITNAME,DESCRIPTN,lithos,distance,GROUP_,FORMATION,MEMBER,BED,LITHNAME1,LITHNAME2,ROCKTYPE1,ROCKTYPE2
1652,A-AN-ax,Annean Supersuite,"Pyroxenite, medium to coarse grained; amphibole pseudomorphs after pyroxene are locally abundant; metamorphosed",pyroxenite,194648.99329390912,,,,,pyroxenite (intrusive),,igneous ultramafic intrusive,
844,A-AN-gmap,Annean Supersuite,"Fine-grained monzogranite, commonly as dykes in greenstones; quartz(?feldspar)-porphyritic to locally equigranular; locally schistose",monzogranite,187892.01345193223,,,,,monzogranite,,igneous granitic,
863,A-AN-jmg-mwa,Annean Supersuite,"Foliated, heterogeneous metagranite with dismembered trains of amphibolite xenoliths; commonly with abundant pegmatite","amphibolite,metagranite,pegmatite",203205.01667184348,,,,,metagranitic rock,amphibolite,meta-igneous felsic intrusive,meta-igneous mafic
1697,A-AN-jmod-mib,Annean Supersuite,Metadolerite typically with large (up to 100 m) inclusions of metamorphosed banded iron-formation; locally strongly sheared and recrystallized,"iron-formation,metadolerite",183086.69285256727,,,,,metadolerite,meta-banded iron formation,meta-igneous mafic intrusive,metasedimentary other chemical: meta-iron formation
1482,A-AN-mas,Annean Supersuite,Ultramafic schist and serpentinite derived from intrusive rocks; typically interlayered with mafic schist; locally strongly sheared,"schist,serpentinite,ultramafic,mafic,schist",194439.17855839885,,,,,ultramafic schist derived from intrusive rock,,meta-igneous ultramafic intrusive,
1656,A-AN-mat,Annean Supersuite,Serpentinite with local relict olivine cumulate texture; locally with talc?tremolite?chlorite schist dominant; typically sheared,"serpentinite,schist",192749.08825786223,,,,,serpentinite derived from intrusive rock,,meta-igneous ultramafic intrusive,
2319,A-AN-mgg,Annean Supersuite,Metagranodiorite,metagranodiorite,233223.0169082264,,,,,metagranodiorite,,meta-igneous felsic intrusive,
446,A-AN-mggs,Annean Supersuite,Biotite metagranodiorite; strongly foliated; commonly with pegmatite and leucogranite veins,"metagranodiorite,leucogranite,pegmatite",176062.85978470425,,,,,metagranodiorite,,meta-igneous felsic intrusive,
3333,A-AN-mgms,Annean Supersuite,Foliated biotite metamonzogranite; locally with xenoliths of felsic schist and amphibolite,"metamonzogranite,amphibolite,schist",196656.38151092044,,,,,metamonzogranite,,meta-igneous felsic intrusive,
3389,A-AN-mgmu,Annean Supersuite,K-feldspar and quartz porphyritic biotite metamonzogranite; strongly foliated,metamonzogranite,203903.44210477747,,,,,metamonzogranite,,meta-igneous felsic intrusive,
665,A-AN-mgn,Annean Supersuite,Medium-grained granitic gneiss; locally muscovite-bearing; strongly foliated,"gneiss,granitic",180055.38437268214,,,,,granitic gneiss,,meta-igneous felsic intrusive,
1124,A-AN-mgta,Annean Supersuite,Amphibole-rich metatonalite; locally sheared,metatonalite,233587.49918511856,,,,,metatonalite,,meta-igneous felsic intrusive,
339,A-AN-mgtn,Annean Supersuite,Fine-grained biotite tonalite gneiss; includes crosscutting younger phases and pegmatites,"gneiss,tonalite",114392.55089752562,,,,,metatonalite,,meta-igneous felsic intrusive,
1752,A-AN-mog,Annean Supersuite,"Metagabbro, locally with amphibole porphyroblasts; includes deeply weathered rock",metagabbro,189706.36902107063,,,,,metagabbro,,meta-igneous mafic intrusive,
1091,A-AN-o,Annean Supersuite,Mafic intrusive rock; predominantly gabbro with minor leucogabbro and dolerite; metamorphosed,"mafic,dolerite,gabbro,leucogabbro",228963.21201094848,,,,,,,igneous mafic intrusive,
1608,A-AN-od,Annean Supersuite,"Dolerite grading into metadolerite, locally schistose; metamorphosed","dolerite,metadolerite",109881.83367736053,,,,,dolerite,,igneous mafic intrusive,
1785,A-AN-og,Annean Supersuite,"Gabbro locally grading into leucogabbro, gabbronorite, and pegmatitic gabbro; locally with modal layering of pyroxene and plagioclase; minor intercumulus magnetite; metamorphosed","gabbro,leucogabbro,gabbro,gabbronorite",194483.54529369975,,,,,gabbro,,igneous mafic intrusive,
1676,A-AN-ogy,Annean Supersuite,Layered gabbro to leucogabbro; modal layering of plagioclase and pyroxene on a decimetre scale; locally abundant clinopyroxene oikocrysts up to 30 mm; metamorphosed,"gabbro,leucogabbro",194287.49428956307,,,,,gabbro,,igneous mafic intrusive,
3329,A-AN-xmggs-gmd,Annean Supersuite,Medium-grained foliated to gneissic metagranodiorite with abundant pegmatite veins,"metagranodiorite,pegmatite",194081.26884733874,,,,,metagranodiorite,monzogranite,meta-igneous felsic intrusive,igneous granitic
696,A-AN-xmgm-mfs,Annean Supersuite,Foliated metamonzogranite with slivers and rafts of fine-grained felsic schist,"metamonzogranite,schist",208402.67943958385,,,,,metamonzogranite,felsic schist derived from volcanic rock,meta-igneous felsic intrusive,meta-igneous felsic volcanic
755,A-AN-xmgn-mgm,Annean Supersuite,Medium-grained biotite granite gneiss cut by sheets of metamonzogranite; varies to migmatitic gneiss,"gneiss,granite,metamonzogranite,gneiss",203207.6264194883,,,,,granitic gneiss,metamonzogranite,meta-igneous felsic intrusive,meta-igneous felsic intrusive
1623,A-AN-xog-od,Annean Supersuite,Interlayered gabbro and dolerite; locally interlayered greenschist to amphibolite facies metagabbro and metadolerite; metamorphosed,"dolerite,gabbro,amphibolite,metadolerite,metagabbro",190945.13169379148,,,,,gabbro,dolerite,igneous mafic intrusive,igneous mafic intrusive
492,A-ANC-mg,Cullculli Suite,"Metatonalite, metagranodiorite, and metatrondhjemite; typically hornblende bearing, and with common mafic clots","metatonalite,mafic,metagranodiorite,metatrondhjemite",178016.4448533907,,,,,metagranitic rock,,meta-igneous felsic intrusive,
3609,A-ANC-mgga,Cullculli Suite,Hornblende-bearing metagranodiorite with minor metatonalite; contains scattered small mafic xenoliths,"metagranodiorite,metatonalite,mafic",124272.27098282106,,,,,metagranodiorite,,meta-igneous felsic intrusive,
485,A-ANC-mgta,Cullculli Suite,"Metatonalite with hornblende phenocrysts and common, small, elliptical mafic xenoliths","metatonalite,mafic",185687.28105772348,,,,,metatonalite,,meta-igneous felsic intrusive,
1641,A-ANK-gg,Mount Kenneth Suite,"Granodiorite, typically with sparsely distributed biotite schlieren; locally with rafts of amphibolite; metamorphosed","granodiorite,amphibolite",181850.54305677745,,,,,granodiorite,,igneous granitic,
1017,A-ANK-gt,Mount Kenneth Suite,"Tonalite, typically with plagioclase and hornblende phenocrysts; locally sheared; includes rafts of amphibolite; metamorphosed","tonalite,amphibolite",183959.51622574683,,,,,tonalite,,igneous granitic,
1655,A-ANK-gth,Mount Kenneth Suite,Hornblende tonalite; locally weakly deformed; metamorphosed,tonalite,193348.29821011255,,,,,tonalite,,igneous granitic,
3435,A-ANK-jmg-md,Mount Kenneth Suite,"Metagranitic rock, locally sheared with abundant rafts and lenses of sheared quartzite, psammite, and pelite","metagranitic,pelite,psammite,quartzite",125995.47737869613,,,,,metagranitic rock,metasiliciclastic rock,meta-igneous felsic intrusive,metasedimentary siliciclastic
1540,A-ANK-jmgg-mog,Mount Kenneth Suite,Metagranodiorite to metamonzogranite with muscovite-rich patches; abundant decimetre-sized rafts of metagabbro; locally strongly schistose,"metagranodiorite,metamonzogranite,metagabbro",112403.54051902513,,,,,metagranodiorite,metagabbro,meta-igneous felsic intrusive,meta-igneous mafic intrusive
1511,A-ANK-jmggn-mus,Mount Kenneth Suite,Gneissose metagranodiorite with abundant rafts of ultramafic schist; locally strongly sheared,"metagranodiorite,schist,ultramafic",108557.90463887727,,,,,metagranodiorite,ultramafic schist; volcanic or undivided,meta-igneous felsic intrusive,meta-igneous ultramafic volcanic or undivided
1524,A-ANK-mg,Mount Kenneth Suite,"Metagranitic rock, locally sheared; includes deeply weathered rocks",metagranitic,108828.82217278282,,,,,metagranitic rock,,meta-igneous felsic intrusive,
1374,A-ANK-mgg,Mount Kenneth Suite,"Metagranodiorite, typically with sparse biotite schlieren; locally with rafts of amphibolite derived from intrusive rocks","metagranodiorite,amphibolite",145407.0799133473,,,,,metagranodiorite,,meta-igneous felsic intrusive,
3292,A-ANK-mgs,Mount Kenneth Suite,"Schistose metagranitic rock, locally strongly sheared; includes deeply weathered rocks",metagranitic,130809.13653712708,,,,,granitic schist,,meta-igneous felsic intrusive,
1404,A-ANK-mgta,Mount Kenneth Suite,Amphibole-rich metatonalite; locally sheared,metatonalite,109353.8833310181,,,,,metatonalite,,meta-igneous felsic intrusive,
1758,A-ANK-xmgt-mg,Mount Kenneth Suite,Metatonalitic rock with subordinate metagranodiorite and metamonzogranite; locally strongly deformed; typically weakly schistose,"metagranodiorite,metamonzogranite",199255.14165116093,,,,,metatonalite,metagranitic rock,meta-igneous felsic intrusive,meta-igneous felsic intrusive
1988,A-ANR-jmg-mwa,Rothsay Suite,Heterogeneous metagranite with abundant rafts of amphibolite; commonly with abundant pegmatite,"amphibolite,metagranite,pegmatite",68511.4634484482,,,,,metagranitic rock,amphibolite,meta-igneous felsic intrusive,meta-igneous mafic
1984,A-ANR-mgg,Rothsay Suite,"Porphyritic to equigranular, medium- to coarse-grained metagranodiorite; magmatic foliation, in places with moderate solid-state overprint",metagranodiorite,69487.66695327767,,,,,metagranodiorite,,meta-igneous felsic intrusive,
1987,A-ANR-mgms,Rothsay Suite,"Foliated biotite metamonzogranite, with local K-feldspar phenocrysts; common pegmatite veins","metamonzogranite,pegmatite",67866.02048323581,,,,,metamonzogranite,,meta-igneous felsic intrusive,
2539,A-ANW-ap,Warriedar Suite,Peridotite; relict cumulate textures preserved locally; minor pyroxenite; metamorphosed; typically serpentinized,"peridotite,pyroxenite",5810.560311472248,,,,,pyroxene peridotite,,igneous ultramafic intrusive,
1903,A-ANW-ax,Warriedar Suite,Pyroxenite; relict cumulate textures preserved locally; minor peridotite; metamorphosed; typically serpentinized,"pyroxenite,peridotite",22402.345176917224,,,,,pyroxenite (intrusive),,igneous ultramafic intrusive,
3010,A-ANW-masr,Warriedar Suite,Ultramafic talc?tremolite?serpentine?magnetite schist; locally strongly sheared,"schist,ultramafic",28954.066240775068,,,,,ultramafic schist derived from intrusive rock,,meta-igneous ultramafic intrusive,
2815,A-ANW-mat,Warriedar Suite,Serpentinite derived from intrusive rocks; locally strongly sheared and talc rich,serpentinite,20884.637495712243,,,,,serpentinite derived from intrusive rock,,meta-igneous ultramafic intrusive,
2485,A-ANW-mog,Warriedar Suite,"Metagabbro; locally with layers of metaleucogabbro, metagabbronorite, metadolerite and minor metapyroxenite; includes amphibole-porphyroblastic metagabbro and metadolerite; typically weakly schistose","metagabbro,metadolerite,metadolerite,metagabbro,metagabbronorite,metaleucogabbro,metapyroxenite",19086.359422744757,,,,,metagabbro,,meta-igneous mafic intrusive,
2968,A-ANW-mogs,Warriedar Suite,Gabbroic schist; plagioclase?epidote?actinolite?chlorite±hornblende assemblage,schist,60911.047688637016,,,,,metagabbro,,meta-igneous mafic intrusive,
2541,A-ANW-od,Warriedar Suite,Dolerite; metamorphosed,dolerite,6290.454973916785,,,,,dolerite,,igneous mafic intrusive,
2818,A-ANW-og,Warriedar Suite,"Gabbro; locally includes layers of leucogabbro, gabbronorite, dolerite, minor pyroxenite and pegmatitic gabbro; metamorphosed","gabbro,dolerite,gabbro,gabbronorite,leucogabbro,pyroxenite",22375.36868021515,,,,,gabbro,,igneous mafic intrusive,
2881,A-ANW-xax-og,Warriedar Suite,"Basal pyroxenite to pyroxene peridotite, typically showing cumulate textures; gabbro?leucogabbro in central to upper parts, locally layered and with doleritic or granophyric top contacts; metamorphosed","peridotite,pyroxenite,gabbro?leucogabbro",22599.15493526199,,,,,pyroxenite (intrusive),gabbro,igneous ultramafic intrusive,igneous mafic intrusive
1933,A-ANW-xog-od,Warriedar Suite,Interlayered gabbro and dolerite; metamorphosed,"dolerite,gabbro",13425.744368250149,,,,,gabbro,dolerite,igneous mafic intrusive,igneous mafic intrusive
1433,A-ANab-od,"Atley Igneous Complex, border zone",Dolerite grading into gabbro; locally as large xenoliths within gabbro and gabbronorite; metamorphosed,"dolerite,gabbro,gabbro,gabbronorite",203516.3531476599,,Atley Igneous Complex,"Atley Igneous Complex, border zone",,dolerite,,igneous mafic intrusive,
1791,A-ANam-mat,"Atley Igneous Complex, middle zone",Serpentinite derived from peridotitic igneous layers; locally grades into metapyroxenite,"serpentinite,metapyroxenite",197543.80918942956,,Atley Igneous Complex,"Atley Igneous Complex, middle zone",,serpentinite derived from intrusive rock,,meta-igneous ultramafic intrusive,
1332,A-ANam-od,"Atley Igneous Complex, middle zone",Dolerite grading into gabbro; metamorphosed,"dolerite,gabbro",205149.02311450182,,Atley Igneous Complex,"Atley Igneous Complex, middle zone",,dolerite,,igneous mafic intrusive,
3355,A-ANam-ogy,"Atley Igneous Complex, middle zone",Gabbro with well-developed modal layering of pyroxene and plagioclase; locally grading into leucogabbro and magnetite-bearing gabbro; metamorphosed,"gabbro,gabbro,leucogabbro",195704.40218618503,,Atley Igneous Complex,"Atley Igneous Complex, middle zone",,gabbro,,igneous mafic intrusive,
1387,A-ANat-mog,Atley Igneous Complex,Metagabbro with amphibole pseudomorphs after pyroxene,metagabbro,206058.3039127067,,Atley Igneous Complex,,,metagabbro,,meta-igneous mafic intrusive,
1305,A-ANaz-og,"Atley Igneous Complex, upper zone","Gabbro grading into magnetite- and ilmenite-bearing olivine gabbro, leucogabbro and gabbronorite; metamorphosed","gabbro,gabbro,gabbronorite,leucogabbro",205561.2823255042,,Atley Igneous Complex,"Atley Igneous Complex, upper zone",,gabbro,,igneous mafic intrusive,
3622,A-ANaz-ogyj,"Atley Igneous Complex, upper zone",Layered gabbro; typically magnetite- and ilmenite-bearing; minor anorthosite and leucogabbronorite; metamorphosed,"gabbro,anorthosite,leucogabbronorite",205556.40558186115,,Atley Igneous Complex,"Atley Igneous Complex, upper zone",,gabbro,,igneous mafic intrusive,
3621,A-ANaz-xam-ogl,"Atley Igneous Complex, upper zone",Magnetitite units interlayered with magnetite- and ilmenite-bearing leucogabbro; modally layered on a metre scale; metamorphosed,"leucogabbro,magnetitite",207020.9624635791,,Atley Igneous Complex,"Atley Igneous Complex, upper zone",,magnetitite,gabbro,igneous ultramafic intrusive,igneous mafic intrusive
3619,A-ANbm-ap,Barrambie Igneous Complex,Peridotite; fine to medium grained; massive to weakly foliated; metamorphosed,peridotite,270471.71828834515,,Barrambie Igneous Complex,,,pyroxene peridotite,,igneous ultramafic intrusive,
566,A-ANbm-maps,Barrambie Igneous Complex,Peridotitic schist; serpentine?chlorite?actinolite; strongly foliated,schist,277372.42763862055,,Barrambie Igneous Complex,,,metaperidotite derived from intrusive rock,,meta-igneous ultramafic intrusive,
569,A-ANbm-og,Barrambie Igneous Complex,"Layered gabbro, with minor pyroxenite, leucogabbro and anorthosite; metamorphosed","gabbro,anorthosite,leucogabbro,pyroxenite",271543.545946261,,Barrambie Igneous Complex,,,gabbro,,igneous mafic intrusive,
1673,A-ANcb-gth,Courlbarloo Tonalite,Hornblende tonalite with 3?8 mm hornblende phenocrysts; locally weakly deformed; metamorphosed,tonalite,191749.1430943637,,Courlbarloo Tonalite,,,tonalite,,igneous granitic,
3474,A-ANco-mgti,Courin Granodiorite,Migmatitic metatonalite with stromatic mesosomes of metatonalite and leucosomes of metamonzogranite; rare melanosomes of biotite metadiorite,"metamonzogranite,metatonalite,metatonalite,metadiorite",99283.11624932803,,Courin Granodiorite,,,metatonalite,,meta-igneous felsic intrusive,
3485,A-ANco-xmgmn-mggs,Courin Granodiorite,Interlayered monzogranitic augen gneiss and granodiorite schist on a metre-scale; locally lineated,"gneiss,granodiorite,schist",93330.41606352544,,Courin Granodiorite,,,metamonzogranite,metagranodiorite,meta-igneous felsic intrusive,meta-igneous felsic intrusive
662,A-ANct-gtl,Cue Tonalite,Leucocratic tonalite; medium to coarse grained; metamorphosed,tonalite,187371.35596735726,,Cue Tonalite,,,tonalite,,igneous granitic,
2174,A-ANed-mog,Edamurta Gabbro,"Metagabbro, typically deformed with greenschist to amphibolite facies assemblages; locally with relict igneous texture; locally garnet-bearing","metagabbro,amphibolite",57443.87638303238,,Edamurta Gabbro,,,metagabbro,,meta-igneous mafic intrusive,
2106,A-ANed-oad,Edamurta Gabbro,Anorthosite to leucogabbro with distinctive euhedral plagioclase megacrysts up to 20 mm long; metamorphosed,"anorthosite,leucogabbro",57530.301000414955,,Edamurta Gabbro,,,anorthosite,,igneous mafic intrusive,
2817,A-ANff-aph,Fields Find Igneous Complex,Hornblende-bearing pyroxene peridotite; relict olivine cumulate texture (~3 mm grain size) with interstitial pyroxene and oikocrystic hornblende up to 20 mm; typically moderately serpentinized; metamorphosed,peridotite,29016.197686803353,,Fields Find Igneous Complex,,,harzburgite,,igneous ultramafic intrusive,
3589,A-ANff-ax,Fields Find Igneous Complex,Pyroxenite with mesocumulate to adcumulate texture (4?8 mm grain size); locally with minor peridotite and gabbro; locally hornblende bearing; metamorphosed,"pyroxenite,gabbro,peridotite",26635.953274596875,,Fields Find Igneous Complex,,,pyroxenite (intrusive),,igneous ultramafic intrusive,
2455,A-ANff-od,Fields Find Igneous Complex,Dolerite with subophitic texture; local gabbro; metamorphosed,"dolerite,gabbro",25173.05863004685,,Fields Find Igneous Complex,,,dolerite,,igneous mafic intrusive,
2886,A-ANff-og,Fields Find Igneous Complex,"Gabbro with ophitic texture and 5?12 mm grain size, typically with decametre-scale igneous layering; local gabbronorite with cumulate orthopyroxene crystals; local hornblende gabbro","gabbro,gabbro,gabbronorite",24577.333357241467,,Fields Find Igneous Complex,,,gabbro,,igneous mafic intrusive,
2994,A-ANff-xaxh-apx,Fields Find Igneous Complex,"Interlayered pyroxenite and peridotite, locally with hornblende or pyroxene oikocrysts; commonly serpentinized or tremolite rich; metamorphosed","peridotite,pyroxenite",26274.161881569347,,Fields Find Igneous Complex,,,pyroxenite (intrusive),pyroxene peridotite,igneous ultramafic intrusive,igneous ultramafic intrusive
3545,A-ANgo-gme,Goonetarra Granodiorite,"Equigranular monzogranite to syenogranite; undeformed, locally with magmatic foliation","monzogranite,syenogranite",7887.755880397457,,Goonetarra Granodiorite,,,monzogranite,,igneous granitic,
3534,A-ANgo-gmp,Goonetarra Granodiorite,K-feldspar-porphyritic to megacrystic monzogranite;  common magmatic foliation,monzogranite,5401.454808691714,,Goonetarra Granodiorite,,,monzogranite,,igneous granitic,
3535,A-ANgo-jgmfe-mgtn,Goonetarra Granodiorite,Equigranular monzogranite to syenogranite; common magmatic foliation; commonly contains rafts of migmatitic tonalite,"monzogranite,syenogranite,tonalite",34436.59488134532,,Goonetarra Granodiorite,,,monzogranite,metatonalite,igneous granitic,meta-igneous felsic intrusive
3484,A-ANgo-jmgmu-mgtn,Goonetarra Granodiorite,K-feldspar megacrystic biotite metamonzogranite with layered tonalite gneiss xenoliths,"gneiss,metamonzogranite,tonalite",58901.88587296374,,Goonetarra Granodiorite,,,metamonzogranite,metatonalite,meta-igneous felsic intrusive,meta-igneous felsic intrusive
2289,A-ANgo-mgms,Goonetarra Granodiorite,"Foliated biotite metamonzogranite, with local K-feldspar phenocrysts",metamonzogranite,6860.71235905301,,Goonetarra Granodiorite,,,metamonzogranite,,meta-igneous felsic intrusive,
2436,A-ANgo-mgmu,Goonetarra Granodiorite,K-feldspar megacrystic biotite metamonzogranite; commonly strongly foliated,metamonzogranite,2824.78236673629,,Goonetarra Granodiorite,,,metamonzogranite,,meta-igneous felsic intrusive,
2255,A-ANgo-mgtn,Goonetarra Granodiorite,Layered biotite tonalite gneiss; includes crosscutting younger phases and pegmatites,"gneiss,tonalite",28607.761478844248,,Goonetarra Granodiorite,,,metatonalite,,meta-igneous felsic intrusive,
2920,A-ANmu-mgtb,Mulgine Granite,Metatonalite with ubiquitous biotite; typically foliated and lineated,metatonalite,30614.770381660834,,Mulgine Granite,,,metatonalite,,meta-igneous felsic intrusive,
3439,A-ANna-jmog-md,Narndee Igneous Complex,"Metagabbro with relict hornblende oikocrysts; abundant rafts of recrystallized psammite, pelite and quartzite; locally strongly sheared at lithological contacts","metagabbro,pelite,psammite,quartzite",112236.71325271582,,Narndee Igneous Complex,,,metagabbro,metasiliciclastic rock,meta-igneous mafic intrusive,metasedimentary siliciclastic
1516,A-ANna-mat,Narndee Igneous Complex,"Serpentinite, fine grained; strongly sheared; rare igneous textures preserved",serpentinite,109759.84802238208,,Narndee Igneous Complex,,,serpentinite derived from intrusive rock,,meta-igneous ultramafic intrusive,
1515,A-ANna-mog,Narndee Igneous Complex,Metagabbro with amphibole pseudomorphs after pyroxene; relict igneous texture typically preserved; locally strongly sheared,metagabbro,109759.84802238208,,Narndee Igneous Complex,,,metagabbro,,meta-igneous mafic intrusive,
1236,A-ANna-od,Narndee Igneous Complex,Dolerite; locally grades into hornblende gabbro; metamorphosed,"dolerite,gabbro",137340.06710081594,,Narndee Igneous Complex,,,dolerite,,igneous mafic intrusive,
2900,A-ANni-ax,Ninghan Gabbro,"Pyroxenite, olivine pyroxenite and lesser gabbro with 5?20 mm grain size; metamorphosed","pyroxenite,gabbro,pyroxenite",61510.783926607386,,Ninghan Gabbro,,,pyroxenite (intrusive),,igneous ultramafic intrusive,
2901,A-ANni-mat,Ninghan Gabbro,Serpentinized peritotite and dunite with relict olivine crystals 4?6 mm across,dunite,60905.991062932124,,Ninghan Gabbro,,,serpentinite derived from intrusive rock,,meta-igneous ultramafic intrusive,
1897,A-ANni-od,Ninghan Gabbro,Dolerite sills; commonly with columnar jointing; metamorphosed,dolerite,61000.519689059234,,Ninghan Gabbro,,,dolerite,,igneous mafic intrusive,
2903,A-ANni-og,Ninghan Gabbro,"Gabbro, gabbronorite and dolerite; pegmatitic leucogabbro in top contact zones of sills, and pyroxenite and minor peridotite at the base; metamorphosed","gabbro,dolerite,gabbronorite,leucogabbro,peridotite,pyroxenite",60031.90458677663,,Ninghan Gabbro,,,gabbro,,igneous mafic intrusive,
1839,A-ANnl-ax,"Narndee Igneous Complex, lower zone",Coarse pyroxenite with minor gabbronorite; local interstitial hornblende; metamorphosed,"gabbronorite,pyroxenite",116087.26526193846,,Narndee Igneous Complex,"Narndee Igneous Complex, lower zone",,pyroxenite (intrusive),,igneous ultramafic intrusive,
2328,A-ANnl-mat,"Narndee Igneous Complex, lower zone","Serpentinite, fine grained; strongly sheared; rare igneous textures preserved",serpentinite,115216.21199674597,,Narndee Igneous Complex,"Narndee Igneous Complex, lower zone",,serpentinite derived from intrusive rock,,meta-igneous ultramafic intrusive,
3524,A-ANnl-moma,"Narndee Igneous Complex, lower zone",Metagabbronorite with amphibole pseudomorphs after pyroxene; local primary amphibole oikocrysts,metagabbronorite,114452.12074360339,,Narndee Igneous Complex,"Narndee Igneous Complex, lower zone",,metagabbronorite,,meta-igneous mafic intrusive,
3530,A-ANnl-om,"Narndee Igneous Complex, lower zone",Gabbronorite; locally grades into leucogabbronorite and pyroxene-rich gabbronorite layers with minor interstitial hornblende; metamorphosed,"gabbronorite,gabbronorite,leucogabbronorite",115225.24569650662,,Narndee Igneous Complex,"Narndee Igneous Complex, lower zone",,gabbronorite,,igneous mafic intrusive,
3522,A-ANnl-omh,"Narndee Igneous Complex, lower zone",Hornblende gabbronorite with 5?10 mm grain size and hornblende oikocrysts 8?15 mm in diameter; locally grades into gabbronorite and hornblende gabbro; metamorphosed,"gabbronorite,gabbro,gabbronorite",115531.40824558743,,Narndee Igneous Complex,"Narndee Igneous Complex, lower zone",,gabbronorite,,igneous mafic intrusive,
1595,A-ANnl-ot,"Narndee Igneous Complex, lower zone",Troctolite; locally grades into olivine gabbronorite and leucotroctolite with minor hornblende oikocrysts; metamorphosed,"troctolite,gabbronorite,leucotroctolite",133019.16174082118,,Narndee Igneous Complex,"Narndee Igneous Complex, lower zone",,troctolite,,igneous mafic intrusive,
1217,A-ANnl-xmat-om,"Narndee Igneous Complex, lower zone","Megacycles of serpentinite grading into pyroxenite, gabbronorite, and anorthosite; typically with hornblende oikocrystic units; metamorphosed","pyroxenite,serpentinite,anorthosite,gabbronorite",115224.10930639844,,Narndee Igneous Complex,"Narndee Igneous Complex, lower zone",,serpentinite derived from intrusive rock,gabbronorite,meta-igneous ultramafic intrusive,igneous mafic intrusive
1227,A-ANnm-ax,"Narndee Igneous Complex, middle zone",Coarse pyroxenite with minor gabbronorite; local hornblende; metamorphosed,"gabbronorite,pyroxenite",118098.27810976296,,Narndee Igneous Complex,"Narndee Igneous Complex, middle zone",,pyroxenite (intrusive),,igneous ultramafic intrusive,
1248,A-ANnm-mat,"Narndee Igneous Complex, middle zone","Serpentinite, fine grained; strongly sheared; rare igneous textures preserved",serpentinite,117513.10014184573,,Narndee Igneous Complex,"Narndee Igneous Complex, middle zone",,serpentinite derived from intrusive rock,,meta-igneous ultramafic intrusive,
3528,A-ANnm-mog,"Narndee Igneous Complex, middle zone",Metagabbro with amphibole pseudomorphs after pyroxene,metagabbro,122357.4500992027,,Narndee Igneous Complex,"Narndee Igneous Complex, middle zone",,metagabbro,,meta-igneous mafic intrusive,
3521,A-ANnm-oh,"Narndee Igneous Complex, middle zone","Hornblende gabbro with 4?8 mm grain size and hornblende oikocrysts 8?25 mm in diameter; locally grades into hornblende-bearing gabbronorite, leucogabbro, and gabbronorite; metamorphosed","gabbro,gabbronorite,gabbronorite,leucogabbro",116952.2654106456,,Narndee Igneous Complex,"Narndee Igneous Complex, middle zone",,hornblende gabbro,,igneous mafic intrusive,
2324,A-ANnm-om,"Narndee Igneous Complex, middle zone",Gabbronorite; locally grades into leucogabbronorite and pyroxene-rich gabbronorite layers with minor interstitial hornblende; metamorphosed,"gabbronorite,gabbronorite,leucogabbronorite",117576.8336888467,,Narndee Igneous Complex,"Narndee Igneous Complex, middle zone",,gabbronorite,,igneous mafic intrusive,
3295,A-ANnm-oml,"Narndee Igneous Complex, middle zone",Leucogabbronorite with minor interstitial hornblende; locally grades into layers of gabbronorite; dominantly as intrusive sheets with chilled margins; metamorphosed,"leucogabbronorite,gabbronorite",112428.70863806478,,Narndee Igneous Complex,"Narndee Igneous Complex, middle zone",,gabbronorite,,igneous mafic intrusive,
1824,A-ANnm-ot,"Narndee Igneous Complex, middle zone",Troctolite; locally grades into gabbronorite and leucogabbronorite with minor hornblende oikocrysts; metamorphosed,"troctolite,gabbronorite,leucogabbronorite",120479.4413770471,,Narndee Igneous Complex,"Narndee Igneous Complex, middle zone",,troctolite,,igneous mafic intrusive,
1442,A-ANnm-xom-mat,"Narndee Igneous Complex, middle zone","Megacycles of serpentinite grading into pyroxenite, gabbronorite, and anorthosite; typically with hornblende-oikocrystic units; gabbroic rocks dominant; metamorphosed","pyroxenite,serpentinite,anorthosite,gabbronorite",116724.4581696805,,Narndee Igneous Complex,"Narndee Igneous Complex, middle zone",,gabbronorite,serpentinite derived from intrusive rock,igneous mafic intrusive,meta-igneous ultramafic intrusive
2231,A-ANno-ma,Noongal Gabbro,Metapyroxenite and lesser metaperidotite; includes serpentinite and ultramafic schist; tremolite?talc?magnetite?chlorite metamorphic assemblages common,"metaperidotite,metapyroxenite,schist,serpentinite,ultramafic",82410.94280230714,,Noongal Gabbro,,,meta-ultramafic intrusive rock,,meta-igneous ultramafic intrusive,
1955,A-ANno-mapx,Noongal Gabbro,"Pyroxene-rich metaperidotite, locally with well-developed clinopyroxene cumulate texture; locally sheared and serpentinized",metaperidotite,82944.59891933468,,Noongal Gabbro,,,metaperidotite derived from intrusive rock,,meta-igneous ultramafic intrusive,
2443,A-ANno-mod,Noongal Gabbro,"Metadolerite with lesser metagabbro, locally hornblende rich; includes less-recrystallized dolerite and pyroxene-rich varieties; locally moderately sheared","metadolerite,metagabbro,dolerite",73884.89641388383,,Noongal Gabbro,,,metadolerite,,meta-igneous mafic intrusive,
1957,A-ANno-mog,Noongal Gabbro,Metagabbro; locally with hornblende (probably obsolete),metagabbro,79784.5885204103,,Noongal Gabbro,,,metagabbro,,meta-igneous mafic intrusive,
1958,A-ANno-odp,Noongal Gabbro,Plagioclase-porphyritic dolerite with phenocrysts up to 10 mm and up to 35% of the rock volume; metamorphosed,dolerite,77602.17674161075,,Noongal Gabbro,,,dolerite,,igneous mafic intrusive,
1962,A-ANno-ogl,Noongal Gabbro,Leucogabbro; locally pegmatitic; locally with well-developed granophyric textures and locally with gradational grain size and/or modal layering; metamorphosed,leucogabbro,80081.37924401693,,Noongal Gabbro,,,gabbro,,igneous mafic intrusive,
1963,A-ANno-ogp,Noongal Gabbro,Plagioclase-porphyritic gabbro with phenocrysts up to 10 mm and up to 20% of the rock volume; metamorphosed (probably obsolete),gabbro,85697.11973350146,,Noongal Gabbro,,,gabbro,,igneous mafic intrusive,
1965,A-ANno-xmoda-mgs,Noongal Gabbro,Amphibolitic metadolerite with abundant sheets of granitic to granodioritic schist typically 0.5 ? 15 m thick and 50?500 m long,"granitic,metadolerite,schist",78924.51662901405,,Noongal Gabbro,,,metadolerite,granitic schist,meta-igneous mafic intrusive,meta-igneous felsic intrusive
1966,A-ANno-xmoga-mgs,Noongal Gabbro,Amphibolitic metagabbro with abundant sheets of granitic to granodioritic schist typically 0.5 ? 15 m thick and 50?500 m long,"granitic,metagabbro,schist",85857.89026136028,,Noongal Gabbro,,,metagabbro,granitic schist,meta-igneous mafic intrusive,meta-igneous felsic intrusive
3468,A-ANnu-ao,"Narndee Igneous Complex, ultramafic zone",Olivine pyroxenite with relict olivine cumulate texture; locally grades into layers of pyroxenite and gabbronorite; metamorphosed,"pyroxenite,gabbronorite,pyroxenite",111146.91965085456,,Narndee Igneous Complex,"Narndee Igneous Complex, ultramafic zone",,olivine pyroxenite,,igneous ultramafic intrusive,
1609,A-ANnu-ap,"Narndee Igneous Complex, ultramafic zone",Pyroxene peridotite with relict olivine cumulate texture and interstitial pyroxene; minor interstitial hornblende; metamorphosed,peridotite,113474.63624213997,,Narndee Igneous Complex,"Narndee Igneous Complex, ultramafic zone",,pyroxene peridotite,,igneous ultramafic intrusive,
1456,A-ANnu-axo,"Narndee Igneous Complex, ultramafic zone","Orthopyroxenite with very coarse grain size, typically >10 mm; locally grades into gabbronorite and websterite; metamorphosed","orthopyroxenite,gabbronorite",111780.65737161516,,Narndee Igneous Complex,"Narndee Igneous Complex, ultramafic zone",,pyroxenite (intrusive),,igneous ultramafic intrusive,
827,A-ANnu-mad,"Narndee Igneous Complex, ultramafic zone","Metadunite with relict olivine cumulate texture; minor pyroxene, amphibole, and Cr-spinel; locally strongly sheared",metadunite,114589.73330379161,,Narndee Igneous Complex,"Narndee Igneous Complex, ultramafic zone",,metadunite derived from intrusive rock,,meta-igneous ultramafic intrusive,
2544,A-ANnu-mas,"Narndee Igneous Complex, ultramafic zone","Ultramafic schist derived from intrusive rocks; serpentine dominant, and locally abundant talc and tremolite; strongly sheared","schist,ultramafic",111727.90032068477,,Narndee Igneous Complex,"Narndee Igneous Complex, ultramafic zone",,ultramafic schist derived from intrusive rock,,meta-igneous ultramafic intrusive,
1967,A-ANoo-gme,Warbadoo Tonalite,Equigranular monzogranite with 4?10 mm grain size; includes regions with weakly-developed foliation; metamorphosed,monzogranite,86595.56861702913,,Warbadoo Tonalite,,,monzogranite,,igneous granitic,
2483,A-ANoo-mgs,Warbadoo Tonalite,"Metagranitic to metatonalitic schist, locally as intrusive sheets into country rocks; locally with abundant amphibolitic rafts; typically schistose with planar and/or linear fabrics; locally pegmatitic or aplitic","metagranitic,schist",78116.71106301335,,Warbadoo Tonalite,,,granitic schist,,meta-igneous felsic intrusive,
1968,A-ANoo-mgta,Warbadoo Tonalite,Hornblende tonalite with grain size <8 mm; locally with a well-developed planar and linear fabric,tonalite,71120.69148283626,,Warbadoo Tonalite,,,metatonalite,,meta-igneous felsic intrusive,
1969,A-ANoo-mgti,Warbadoo Tonalite,Migmatitic tonalite with stromatic mesosomes of metatonalite and leucosomes of metamonzogranite; rare melanosomes of biotite metadiorite,"metamonzogranite,metatonalite,tonalite,metadiorite",82020.16467207295,,Warbadoo Tonalite,,,metatonalite,,meta-igneous felsic intrusive,
3483,A-ANoo-xmgmn-mggs,Warbadoo Tonalite,Monzogranitic augen gneiss and granodiorite schist interlayered on a metre to decametre scale; locally lineated,"gneiss,granodiorite,schist",73763.84948367534,,Warbadoo Tonalite,,,metamonzogranite,metagranodiorite,meta-igneous felsic intrusive,meta-igneous felsic intrusive
3481,A-ANoq-ap,Olive Queen Gabbro,Peridotite; relict cumulate textures preserved locally; minor pyroxenite; metamorphosed,"peridotite,pyroxenite",64647.87739392682,,Olive Queen Gabbro,,,pyroxene peridotite,,igneous ultramafic intrusive,
1972,A-ANoq-mod,Olive Queen Gabbro,Metadolerite to metagabbro; includes less-recrystallized dolerite and moderately schistose rocks; locally hornblende-rich; includes deeply weathered rocks,"metadolerite,metagabbro,dolerite",63799.74925735927,,Olive Queen Gabbro,,,metadolerite,,meta-igneous mafic intrusive,
1977,A-ANoq-og,Olive Queen Gabbro,"Gabbro with 4?20 mm grain size; includes layers of leucogabbro, quartz gabbro to diorite, pegmatitic gabbro, and dolerite; metamorphosed","gabbro,dolerite,gabbro,gabbro,leucogabbro",63219.532501360256,,Olive Queen Gabbro,,,gabbro,,igneous mafic intrusive,
1981,A-ANoq-ogq,Olive Queen Gabbro,"Very coarse-grained, commonly quartz-bearing gabbro with coarse spinifex-like granophyric texture with up to 10 cm crystals; metamorphosed",gabbro,63531.99113856694,,Olive Queen Gabbro,,,gabbro,,igneous mafic intrusive,
1982,A-ANoq-xog-masr,Olive Queen Gabbro,Metagabbro interlayered with tremolite-bearing ultramafic schist; metamorphosed,"metagabbro,schist,ultramafic",62978.528170112986,,Olive Queen Gabbro,,,gabbro,ultramafic schist derived from intrusive rock,igneous mafic intrusive,meta-igneous ultramafic intrusive
2318,A-ANpw-gg,Peter Well Granodiorite,Biotite granodiorite; weakly metamorphosed,granodiorite,205407.22251757435,,Peter Well Granodiorite,,,granodiorite,,igneous granitic,
2425,A-ANud-ogy,Buddadoo Gabbro,Layered gabbroic rocks with distinctive magnetitite horizons and minor diorite; metamorphosed,magnetitite,42167.35029381004,,Buddadoo Gabbro,,,gabbro,,igneous mafic intrusive,
1706,A-ANwa-masr,Wadgingarra Gabbro,Tremolite?chlorite(?talc) schist; strongly sheared,schist,71803.09712088191,,Wadgingarra Gabbro,,,ultramafic schist derived from intrusive rock,,meta-igneous ultramafic intrusive,
3357,A-ANwa-od,Wadgingarra Gabbro,"Dolerite; minor gabbro and basalt; massive to weakly deformed, and metamorphosed","dolerite,basalt,gabbro",63724.641291508065,,Wadgingarra Gabbro,,,dolerite,,igneous mafic intrusive,
1708,A-ANwa-og,Wadgingarra Gabbro,Massive gabbro with granophyric leucogabbro towards the top of the intrusion; metamorphosed,"gabbro,leucogabbro",64164.55517168096,,Wadgingarra Gabbro,,,gabbro,,igneous mafic intrusive,
2020,A-ANwa-ogl,Wadgingarra Gabbro,"Leucogabbro; medium- to coarse-grained; massive to weakly deformed, and metamorphosed",leucogabbro,66526.94952157522,,Wadgingarra Gabbro,,,gabbro,,igneous mafic intrusive,
1467,A-ANwb-mog,"Windimurra Igneous Complex, border zone",Metagabbro with amphibole pseudomorphs after pyroxenes; 3?5 mm grain size; locally grading into dolerite; metamorphosed,"metagabbro,dolerite",159627.5205808733,,Windimurra Igneous Complex,"Windimurra Igneous Complex, border zone",,metagabbro,,meta-igneous mafic intrusive,
2513,A-ANwb-od,"Windimurra Igneous Complex, border zone","Dolerite, locally grading into gabbro; shear zones typically at the margins of exposures; metamorphosed","dolerite,gabbro",186826.3533092268,,Windimurra Igneous Complex,"Windimurra Igneous Complex, border zone",,dolerite,,igneous mafic intrusive,
2506,A-ANwc-ad,Corner Well Gabbro Member,Dunite with relict olivine cumulate texture; metamorphosed,dunite,154614.95349547212,,Windimurra Igneous Complex,Corner Well Gabbro Member,,dunite (intrusive),,igneous ultramafic intrusive,
1505,A-ANwc-oa,Corner Well Gabbro Member,Anorthosite in decimetre-thick layers with weak plagioclase lamination and crystal size up to 8 mm; locally grades into leucogabbro and leucogabbronorite; metamorphosed,"anorthosite,leucogabbro,leucogabbronorite",154532.08393234425,,Windimurra Igneous Complex,Corner Well Gabbro Member,,anorthosite,,igneous mafic intrusive,
1234,A-ANwc-ogc,Corner Well Gabbro Member,Clinopyroxene cumulate gabbro (grain size <20 mm); metamorphosed,gabbro,154800.2892207154,,Windimurra Igneous Complex,Corner Well Gabbro Member,,gabbro,,igneous mafic intrusive,
1242,A-ANwc-ol,Corner Well Gabbro Member,Olivine gabbro grading into olivine gabbronorite; metamorphosed,"gabbro,gabbronorite",153852.78512761672,,Windimurra Igneous Complex,Corner Well Gabbro Member,,olivine gabbronorite,,igneous mafic intrusive,
1564,A-ANwc-om,Corner Well Gabbro Member,Gabbronorite with modal igneous layering; locally grades into leucogabbronorite; metamorphosed,"gabbronorite,leucogabbronorite",153704.43354974606,,Windimurra Igneous Complex,Corner Well Gabbro Member,,gabbronorite,,igneous mafic intrusive,
2505,A-ANwc-op,Corner Well Gabbro Member,"Melanocratic gabbro to gabbronorite, locally with orthopyroxene cumulate crystals up to 20 mm; metamorphosed","gabbro,gabbronorite",153716.37824425419,,Windimurra Igneous Complex,Corner Well Gabbro Member,,orthopyroxene gabbro,,igneous mafic intrusive,
3344,A-ANwc-xad-ot,Corner Well Gabbro Member,"Dunite with relict olivine cumulate texture; grades into layers of troctolite, melanotroctolite and olivine gabbro; metamorphosed","dunite,gabbro,melanotroctolite,troctolite",153549.9166617649,,Windimurra Igneous Complex,Corner Well Gabbro Member,,dunite (intrusive),troctolite,igneous ultramafic intrusive,igneous mafic intrusive
1628,A-ANwc-xaoo-oa,Corner Well Gabbro Member,Olivine orthopyroxenite interlayered with anorthosite; metamorphosed,"anorthosite,orthopyroxenite",164874.6949402122,,Windimurra Igneous Complex,Corner Well Gabbro Member,,olivine orthopyroxenite,anorthosite,igneous ultramafic intrusive,igneous mafic intrusive
1617,A-ANwi-axd,Windimurra Igneous Complex,Very coarse-grained pyroxenite plug; pyroxene typically uralitized; metamorphosed,pyroxenite,176533.64747522288,,Windimurra Igneous Complex,,,pyroxenite (intrusive),,igneous ultramafic intrusive,
1581,A-ANwi-mof,Windimurra Igneous Complex,Meta-anorthosite with amphibole schlieren after flattened clinopyroxene oikocrysts; locally strongly sheared,anorthosite,121956.54756295632,,Windimurra Igneous Complex,,,meta-anorthosite,,meta-igneous mafic intrusive,
1590,A-ANwi-mog,Windimurra Igneous Complex,Metagabbro with amphibole pseudomorphs after pyroxene; grades into metagabbronorite; locally sheared; locally magnetite bearing,"metagabbro,metagabbronorite",120018.48846014286,,Windimurra Igneous Complex,,,metagabbro,,meta-igneous mafic intrusive,
3438,A-ANwi-xmog-mg,Windimurra Igneous Complex,"Metagabbro and metaleucogabbro; grades into metagabbronorite; locally schistose and sheared, with abundant metagranite, aplite, and granophyre as intrusive sheets, predominantly parallel to foliation","metagabbro,metaleucogabbro,aplite,granophyre,metagabbronorite,metagranite",122598.69857166393,,Windimurra Igneous Complex,,,metagabbro,metagranitic rock,meta-igneous mafic intrusive,meta-igneous felsic intrusive
1366,A-ANwl-ap,"Windimurra Igneous Complex, lower zone","Pyroxene peridotite; locally lherzolitic, harzburgitic, and chromite bearing; locally strongly sheared; metamorphosed",peridotite,169600.73033618633,,Windimurra Igneous Complex,"Windimurra Igneous Complex, lower zone",,pyroxene peridotite,,igneous ultramafic intrusive,
2507,A-ANwl-ax,"Windimurra Igneous Complex, lower zone",Coarse-grained pyroxenite grading into gabbronorite; locally pegmatitic; metamorphosed,"gabbronorite,pyroxenite",159259.19414566428,,Windimurra Igneous Complex,"Windimurra Igneous Complex, lower zone",,pyroxenite (intrusive),,igneous ultramafic intrusive,
1391,A-ANwl-mog,"Windimurra Igneous Complex, lower zone",Metagabbro with amphibole pseudomorphs after pyroxene; grades into metagabbronorite; locally sheared,"metagabbro,metagabbronorite",168985.85730738987,,Windimurra Igneous Complex,"Windimurra Igneous Complex, lower zone",,metagabbro,,meta-igneous mafic intrusive,
1289,A-ANwl-oa,"Windimurra Igneous Complex, lower zone",Anorthosite with weak plagioclase lamination; metamorphosed,anorthosite,164772.97977341525,,Windimurra Igneous Complex,"Windimurra Igneous Complex, lower zone",,anorthosite,,igneous mafic intrusive,
3453,A-ANwl-og,"Windimurra Igneous Complex, lower zone",Gabbro; grades into leucogabbro and gabbronorite; locally with modal layering of pyroxene and plagioclase; metamorphosed,"gabbro,gabbronorite,leucogabbro",147152.60856091115,,Windimurra Igneous Complex,"Windimurra Igneous Complex, lower zone",,gabbro,,igneous mafic intrusive,
1783,A-ANwl-ogd,"Windimurra Igneous Complex, lower zone",Very coarse-grained gabbro with distinctive pegmatitic layers; grades into coarse-grained leucogabbro and gabbronorite; locally with modal layering of pyroxene and plagioclase; metamorphosed,"gabbro,gabbronorite,leucogabbro",156944.56981806364,,Windimurra Igneous Complex,"Windimurra Igneous Complex, lower zone",,gabbro,,igneous mafic intrusive,
3341,A-ANwl-ogl,"Windimurra Igneous Complex, lower zone","Leucogabbro; grades into anorthosite, gabbro and pegmatitic gabbro; locally abundant clinopyroxene oikocrysts up to 30 mm; metamorphosed","leucogabbro,anorthosite,gabbro,gabbro",145827.08747088618,,Windimurra Igneous Complex,"Windimurra Igneous Complex, lower zone",,gabbro,,igneous mafic intrusive,
1702,A-ANwl-ogly,"Windimurra Igneous Complex, lower zone",Layered leucogabbro; modal layering of plagioclase and pyroxenes on a decimetre scale; locally abundant clinopyroxene oikocrysts up to 30 mm; metamorphosed,leucogabbro,164628.25981192559,,Windimurra Igneous Complex,"Windimurra Igneous Complex, lower zone",,gabbro,,igneous mafic intrusive,
1316,A-ANwl-oglz,"Windimurra Igneous Complex, lower zone",Ophitic leucogabbro; typically with pyroxene oikocrysts <30 mm across; metamorphosed,leucogabbro,162953.65762611726,,Windimurra Igneous Complex,"Windimurra Igneous Complex, lower zone",,gabbro,,igneous mafic intrusive,
1466,A-ANwl-ogp,"Windimurra Igneous Complex, lower zone",Plagioclase-phyric gabbro; 8?12 mm plagioclase phenocrysts in 5?8 mm gabbroic matrix; metamorphosed,gabbro,156589.38887736024,,Windimurra Igneous Complex,"Windimurra Igneous Complex, lower zone",,gabbro,,igneous mafic intrusive,
3286,A-ANwl-ogx,"Windimurra Igneous Complex, lower zone",Pyroxene gabbro; locally very coarse grained and grading into pyroxenite and gabbro; minor modal layering; metamorphosed,"gabbro,gabbro,pyroxenite",159046.62503269967,,Windimurra Igneous Complex,"Windimurra Igneous Complex, lower zone",,gabbro,,igneous mafic intrusive,
3459,A-ANwl-ogz,"Windimurra Igneous Complex, lower zone",Ophitic gabbro; typically with pyroxene oikocrysts <30 mm across; metamorphosed,gabbro,162386.81375823927,,Windimurra Igneous Complex,"Windimurra Igneous Complex, lower zone",,gabbro,,igneous mafic intrusive,
1775,A-ANwl-ol,"Windimurra Igneous Complex, lower zone",Olivine gabbronorite grading into olivine gabbro and olivine leucogabbronorite; minor modal layering; metamorphosed,"gabbro,gabbronorite,leucogabbronorite",147220.33754273018,,Windimurra Igneous Complex,"Windimurra Igneous Complex, lower zone",,olivine gabbronorite,,igneous mafic intrusive,
1250,A-ANwl-om,"Windimurra Igneous Complex, lower zone","Gabbronorite, typically with igneous layering and locally grading into leucogabbronorite; metamorphosed","gabbronorite,leucogabbronorite",160893.99287803072,,Windimurra Igneous Complex,"Windimurra Igneous Complex, lower zone",,gabbronorite,,igneous mafic intrusive,
1018,A-ANwl-oml,"Windimurra Igneous Complex, lower zone","Leucogabbronorite; grades into gabbronorite, anorthosite, leuconorite and pegmatitic gabbro; locally shows very coarse-grained ophitic texture; metamorphosed","leucogabbronorite,anorthosite,gabbro,gabbronorite,leuconorite",175906.26551400768,,Windimurra Igneous Complex,"Windimurra Igneous Complex, lower zone",,gabbronorite,,igneous mafic intrusive,
1440,A-ANwl-or,"Windimurra Igneous Complex, lower zone",Olivine norite; locally grades into olivine gabbronorite and olivine leuconorite; metamorphosed,"norite,gabbronorite,leuconorite",156481.94116112083,,Windimurra Igneous Complex,"Windimurra Igneous Complex, lower zone",,olivine norite,,igneous mafic intrusive,
1778,A-ANwl-ot,"Windimurra Igneous Complex, lower zone",Troctolite; locally grades into olivine gabbronorite and leucotroctolite; metamorphosed,"troctolite,gabbronorite,leucotroctolite",156783.90931277114,,Windimurra Igneous Complex,"Windimurra Igneous Complex, lower zone",,troctolite,,igneous mafic intrusive,
1363,A-ANwl-otl,"Windimurra Igneous Complex, lower zone","Leucotroctolite; locally grades into anorthosite, troctolite, and pegmatitic gabbro; metamorphosed","leucotroctolite,anorthosite,gabbro,troctolite",169256.73649910904,,Windimurra Igneous Complex,"Windimurra Igneous Complex, lower zone",,troctolite,,igneous mafic intrusive,
1436,A-ANwl-ow,"Windimurra Igneous Complex, lower zone",Norite; locally grades into gabbronorite and leuconorite with very coarse-grained patches; metamorphosed,"norite,gabbronorite,leuconorite",159994.26424703567,,Windimurra Igneous Complex,"Windimurra Igneous Complex, lower zone",,norite,,igneous mafic intrusive,
3454,A-ANwl-owl,"Windimurra Igneous Complex, lower zone","Leuconorite; locally grades into norite, leucogabbronorite and pegmatitic gabbro; ophitic patches present; metamorphosed","leuconorite,gabbro,leucogabbronorite,norite",147675.3482347903,,Windimurra Igneous Complex,"Windimurra Igneous Complex, lower zone",,norite,,igneous mafic intrusive,
1636,A-ANwl-xogd-oad,"Windimurra Igneous Complex, lower zone",Pegmatitic gabbro containing rounded boulders of pegmatitic anorthosite up to 40 cm; locally PGE-sulfide bearing; metamorphosed,"anorthosite,gabbro",169320.95895785207,,Windimurra Igneous Complex,"Windimurra Igneous Complex, lower zone",,gabbro,anorthosite,igneous mafic intrusive,igneous mafic intrusive
1755,A-ANwl-xogl-gmv,"Windimurra Igneous Complex, lower zone",Leucogabbro grading into gabbro; intruded by abundant muscovite granite sheets typically 10?100 m thick; metamorphosed,"gabbro,leucogabbro,granite",157402.81876395948,,Windimurra Igneous Complex,"Windimurra Igneous Complex, lower zone",,gabbro,monzogranite,igneous mafic intrusive,igneous granitic
1367,A-ANwm-am,"Windimurra Igneous Complex, middle zone",Magnetitite layers <1 m thick with locally undulating basal contacts; magnetite crystals enclose plagioclase in magnetite-rich gabbro; metamorphosed,"magnetitite,gabbro",159567.94962064511,,Windimurra Igneous Complex,"Windimurra Igneous Complex, middle zone",,magnetitite,,igneous ultramafic intrusive,
1344,A-ANwm-og,"Windimurra Igneous Complex, middle zone","Gabbro grading into magnetite-bearing gabbro, leucogabbro, and gabbronorite; metamorphosed","gabbro,gabbro,gabbronorite,leucogabbro",160908.4390768013,,Windimurra Igneous Complex,"Windimurra Igneous Complex, middle zone",,gabbro,,igneous mafic intrusive,
1805,A-ANwm-ogl,"Windimurra Igneous Complex, middle zone",Leucogabbro grading into anorthosite and gabbro; locally abundant clinopyroxene oikocrysts up to 30 mm enclose euhedral plagioclase cumulate crystals; metamorphosed,"anorthosite,gabbro,leucogabbro",148263.65298175937,,Windimurra Igneous Complex,"Windimurra Igneous Complex, middle zone",,gabbro,,igneous mafic intrusive,
3562,A-ANwm-oglj,"Windimurra Igneous Complex, middle zone",Magnetite-bearing leucogabbro grading into anorthosite and magnetite-bearing gabbro; locally abundant clinopyroxene oikocrysts up to 30 mm enclose euhedral plagioclase cumulate crystals; metamorphosed,"anorthosite,gabbro,leucogabbro",157104.3179498063,,Windimurra Igneous Complex,"Windimurra Igneous Complex, middle zone",,gabbro,,igneous mafic intrusive,
1626,A-ANwm-ogx,"Windimurra Igneous Complex, middle zone",Pyroxene-rich gabbro; locally very coarse-grained and grading into pyroxenite and magnetite-bearing gabbro; minor modal layering; metamorphosed,"gabbro,gabbro,pyroxenite",168165.4527883762,,Windimurra Igneous Complex,"Windimurra Igneous Complex, middle zone",,gabbro,,igneous mafic intrusive,
1273,A-ANwm-ol,"Windimurra Igneous Complex, middle zone",Olivine gabbronorite grading into olivine gabbro and leucogabbronorite; minor modal layering and locally magnetite bearing; metamorphosed,"gabbro,gabbronorite,leucogabbronorite",155719.17393281448,,Windimurra Igneous Complex,"Windimurra Igneous Complex, middle zone",,olivine gabbronorite,,igneous mafic intrusive,
1358,A-ANwm-ot,"Windimurra Igneous Complex, middle zone",Troctolite; locally grades into olivine gabbronorite and leucotroctolite; metamorphosed,"troctolite,gabbronorite,leucotroctolite",155480.5035650553,,Windimurra Igneous Complex,"Windimurra Igneous Complex, middle zone",,troctolite,,igneous mafic intrusive,
3342,A-ANwm-otl,"Windimurra Igneous Complex, middle zone",Leucotroctolite; locally grading into anorthosite and troctolite; metamorphosed,"leucotroctolite,anorthosite,troctolite",153919.00473764798,,Windimurra Igneous Complex,"Windimurra Igneous Complex, middle zone",,troctolite,,igneous mafic intrusive,
2532,A-ANwm-ow,"Windimurra Igneous Complex, middle zone",Norite; locally grading into gabbronorite and leuconorite with lesser magnetite-bearing rocks; metamorphosed,"norite,gabbronorite,leuconorite",154467.8192903485,,Windimurra Igneous Complex,"Windimurra Igneous Complex, middle zone",,norite,,igneous mafic intrusive,
1285,A-ANwr-oglq,"Windimurra Igneous Complex, roof zone","Quartz-bearing leucogabbro, typically with well-developed, coarse spinifex texture; metamorphosed",leucogabbro,171532.93822724506,,Windimurra Igneous Complex,"Windimurra Igneous Complex, roof zone",,gabbro,,igneous mafic intrusive,
3566,A-ANwr-ogp,"Windimurra Igneous Complex, roof zone","Porphyritic gabbro; plagioclase phenocrysts typically <20 mm in a 4?8 mm matrix of plagioclase, clinopyroxene, and minor oxides; metamorphosed",gabbro,164989.1970885324,,Windimurra Igneous Complex,"Windimurra Igneous Complex, roof zone",,gabbro,,igneous mafic intrusive,
2368,A-ANwr-xogp-od,"Windimurra Igneous Complex, roof zone",Porphyritic gabbro with plagioclase phenocrysts and dolerite; metamorphosed,"dolerite,gabbro",158557.26667445587,,Windimurra Igneous Complex,"Windimurra Igneous Complex, roof zone",,gabbro,dolerite,igneous mafic intrusive,igneous mafic intrusive
1687,A-ANwu-xmad-oa,"Windimurra Igneous Complex, ultramafic zone",Chromite-bearing metadunite interlayered with metamorphosed gabbro and anorthosite; locally disseminated chromite in metaperidotite; well-defined layering on a metre scale preserved locally,"anorthosite,gabbro,metadunite,metaperidotite",141935.56766997735,,Windimurra Igneous Complex,"Windimurra Igneous Complex, ultramafic zone",,metadunite derived from intrusive rock,anorthosite,meta-igneous ultramafic intrusive,igneous mafic intrusive
1600,A-ANwz-am,"Windimurra Igneous Complex, upper zone",Magnetitite layers <1 m  thick in magnetite-rich gabbro; locally with undulating bases; magnetite encloses plagioclase chadacrysts; metamorphosed,"gabbro,magnetitite",148330.04313057658,,Windimurra Igneous Complex,"Windimurra Igneous Complex, upper zone",,magnetitite,,igneous ultramafic intrusive,
1625,A-ANwz-amn,"Windimurra Igneous Complex, upper zone","Magnetitite in layers <1 m thick; magnetite grains commonly contain rounded, 5?10 mm serpentine inclusions after olivine; locally grades into olivine gabbro; metamorphosed","magnetitite,gabbro",153694.73870992492,,Windimurra Igneous Complex,"Windimurra Igneous Complex, upper zone",,magnetitite,,igneous ultramafic intrusive,
1803,A-ANwz-mog,"Windimurra Igneous Complex, upper zone","Metagabbro with amphibole pseudomorphs after pyroxene, grading into metagabbronorite; locally sheared; locally magnetite and/or ilmenite bearing","metagabbro,metagabbronorite",145494.4118988015,,Windimurra Igneous Complex,"Windimurra Igneous Complex, upper zone",,metagabbro,,meta-igneous mafic intrusive,
3444,A-ANwz-ogjl,"Windimurra Igneous Complex, upper zone","Leucogabbro, magnetite and/or ilmenite bearing; grades into magnetite- and/or ilmenite-bearing gabbro, anorthosite, and leucogabbronorite; metamorphosed","leucogabbro,anorthosite,gabbro,leucogabbronorite",147331.67025988532,,Windimurra Igneous Complex,"Windimurra Igneous Complex, upper zone",,gabbro,,igneous mafic intrusive,
414,A-ANwz-ogl,"Windimurra Igneous Complex, upper zone",Leucogabbro grading into anorthosite and magnetite- and/or ilmenite-bearing gabbro; locally abundant clinopyroxene oikocrysts up to 30 mm enclose euhedral cumulate plagioclase crystals; metamorphosed,"anorthosite,gabbro,leucogabbro",146063.1039139148,,Windimurra Igneous Complex,"Windimurra Igneous Complex, upper zone",,gabbro,,igneous mafic intrusive,
1353,A-ANwz-ol,"Windimurra Igneous Complex, upper zone","Olivine gabbronorite grading into olivine gabbro, olivine norite, and leuconorite; locally showing modal layering; minor cumulus magnetite and/or ilmenite and/or apatite; metamorphosed","gabbro,gabbronorite,leuconorite,norite",153555.5586903683,,Windimurra Igneous Complex,"Windimurra Igneous Complex, upper zone",,olivine gabbronorite,,igneous mafic intrusive,
3434,A-ANwz-om,"Windimurra Igneous Complex, upper zone",Gabbronorite with local modal layering of pyroxene and plagioclase; grades into gabbro and includes portions of metagabbro; minor magnetite and/or ilmenite; metamorphosed,"gabbronorite,gabbro,metagabbro",147445.02654282274,,Windimurra Igneous Complex,"Windimurra Igneous Complex, upper zone",,gabbronorite,,igneous mafic intrusive,
3452,A-ANwz-xoglj-amy,"Windimurra Igneous Complex, upper zone",Interlayered magnetite- and ilmenite-bearing leucogabbro and layered magnetitite units <0.5 m thick; metamorphosed,"leucogabbro,magnetitite",145434.85713508134,,Windimurra Igneous Complex,"Windimurra Igneous Complex, upper zone",,gabbro,magnetitite,igneous mafic intrusive,igneous ultramafic intrusive
1679,A-ANyb-mod,"Youanmi Igneous Complex, border zone",Metadolerite with amphibole pseudomorphs after clinopyroxene; locally weakly deformed,metadolerite,167425.5855779154,,Youanmi Igneous Complex,"Youanmi Igneous Complex, border zone",,metadolerite,,meta-igneous mafic intrusive,
1649,A-ANyb-od,"Youanmi Igneous Complex, border zone",Dolerite; metamorphosed,dolerite,168601.18847762689,,Youanmi Igneous Complex,"Youanmi Igneous Complex, border zone",,dolerite,,igneous mafic intrusive,
1444,A-ANyl-masr,"Youanmi Igneous Complex, lower zone",Tremolite-bearing ultramafic schist derived from intrusive rock; local poorly preserved cumulate textures; locally strongly sheared,"schist,ultramafic",179146.9712711497,,Youanmi Igneous Complex,"Youanmi Igneous Complex, lower zone",,ultramafic schist derived from intrusive rock,,meta-igneous ultramafic intrusive,
1681,A-ANyl-mog,"Youanmi Igneous Complex, lower zone","Metagabbro, locally strongly sheared",metagabbro,180000.15526353996,,Youanmi Igneous Complex,"Youanmi Igneous Complex, lower zone",,metagabbro,,meta-igneous mafic intrusive,
1766,A-ANyl-ol,"Youanmi Igneous Complex, lower zone",Olivine gabbro grading into olivine gabbronorite; metamorphosed,"gabbro,gabbronorite",181865.42809641577,,Youanmi Igneous Complex,"Youanmi Igneous Complex, lower zone",,olivine gabbronorite,,igneous mafic intrusive,
1756,A-ANyl-xog-od,"Youanmi Igneous Complex, lower zone","Gabbro interlayered with, and locally grading into, dolerite; layering typically on a 50?500 m scale; metamorphosed","gabbro,dolerite",175344.77990562236,,Youanmi Igneous Complex,"Youanmi Igneous Complex, lower zone",,gabbro,dolerite,igneous mafic intrusive,igneous mafic intrusive
3456,A-ANyl-xogx-mat,"Youanmi Igneous Complex, lower zone",Modally layered pyroxenitic gabbro interlayered with serpentinite; metamorphosed,"gabbro,serpentinite",176239.69528433625,,Youanmi Igneous Complex,"Youanmi Igneous Complex, lower zone",,gabbro,serpentinite derived from intrusive rock,igneous mafic intrusive,meta-igneous ultramafic intrusive
1683,A-ANym-ax,"Youanmi Igneous Complex, middle zone",Pyroxenite with 4?8 mm grain size; amphibole pseudomorphs after pyroxene locally abundant; metamorphosed,pyroxenite,168446.05858436358,,Youanmi Igneous Complex,"Youanmi Igneous Complex, middle zone",,pyroxenite (intrusive),,igneous ultramafic intrusive,
1682,A-ANym-ogl,"Youanmi Igneous Complex, middle zone","Leucogabbro, locally grading into gabbro; metamorphosed","leucogabbro,gabbro",168889.8041543925,,Youanmi Igneous Complex,"Youanmi Igneous Complex, middle zone",,gabbro,,igneous mafic intrusive,
1692,A-ANym-xog-ogx,"Youanmi Igneous Complex, middle zone",Gabbro interlayered with melagabbro on a 50 m scale; contacts locally gradational; metamorphosed,gabbro,168264.42580367008,,Youanmi Igneous Complex,"Youanmi Igneous Complex, middle zone",,gabbro,gabbro,igneous mafic intrusive,igneous mafic intrusive
3469,A-ANym-xom-og,"Youanmi Igneous Complex, middle zone",Gabbronorite interlayered with gabbro on a 50 m scale; contacts locally gradational; locally with interstitial magnetite; metamorphosed,"gabbro,gabbronorite",167547.33903963427,,Youanmi Igneous Complex,"Youanmi Igneous Complex, middle zone",,gabbronorite,gabbro,igneous mafic intrusive,igneous mafic intrusive
1717,A-ANyo-masr,Youanmi Igneous Complex,Tremolite-rich ultramafic schist derived from intrusive rocks; locally grades into metapyroxenite or serpentinite; locally strongly sheared,"schist,ultramafic,metapyroxenite,serpentinite",181722.5025206202,,Youanmi Igneous Complex,,,ultramafic schist derived from intrusive rock,,meta-igneous ultramafic intrusive,
1446,A-ANyo-moga,Youanmi Igneous Complex,"Metagabbro, with locally abundant amphibole porphyroblasts; locally sheared",metagabbro,167531.46083466822,,Youanmi Igneous Complex,,,metagabbro,,meta-igneous mafic intrusive,
1729,A-ANyz-am,"Youanmi Igneous Complex, upper zone","Magnetitite layers in magnetite-rich gabbro; magnetite cumulate crystals form up to 95% of the rock; interstitial plagioclase, pyroxene, and rare olivine; metamorphosed","gabbro,magnetitite",177685.86342819472,,Youanmi Igneous Complex,"Youanmi Igneous Complex, upper zone",,magnetitite,,igneous ultramafic intrusive,
1651,A-ANyz-ogl,"Youanmi Igneous Complex, upper zone","Leucogabbro, locally grading into gabbro and leuconorite; minor magnetite cumulate crystals; metamorphosed","leucogabbro,gabbro,leuconorite",172853.9934962394,,Youanmi Igneous Complex,"Youanmi Igneous Complex, upper zone",,gabbro,,igneous mafic intrusive,
1725,A-ANyz-oh,"Youanmi Igneous Complex, upper zone",Hornblende gabbro with 8?15 mm hornblende oikocrysts in medium-grained gabbroic matrix; locally modally layered with layers of fewer hornblende crystals; metamorphosed,gabbro,173810.9830752195,,Youanmi Igneous Complex,"Youanmi Igneous Complex, upper zone",,hornblende gabbro,,igneous mafic intrusive,
1648,A-ANyz-xam-ogl,"Youanmi Igneous Complex, upper zone",Magnetitite interlayered with modally layered magnetite-bearing leucogabbro; metamorphosed,"leucogabbro,magnetitite",171635.26104282602,,Youanmi Igneous Complex,"Youanmi Igneous Complex, upper zone",,magnetitite,gabbro,igneous ultramafic intrusive,igneous mafic intrusive
1726,A-ANyz-xogl-amy,"Youanmi Igneous Complex, upper zone",Leucogabbro interlayered with thin magnetitite horizons on a 50 cm scale; metamorphosed,"leucogabbro,magnetitite",171764.80986042222,,Youanmi Igneous Complex,"Youanmi Igneous Complex, upper zone",,gabbro,magnetitite,igneous mafic intrusive,igneous ultramafic intrusive
1669,A-BRG-g,Walganna Suite,Monzogranite to syenogranite; undeformed,"monzogranite,syenogranite",144682.4183628196,,,,,,,igneous granitic,
2803,A-BRG-gm,Walganna Suite,"Monzogranite, locally rich in muscovite and biotite; predominantly with equigranular texture and locally K-feldspar phyric; includes deeply weathered rock",monzogranite,60910.3426865956,,,,,monzogranite,,igneous granitic,
2572,A-BRG-gmfe,Walganna Suite,Monzogranite to syenogranite; undeformed; common magmatic foliation,"monzogranite,syenogranite",8516.370311668605,,,,,monzogranite,,igneous granitic,
2305,A-BRG-gmp,Walganna Suite,K-feldspar-porphyritic to megacrystic monzogranite; common magmatic foliation,monzogranite,18313.47991852289,,,,,monzogranite,,igneous granitic,
1027,A-BRG-gmv,Walganna Suite,Muscovite-rich monzogranite,monzogranite,239120.06594247083,,,,,monzogranite,,igneous granitic,
1779,A-BRG-gpv,Walganna Suite,Muscovite-rich pegmatite with books of muscovite and quartz?feldspar intergrowths >1 cm; lepidolite and fluorite bearing locally,pegmatite,166776.715709783,,,,,pegmatite,,igneous granitic,
2029,A-BRG-jgm-mgmu,Walganna Suite,"Monzogranite and porphyritic monzogranite with abundant, decametre-scale xenoliths of monzogranitic gneiss with K-feldspar augen","monzogranite,monzogranite,gneiss",90513.88923696303,,,,,monzogranite,metamonzogranite,igneous granitic,meta-igneous felsic intrusive
3298,A-BRG-jgmp-md,Walganna Suite,"K-feldspar megacrystic monzogranite, typically biotite rich; abundant rafts of metasedimentary siliciclastic rocks, locally with recrystallized quartz","monzogranite,metasedimentary,siliciclastic",166684.67197606823,,,,,monzogranite,metasiliciclastic rock,igneous granitic,metasedimentary siliciclastic
1464,A-BRG-xgm-gp,Walganna Suite,"Monzogranite, typically muscovite and biotite rich with abundant pegmatite veins","monzogranite,pegmatite",163289.97643909295,,,,,monzogranite,pegmatite,igneous granitic,igneous granitic
1671,A-BRG-xgmfp-gmal,Walganna Suite,"K-feldspar porphyritic, flow-banded monzogranite intruded by undeformed fine-grained monzogranite with common magmatic foliation","monzogranite,monzogranite",150473.98875539904,,,,,monzogranite,monzogranite,igneous granitic,igneous granitic
3553,A-BRco-gm,Cootharra Monzogranite,Medium- to coarse-grained monzogranite; undeformed; locally muscovite-rich,monzogranite,194899.4845747994,,Cootharra Monzogranite,,,monzogranite,,igneous granitic,
2510,A-BRco-gmv,Cootharra Monzogranite,Muscovite monzogranite; medium to coarse grained; undeformed,monzogranite,223490.48560826882,,Cootharra Monzogranite,,,monzogranite,,igneous granitic,
563,A-BRga-gm,Garden Rock Monzogranite,Monzogranite to syenogranite; undeformed; common magmatic foliation,"monzogranite,syenogranite",173209.66155964864,,Garden Rock Monzogranite,,,monzogranite,,igneous granitic,
896,A-BRga-gmp,Garden Rock Monzogranite,K-feldspar porphyritic monzogranite; undeformed; common magmatic foliation,monzogranite,177302.48375399542,,Garden Rock Monzogranite,,,monzogranite,,igneous granitic,
3307,A-BRse-gme,Seeligson Monzogranite,"Equigranular, coarse-grained, undeformed monzogranite with 4?12 mm grain size; locally with 3 cm long K-feldspar megacrysts; metamorphosed",monzogranite,26971.221213224908,,Seeligson Monzogranite,,,monzogranite,,igneous granitic,
3325,A-BRtg-gm,Telegootherra Monzogranite,Monzogranite to syenogranite; undeformed; common magmatic foliation,"monzogranite,syenogranite",157483.4647636182,,Telegootherra Monzogranite,,,monzogranite,,igneous granitic,
426,A-BRtg-gmv,Telegootherra Monzogranite,Muscovite-bearing monzogranite; medium to coarse grained; undeformed,monzogranite,183610.47486639346,,Telegootherra Monzogranite,,,monzogranite,,igneous granitic,
1754,A-BRwa-gm,Walgoo Monzogranite,"Monzogranite, locally rich in muscovite and biotite; predominantly with equigranular texture and locally K-feldspar porphyritic",monzogranite,140062.55861534676,,Walgoo Monzogranite,,,monzogranite,,igneous granitic,
1876,A-BRwa-gmv,Walgoo Monzogranite,Muscovite-bearing monzogranite; medium to coarse grained; marginal facies is pegmatitic and locally fluorite-bearing,monzogranite,144052.85443822326,,Walgoo Monzogranite,,,monzogranite,,igneous granitic,
2030,A-BRwg-gmby,Wangata Monzogranite,"Coarse-grained, undeformed monzogranite with distinctive igneous layering defined by gradational variation in the modal abundance of biotite and K-feldspar (0.5 to 3 m scale); K-feldspar up to 30 mm long; metamorphosed",monzogranite,84756.11812728357,,Wangata Monzogranite,,,monzogranite,,igneous granitic,
418,A-BRyb-gmv,Yarrabubba Monzogranite,"Medium- to coarse-grained, muscovite?albite monzogranite; contains veins of quartz, pseudotachylite, and muscovite-bearing pegmatite; quartz grains show microscopic planar deformation features","monzogranite,pegmatite",246365.0493669859,,Yarrabubba Monzogranite,,,monzogranite,,igneous granitic,
309,A-GLr-mhs,Ryansville Formation,Schistose pelite and psammite; local biotite porphyroblasts and minor bands of felsic volcaniclastic rock,"pelite,psammite,volcaniclastic",126617.8231840802,Glen Group,Ryansville Formation,,,psammitic and pelitic schist; interlayered,,metasedimentary siliciclastic: psammite and pelite; interlayered,
313,A-GLr-scc,Ryansville Formation,Chert pebble to boulder conglomerate; generally well sorted; weakly metamorphosed,"chert,conglomerate",126763.38293330328,Glen Group,Ryansville Formation,,,conglomerate,,sedimentary siliciclastic,
1034,A-GLw-b,Wattagee Formation,Mafic volcanic rock; massive to weakly foliated; locally pillowed and/or vesicular; weakly metamorphosed,"mafic,volcanic",230372.48572306926,Glen Group,Wattagee Formation,,,,,igneous mafic volcanic,
3401,A-GLw-bk,Wattagee Formation,Komatiitic basalt with local pyroxene spinifex texture; weakly metamorphosed,basalt,181792.7969199143,Glen Group,Wattagee Formation,,,komatiitic basalt,,igneous mafic volcanic,
3331,A-GLw-bko,Wattagee Formation,"Pillowed komatitic basalt, with common pyroxene-spinifex texture; weakly metamorphosed",basalt,194963.80202007617,Glen Group,Wattagee Formation,,,komatiitic basalt,,igneous mafic volcanic,
3398,A-GLw-bs,Wattagee Formation,Pyroxene spinifex-textured basalt and local basalt; locally variolitic; weakly metamorphosed,"basalt,basalt",189040.3805646921,Glen Group,Wattagee Formation,,,pyroxene spinifex-textured basalt,,igneous mafic volcanic,
737,A-GLw-fa,Wattagee Formation,Fine-grained intermediate volcanic rock; weakly metamorphosed,volcanic,213671.84784308597,Glen Group,Wattagee Formation,,,andesite,,igneous felsic volcanic,
769,A-GLw-fd,Wattagee Formation,"Dacite; massive, fine to medium grained; locally plagioclase-phyric; weakly metamorphosed",dacite,212416.9934402181,Glen Group,Wattagee Formation,,,dacite,,igneous felsic volcanic,
760,A-GLw-mfs,Wattagee Formation,Quartz?sericite schist derived from felsic volcanic rock; metamorphosed,"schist,volcanic",210508.96404591086,Glen Group,Wattagee Formation,,,felsic schist derived from volcanic rock,,meta-igneous felsic volcanic,
738,A-GLw-mlv,Wattagee Formation,Light to dark grey slate; yellow weathering; highly fissile; metamorphosed,slate,207884.4313302327,Glen Group,Wattagee Formation,,,slate,,metasedimentary siliciclastic: pelite,
1212,A-GLw-mus,Wattagee Formation,Ultramafic schist; commonly deeply weathered,"schist,ultramafic",130783.86589183184,Glen Group,Wattagee Formation,,,ultramafic schist; volcanic or undivided,,meta-igneous ultramafic volcanic or undivided,
847,A-JU-mgmm,Jungar Suite,"Muscovite metagranite; medium to coarse grained, equigranular; foliated",metagranite,183941.438357412,,,,,metamonzogranite,,meta-igneous felsic intrusive,
725,A-JU-mgms,Jungar Suite,"Foliated biotite metamonzogranite; minor metagranodiorite, metasyenogranite, and metapegmatite; fine to coarse grained; locally gneissic","metamonzogranite,metagranodiorite,metapegmatite,metasyenogranite",178448.96429404986,,,,,metamonzogranite,,meta-igneous felsic intrusive,
2312,A-JUcl-mgms,Chunderloo Monzogranite,Biotite metamonzogranite; commonly with abundant K-feldspar phenocrysts/porphyroclasts; well foliated to mylonitic; may include amphibolite lenses,"metamonzogranite,amphibolite",214353.8252472878,,Chunderloo Monzogranite,,,metamonzogranite,,meta-igneous felsic intrusive,
2430,A-MUg-xfr-fd,Gossan Hill Formation,"Felsic volcanic and volcaniclastic rocks, rhyolitic to dacitic in composition; locally with economic massive sulfide mineralization; metamorphosed","volcanic,volcaniclastic",38592.53607910699,,Gossan Hill Formation,,,rhyolite,dacite,igneous felsic volcanic,igneous felsic volcanic
2527,A-MUgg-xfc-zs,Golden Grove Member,"Rhyodacite, dacite and laminated felsic volcaniclastic rocks; host to economic massive sulfide horizons; metamorphosed","rhyodacite,dacite,volcaniclastic",9602.09412757627,,Gossan Hill Formation,Golden Grove Member,,rhyodacite,massive sulfide,igneous felsic volcanic,hydrothermal
2564,A-MUgm-bb,Minjar Member,"Basalt, commonly with 1?2 mm plagioclase phenocrysts; locally abundant amygdaloidal basalt and minor basaltic andesite; metamorphosed","basalt,andesite,basalt",7693.212220915421,,Gossan Hill Formation,Minjar Member,,basalt,,igneous mafic volcanic,
2522,A-MUgm-xf-s,Minjar Member,Felsic volcaniclastic rocks and fine-grained siliciclastic sedimentary rocks; minor amygdaloidal basalt; metamorphosed,"siliciclastic,volcaniclastic,basalt",7754.677072855163,,Gossan Hill Formation,Minjar Member,,,,igneous felsic volcanic,sedimentary siliciclastic
2579,A-MUgu-fdp,Scuddles Member,Porphyritic dacite with lesser rhyodacite and felsic volcaniclastic units; locally with economic sulfide mineralization; metamorphosed,"dacite,rhyodacite,volcaniclastic",8979.001120280107,,Gossan Hill Formation,Scuddles Member,,dacite,,igneous felsic volcanic,
2526,A-MUgv-fr,Gossan Valley Member,Quartz-porphyritic rhyolite and felsic volcaniclastic rocks; metamorphosed,"rhyolite,volcaniclastic",10257.5624222339,,Gossan Hill Formation,Gossan Valley Member,,rhyolite,,igneous felsic volcanic,
2117,A-NO-bb,Norie Group,Basalt and minor basaltic andesite; locally pillowed and/or vesicular; massive to weakly foliated; locally strongly sheared and metamorphosed,"andesite,basalt",54011.0970387338,Norie Group,,,,basalt,,igneous mafic volcanic,
2119,A-NO-bbd,Norie Group,Pillowed and spherulitic basalt; spherules locally abundant and up to 15 mm in diameter; metamorphosed,basalt,52718.51785659005,Norie Group,,,,basalt,,igneous mafic volcanic,
2101,A-NO-bbg,Norie Group,"Amygdaloidal basalt with 3?10 mm, quartz-filled amygdales; locally variolitic; flows typically 5 m thick; minor pillow lava; grades into amphibolitic metabasalt; metamorphosed","basalt,metabasalt",81505.1309160135,Norie Group,,,,basalt,,igneous mafic volcanic,
2102,A-NO-bs,Norie Group,"Pyroxene spinifex-textured basalt with 4?20 mm, acicular crystals in a devitrified matrix; locally grading into mafic?ultramafic schist; metamorphosed","basalt,mafic?ultramafic,schist",78025.44100372757,Norie Group,,,,pyroxene spinifex-textured basalt,,igneous mafic volcanic,
2123,A-NO-fd,Norie Group,Dacitic volcanic rock as thin horizons; metamorphosed,volcanic,65873.17258154765,Norie Group,,,,dacite,,igneous felsic volcanic,
3035,A-NO-frt,Norie Group,Moderately well-bedded volcaniclastic sandstone to siltstone of rhyolitic to dacitic affinity; metamorphosed,"sandstone,siltstone,volcaniclastic",30474.193229480272,Norie Group,,,,rhyolite,,igneous felsic volcanic,
2124,A-NO-mba,Norie Group,Amphibolite and local metabasalt; fine to medium grained; typically foliated and lineated,"amphibolite,metabasalt",81777.09052770521,Norie Group,,,,amphibolite derived from volcanic rock,,meta-igneous mafic volcanic,
3546,A-NO-mbs,Norie Group,Mafic schist derived from volcanic rock; locally preserved relict pyroxene-spinifex texture,"mafic,schist,volcanic",43618.01904110729,Norie Group,,,,mafic schist derived from volcanic rock,,meta-igneous mafic volcanic,
3600,A-NO-mcb,Norie Group,Metamorphosed banded chert; locally with ferruginous horizons; locally schistose,chert,30221.29063720049,Norie Group,,,,meta-banded chert,,metasedimentary other chemical,
2862,A-NO-md,Norie Group,"Metasedimentary rock, undivided; includes metamorphosed sandstone, siltstone, shale, and chert; locally abundant banded chert; commonly deeply weathered","chert,chert,sandstone,shale,siltstone",25927.115797501483,Norie Group,,,,metasiliciclastic rock,,metasedimentary siliciclastic,
2802,A-NO-mib,Norie Group,Metamorphosed banded iron-formation locally with recrystallized quartz and magnetite; typically moderately deformed,iron-formation,25054.120318272446,Norie Group,,,,meta-banded iron formation,,metasedimentary other chemical: meta-iron formation,
2315,A-NO-msmz,Norie Group,Andalusite?chlorite(?kyanite?muscovite) schist; coarsely porphyroblastic; strongly foliated and lineated,schist,247513.72187088875,Norie Group,,,,micaceous schist,,metamorphic protolith unknown: schist,
2810,A-NO-mtq,Norie Group,Quartzite; medium grained; commonly foliated; local relict bedding,quartzite,27028.39385217976,Norie Group,,,,quartzite,,metasedimentary siliciclastic: psammite,
2134,A-NO-mts,Norie Group,Psammitic schist; local pelite interlayers and relict bedding; locally strongly deformed,"schist,pelite",76923.34892505771,Norie Group,,,,psammitic schist,,metasedimentary siliciclastic: psammite,
1552,A-NO-musr,Norie Group,"Tremolite-rich ultramafic schist; locally interlayered with pyroxene spinifex-textured metabasalt, metadolerite, or mafic schist; typically sheared","schist,ultramafic,mafic,metabasalt,metadolerite,schist",108665.26513357235,Norie Group,,,,ultramafic schist; volcanic or undivided,,meta-igneous ultramafic volcanic or undivided,
2100,A-NO-mws,Norie Group,Mafic schist with abundant chlorite and actinolite; local amphibolite,"mafic,schist,amphibolite",76542.75210654348,Norie Group,,,,mafic schist,,meta-igneous mafic,
2136,A-NO-sn,Norie Group,"Undivided sedimentary rock, typically deeply weathered; metamorphosed",sedimentary-rock,64059.111801183004,Norie Group,,,,siliciclastic rock; undivided,,sedimentary siliciclastic,
2347,A-NO-xbk-mus,Norie Group,Komatiitic basalt with local pyroxene-spinifex texture interlayered with ultramafic schist derived from volcanic rocks; metamorphosed,"basalt,schist,ultramafic,volcanic",120677.02148458059,Norie Group,,,,komatiitic basalt,ultramafic schist; volcanic or undivided,igneous mafic volcanic,meta-igneous ultramafic volcanic or undivided
3013,A-NO-xmb-f,Norie Group,"Metabasalt, felsic volcaniclastic rocks, and banded iron-formation; strongly to weakly metamorphosed","metabasalt,iron-formation,volcaniclastic",26024.324239441205,Norie Group,,,,metamafic volcanic rock,,meta-igneous mafic volcanic,igneous felsic volcanic
1566,A-NO-xmbb-md,Norie Group,Metabasalt interlayered with dominantly psammitic sedimentary rocks; locally chlorite-rich and strongly sheared,metabasalt,112430.41787568205,Norie Group,,,,metabasalt,metasiliciclastic rock,meta-igneous mafic volcanic,metasedimentary siliciclastic
3596,A-NOs-bb,Singleton Formation,"Basalt, locally pillowed; thin hyaloclastite or siltstone horizons; metamorphosed","basalt,hyaloclastite,siltstone",24292.191509927678,Norie Group,Singleton Formation,,,basalt,,igneous mafic volcanic,
2894,A-NOs-bbo,Singleton Formation,Pillowed basalt; includes layers of black siltstone; metamorphosed,"basalt,siltstone",43243.237067174225,Norie Group,Singleton Formation,,,basalt,,igneous mafic volcanic,
2928,A-NOs-bs,Singleton Formation,Pyroxene spinifex-textured basalt; metamorphosed,basalt,30841.619955717048,Norie Group,Singleton Formation,,,pyroxene spinifex-textured basalt,,igneous mafic volcanic,
596,A-NOs-mb,Singleton Formation,Metamorphosed basalt and komatiitic basalt,"basalt,basalt",138304.9532483908,Norie Group,Singleton Formation,,,metamafic volcanic rock,,meta-igneous mafic volcanic,
823,A-NOs-mbas,Singleton Formation,"Fine-grained, mafic amphibolite schist","amphibolite,mafic,schist",232794.7017642151,Norie Group,Singleton Formation,,,amphibolite derived from volcanic rock,,meta-igneous mafic volcanic,
3597,A-NOs-mbb,Singleton Formation,Metabasalt,metabasalt,42068.532197470624,Norie Group,Singleton Formation,,,metabasalt,,meta-igneous mafic volcanic,
364,A-NOs-mbbs,Singleton Formation,Strongly foliated metabasalt and local amphibolite,"amphibolite,metabasalt",131568.73442435917,Norie Group,Singleton Formation,,,metabasalt,,meta-igneous mafic volcanic,
3505,A-NOs-mbms,Singleton Formation,Metamorphosed komatiitic basalt; schistose; pyroxene-spinifex texture locally preserved,basalt,135027.56013294036,Norie Group,Singleton Formation,,,metakomatiitic basalt,,meta-igneous mafic volcanic,
363,A-NOs-mhs,Singleton Formation,Psammitic and pelitic schist interlayered on a metre to decametre scale; locally strongly sheared,schist,136411.53538286232,Norie Group,Singleton Formation,,,psammitic and pelitic schist; interlayered,,metasedimentary siliciclastic: psammite and pelite; interlayered,
2453,A-NOs-mu,Singleton Formation,"Metamorphosed ultramafic rock, undivided; typically deeply weathered",ultramafic,51777.60622083113,Norie Group,Singleton Formation,,,meta-ultramafic rock,,meta-igneous ultramafic volcanic or undivided,
3039,A-NOs-mup,Singleton Formation,Serpentinized metaperidotite; massive to foliated,metaperidotite,41817.590151488235,Norie Group,Singleton Formation,,,metaperidotite derived from volcanic rock,,meta-igneous ultramafic volcanic or undivided,
2902,A-NOs-xbbo-bbx,Singleton Formation,Interlayered pillow lava and hyaloclastite; locally abundant siltstone; metamorphosed,"hyaloclastite,siltstone",60601.428961396006,Norie Group,Singleton Formation,,,basalt,basalt,igneous mafic volcanic,igneous mafic volcanic
3045,A-NOs-xbs-mup,Singleton Formation,Pyroxene spinifex-textured basalt with metaperidotite; platy pyroxene spinifex up to 80 mm; olivine or pyroxene cumulates up to 150 m thick are typically serpentinized or tremolite rich,"basalt,metaperidotite",36464.492767569674,Norie Group,Singleton Formation,,,pyroxene spinifex-textured basalt,metaperidotite derived from volcanic rock,igneous mafic volcanic,meta-igneous ultramafic volcanic or undivided
2845,A-NOsq-b,Quinns Basalt Member,Mafic volcanic rock; massive to weakly foliated; metamorphosed,"mafic,volcanic",246429.30720078023,Norie Group,Singleton Formation,Quinns Basalt Member,,,,igneous mafic volcanic,
1561,A-NOy-cib,Yaloginda Formation,Banded iron-formation and ferruginous banded chert; metamorphosed,"chert,iron-formation",135430.97709434316,Norie Group,Yaloginda Formation,,,iron formation,,sedimentary other chemical or biochemical,
3440,A-NOy-fd,Yaloginda Formation,Dacite; locally with abundant feldspar and subordinate quartz phenocrysts; locally rhyolitic and/or tuffaceous; metamorphosed,dacite,119972.24409227923,Norie Group,Yaloginda Formation,,,dacite,,igneous felsic volcanic,
1530,A-NOy-fr,Yaloginda Formation,Rhyolite and rhyolitic volcaniclastic rocks; fine to medium grained; massive to crudely bedded; metamorphosed,"rhyolite,volcaniclastic",127855.41592950473,Norie Group,Yaloginda Formation,,,rhyolite,,igneous felsic volcanic,
3529,A-NOy-jmts-mgs,Yaloginda Formation,Abundant rafts of psammitic schist in granitic schist,"granitic,schist,schist",117921.38002620976,Norie Group,Yaloginda Formation,,,psammitic schist,granitic schist,metasedimentary siliciclastic: psammite,meta-igneous felsic intrusive
1549,A-NOy-md,Yaloginda Formation,Metasiliciclastic rocks,metasiliciclastic,109552.39608648028,Norie Group,Yaloginda Formation,,,metasiliciclastic rock,,metasedimentary siliciclastic,
1403,A-NOy-mfa,Yaloginda Formation,Metamorphosed andesitic and dacitic volcanic and volcaniclastic rocks; local basaltic horizons,"volcanic,volcaniclastic",108804.21444264794,Norie Group,Yaloginda Formation,,,meta-andesite,,meta-igneous felsic volcanic,
1244,A-NOy-mfs,Yaloginda Formation,Felsic schist derived from volcanic rock; locally strongly sheared,"schist,volcanic",111432.17524635077,Norie Group,Yaloginda Formation,,,felsic schist derived from volcanic rock,,meta-igneous felsic volcanic,
1213,A-NOy-mhs,Yaloginda Formation,Psammitic and pelitic schist interlayered on a metre to decametre scale; locally strongly sheared,schist,108802.69991716968,Norie Group,Yaloginda Formation,,,psammitic and pelitic schist; interlayered,,metasedimentary siliciclastic: psammite and pelite; interlayered,
1594,A-NOy-mib,Yaloginda Formation,"Metamorphosed banded iron-formation; typically with coarse, granular, and recrystallized magnetite crystals; foliated",iron-formation,120328.8874735782,Norie Group,Yaloginda Formation,,,meta-banded iron formation,,metasedimentary other chemical: meta-iron formation,
1408,A-NOy-ml,Yaloginda Formation,"Pelite, locally strongly sheared",pelite,115086.85411019032,Norie Group,Yaloginda Formation,,,metasiltstone/metamudstone/metashale,,metasedimentary siliciclastic: pelite,
3517,A-NOy-mrs,Yaloginda Formation,Felsic schist; locally strongly sheared,schist,125631.40345771868,Norie Group,Yaloginda Formation,,,felsic schist,,meta-igneous felsic,
1514,A-NOy-mtq,Yaloginda Formation,Quartzite; locally interlayered with psammitic schist,"quartzite,schist",109048.75336230917,Norie Group,Yaloginda Formation,,,quartzite,,metasedimentary siliciclastic: psammite,
1214,A-NOy-mts,Yaloginda Formation,Psammitic schist; locally grading into pelitic schist or quartzite; includes cordierite-porphyroblastic metasedimentary rocks as xenoliths; locally strongly sheared,"schist,quartzite,schist",109875.61272895364,Norie Group,Yaloginda Formation,,,psammitic schist,,metasedimentary siliciclastic: psammite,
2338,A-NOy-xf-cib,Yaloginda Formation,Felsic volcaniclastic rocks and banded iron-formation; local quartzite and felsic schist; widely intruded by layered gabbroic to peridotitic sills; metamorphosed,"iron-formation,volcaniclastic,quartzite,schist",124531.83449891793,Norie Group,Yaloginda Formation,,,,iron formation,igneous felsic volcanic,sedimentary other chemical or biochemical
1663,A-NOyg-fdp,Youangarra Volcanics Member,Porphyritic dacite with abundant feldspar and subordinate quartz phenocrysts; metamorphosed,dacite,183263.62273102676,Norie Group,Yaloginda Formation,Youangarra Volcanics Member,,dacite,,igneous felsic volcanic,
1661,A-NOyg-mbs,Youangarra Volcanics Member,Mafic schist derived from volcanic rock; locally strongly sheared,"mafic,schist,volcanic",179727.30231603654,Norie Group,Yaloginda Formation,Youangarra Volcanics Member,,mafic schist derived from volcanic rock,,meta-igneous mafic volcanic,
1693,A-NOyg-mtqs,Youangarra Volcanics Member,Quartzitic schist; locally interlayered with psammitic schist; locally strongly sheared,"schist,schist",168657.194815723,Norie Group,Yaloginda Formation,Youangarra Volcanics Member,,quartzite,,metasedimentary siliciclastic: psammite,
1660,A-NOyg-xfa-mbs,Youangarra Volcanics Member,Andesitic lava flows; locally schistose; interbedded with mafic schist; metamorphosed,"mafic,schist",179370.49130943362,Norie Group,Yaloginda Formation,Youangarra Volcanics Member,,andesite,mafic schist derived from volcanic rock,igneous felsic volcanic,meta-igneous mafic volcanic
1790,A-NOyg-xmbs-mfs,Youangarra Volcanics Member,"Mafic schist, interlayered on a decametre-scale with felsic schist; metamorphosed","mafic,schist,schist",181906.54333462764,Norie Group,Yaloginda Formation,Youangarra Volcanics Member,,mafic schist derived from volcanic rock,felsic schist derived from volcanic rock,meta-igneous mafic volcanic,meta-igneous felsic volcanic
3346,A-NOyg-xmcb-mt,Youangarra Volcanics Member,Metamorphosed banded chert interlayered with psammitic rocks and minor felsic schist and metavolcaniclastic rocks,"chert,metavolcaniclastic,schist",175208.81524986928,Norie Group,Yaloginda Formation,Youangarra Volcanics Member,,meta-banded chert,metasandstone,metasedimentary other chemical,metasedimentary siliciclastic: psammite
2439,A-NOyg-xmd-mfs,Youangarra Volcanics Member,Metamorphosed siliciclastic rocks interlayered with felsic schist; local dacitic lava to volcaniclastic rocks; minor metachert and metamorphosed banded iron-formation; locally strongly sheared,"schist,siliciclastic,iron-formation,metachert,volcaniclastic",168577.21322498433,Norie Group,Yaloginda Formation,Youangarra Volcanics Member,,metasiliciclastic rock,felsic schist derived from volcanic rock,metasedimentary siliciclastic,meta-igneous felsic volcanic
1321,A-NOyk-frp,Kantie Murdana Volcanics Member,Quartz?feldspar porphyritic rhyolite; weak to schistose foliation; metamorphosed,rhyolite,162450.58635505586,Norie Group,Yaloginda Formation,Kantie Murdana Volcanics Member,,rhyolite,,igneous felsic volcanic,
2503,A-NOyk-frt,Kantie Murdana Volcanics Member,Felsic tuff and tuffaceous rock; finely banded; fine to medium grained; locally crystal-rich; includes coherent rhyolite to dacite with quartz and feldspar phenocrysts; metamorphosed; variably foliated,"tuff,dacite,rhyolite",169482.614124638,Norie Group,Yaloginda Formation,Kantie Murdana Volcanics Member,,rhyolite,,igneous felsic volcanic,
3448,A-NOyk-mfe,Kantie Murdana Volcanics Member,"Recrystallized, equigranular felsic volcanic and sedimentary rocks with 1?5 mm grain size",volcanic,159271.3271568213,Norie Group,Yaloginda Formation,Kantie Murdana Volcanics Member,,felsic granofels/hornfels derived from volcanic rock,,meta-igneous felsic volcanic,
987,A-NOyk-mhsr,Kantie Murdana Volcanics Member,Psammitic and pelitic schist with abundant cordierite poikiloblasts up to 15 mm in diameter,schist,184143.2805286162,Norie Group,Yaloginda Formation,Kantie Murdana Volcanics Member,,psammitic and pelitic schist; interlayered,,metasedimentary siliciclastic: psammite and pelite; interlayered,
1696,A-NOyy-fdp,Yuinmery Volcanics Member,Porphyritic dacite with abundant feldspar and subordinate quartz phenocrysts; locally with rhyolitic and/or tuffaceous horizons; metamorphosed,dacite,193701.80442031496,Norie Group,Yaloginda Formation,Yuinmery Volcanics Member,,dacite,,igneous felsic volcanic,
1789,A-NOyy-mbs,Yuinmery Volcanics Member,Mafic schist derived from volcanic rock; locally strongly sheared,"mafic,schist,volcanic",195509.7437343075,Norie Group,Yaloginda Formation,Yuinmery Volcanics Member,,mafic schist derived from volcanic rock,,meta-igneous mafic volcanic,
3347,A-NOyy-mfs,Yuinmery Volcanics Member,Felsic schist and rhyolitic schist; locally strongly sheared,"schist,schist",194564.12623744595,Norie Group,Yaloginda Formation,Yuinmery Volcanics Member,,felsic schist derived from volcanic rock,,meta-igneous felsic volcanic,
3451,A-NOyy-xmfs-mib,Yuinmery Volcanics Member,"Felsic schist with local dacite?rhyolite lava, interlayered with metamorphosed banded iron-formation; locally strongly sheared","dacite?rhyolite,schist,iron-formation",193785.92034040848,Norie Group,Yaloginda Formation,Yuinmery Volcanics Member,,felsic schist derived from volcanic rock,meta-banded iron formation,meta-igneous felsic volcanic,metasedimentary other chemical: meta-iron formation
2530,A-PO-bb,Polelle Group,Fine- to very fine-grained basalt; locally moderately foliated; metamorphosed,basalt,5071.4894730238,Polelle Group,,,,basalt,,igneous mafic volcanic,
3567,A-PO-bs,Polelle Group,Spinifex-textured basalt with acicular pyroxene crystals up to 30 mm; local aphyric basalt; metamorphosed,"basalt,basalt",8096.957091414815,Polelle Group,,,,pyroxene spinifex-textured basalt,,igneous mafic volcanic,
2801,A-PO-fa,Polelle Group,Andesitic volcanic rock; minor dacite; local volcanic breccia to sandstone; includes minor tuffaceous rhyolite and schistose equivalents; metamorphosed,"volcanic,dacite,rhyolite,sandstone,volcanic",12358.23747410756,Polelle Group,,,,andesite,,igneous felsic volcanic,
3561,A-PO-mbs,Polelle Group,Mafic schist with minor ultramafic schist; typically actinolite?tremolite?chlorite; locally strongly sheared,"mafic,schist,schist,ultramafic",4820.82599742155,Polelle Group,,,,mafic schist derived from volcanic rock,,meta-igneous mafic volcanic,
2524,A-PO-mib,Polelle Group,Metamorphosed banded iron-formation and minor banded chert; typical granular texture with magnetite and quartz grains 0.5 to 1.5 mm in size,"chert,iron-formation",5981.458477862828,Polelle Group,,,,meta-banded iron formation,,metasedimentary other chemical: meta-iron formation,
2163,A-PO-xmb-mf,Polelle Group,Metabasalt and felsic metavolcanic rock; strongly foliated to schistose,"metabasalt,metavolcanic",73237.6515920062,Polelle Group,,,,metamafic volcanic rock,metafelsic volcanic rock,meta-igneous mafic volcanic,meta-igneous felsic volcanic
854,A-POc-mi,Coodardy Pool Formation,Metamorphosed iron formation; weakly layered; strongly foliated,iron-formation,182052.52479609876,Polelle Group,Coodardy Pool Formation,,,meta-iron formation,,metasedimentary other chemical: meta-iron formation,
1902,A-POc-mlsg,Coodardy Pool Formation,Garnet?mica schist with 2?5 mm euhedral garnets; commonly altered,schist,29911.182998031603,Polelle Group,Coodardy Pool Formation,,,pelitic schist,,metasedimentary siliciclastic: pelite,
859,A-POc-mtq,Coodardy Pool Formation,Quartzite; medium grained; foliated,quartzite,184496.8509473397,Polelle Group,Coodardy Pool Formation,,,quartzite,,metasedimentary siliciclastic: psammite,
705,A-POg-fa,Greensleeves Formation,"Andesite; massive to fragmental, with siliceous clasts; pale grey weathering, silicified",andesite,191305.38803829826,Polelle Group,Greensleeves Formation,,,andesite,,igneous felsic volcanic,
808,A-POg-fdt,Greensleeves Formation,Grey dacite and dacitic volcaniclastic rocks; commonly with plagioclase phenocrysts; locally vesicular; weakly metamorphosed,"dacite,volcaniclastic",188652.18914064855,Polelle Group,Greensleeves Formation,,,dacite,,igneous felsic volcanic,
3236,A-POg-fr,Greensleeves Formation,Rhyolite and rhyolitic volcaniclastic rocks; massive to coarsely fragmental; quartz phyric; locally foliated; weakly metamorphosed,"rhyolite,volcaniclastic",124820.4290110352,Polelle Group,Greensleeves Formation,,,rhyolite,,igneous felsic volcanic,
3404,A-POg-frmb,Greensleeves Formation,Crystal-vitric rhyolite breccia and volcaniclastic sandstone; locally foliated; weakly metamorphosed,"rhyolite,sandstone,volcaniclastic",177940.21704998857,Polelle Group,Greensleeves Formation,,,rhyolite,,igneous felsic volcanic,
3204,A-POg-mfds,Greensleeves Formation,Dacitic schist; locally feldspar(?quartz) porphyritic; rare graded bedding,schist,121194.07113569371,Polelle Group,Greensleeves Formation,,,metadacite,,meta-igneous felsic volcanic,
3234,A-POg-mfs,Greensleeves Formation,Felsic schist derived from volcanic rock; commonly deeply weathered,"schist,volcanic",130258.57124112926,Polelle Group,Greensleeves Formation,,,felsic schist derived from volcanic rock,,meta-igneous felsic volcanic,
3360,A-POg-mhs,Greensleeves Formation,Schistose pelite and psammite; locally contains biotite porphyroblasts,"pelite,psammite",116221.6717817429,Polelle Group,Greensleeves Formation,,,psammitic and pelitic schist; interlayered,,metasedimentary siliciclastic: psammite and pelite; interlayered,
3301,A-POg-mlv,Greensleeves Formation,White to grey slate; highly fissile; local graded bedding to fine-grained sandstone,"slate,sandstone",193827.63559627676,Polelle Group,Greensleeves Formation,,,slate,,metasedimentary siliciclastic: pelite,
2942,A-POm-bb,Meekatharra Formation,Basalt; massive to weakly foliated; locally pillowed and/or vesicular; metamorphosed,basalt,22982.905446698147,Polelle Group,Meekatharra Formation,,,basalt,,igneous mafic volcanic,
2175,A-POm-bbd,Meekatharra Formation,Variolitic basalt; locally pillowed with a fine-grained groundmass; varioles typically comprise up to 90% of rock; metamorphosed,basalt,28468.092514614662,Polelle Group,Meekatharra Formation,,,basalt,,igneous mafic volcanic,
2892,A-POm-bbg,Meekatharra Formation,Amygdaloidal basalt with quartz-filled vesicles; typically massive groundmass; rare hyaloclastite or plagioclase-porphyritic texture; locally strongly lineated; metamorphosed,"basalt,hyaloclastite",19997.841352340463,Polelle Group,Meekatharra Formation,,,basalt,,igneous mafic volcanic,
2891,A-POm-bbo,Meekatharra Formation,Pillowed basalt; local hyaloclastite; fractured to foliated; weakly metamorphosed,"basalt,hyaloclastite",33272.27017914208,Polelle Group,Meekatharra Formation,,,basalt,,igneous mafic volcanic,
2139,A-POm-bk,Meekatharra Formation,"Komatiitic basalt, typically with platy pyroxene spinifex textures; locally pillowed and/or variolitic; fractured to locally foliated; weakly metamorphosed",basalt,65254.852729177925,Polelle Group,Meekatharra Formation,,,komatiitic basalt,,igneous mafic volcanic,
848,A-POm-bko,Meekatharra Formation,Pillowed komatiitic basalt; local fine pyroxene-spinifex texture; weakly metamorphosed,basalt,187719.83513588435,Polelle Group,Meekatharra Formation,,,komatiitic basalt,,igneous mafic volcanic,
2806,A-POm-bs,Meekatharra Formation,Pyroxene spinifex-textured basalt and minor basalt; locally variolitic; interlayered with thin sills of granophyric to coarse-grained leucogabbro; metamorphosed,"basalt,basalt,leucogabbro",19231.726271651278,Polelle Group,Meekatharra Formation,,,pyroxene spinifex-textured basalt,,igneous mafic volcanic,
770,A-POm-fnl,Meekatharra Formation,Felsic volcaniclastic siltstone; local graded bedding to fine-grained volcaniclastic sandstone; weakly metamorphosed,"siltstone,volcaniclastic,sandstone,volcaniclastic",218062.904653787,Polelle Group,Meekatharra Formation,,,felsic volcanic rock; undivided,,igneous felsic volcanic,
3318,A-POm-mb,Meekatharra Formation,Metamorphosed mafic rock; generally fine to medium grained; foliated to schistose,mafic,206049.85971869074,Polelle Group,Meekatharra Formation,,,metamafic volcanic rock,,meta-igneous mafic volcanic,
660,A-POm-mban,Meekatharra Formation,Amphibolite gneiss derived from basalt; commonly well foliated and lineated,"amphibolite,basalt,gneiss",186562.4496668913,Polelle Group,Meekatharra Formation,,,amphibolite derived from volcanic rock,,meta-igneous mafic volcanic,
3384,A-POm-mbas,Meekatharra Formation,Amphibolite schist derived from basalt; fine to medium grained; commonly also lineated,"amphibolite,basalt,schist",132153.08052656928,Polelle Group,Meekatharra Formation,,,amphibolite derived from volcanic rock,,meta-igneous mafic volcanic,
3223,A-POm-mbb,Meekatharra Formation,Metabasalt; generally fine grained and massive; locally pillowed and/or vesicular,metabasalt,122669.36155162886,Polelle Group,Meekatharra Formation,,,metabasalt,,meta-igneous mafic volcanic,
379,A-POm-mbba,Meekatharra Formation,Amphibolite derived from basalt; massive to foliated and/or lineated,"amphibolite,basalt",133017.3996040965,Polelle Group,Meekatharra Formation,,,metabasalt,,meta-igneous mafic volcanic,
3403,A-POm-mbbs,Meekatharra Formation,Strongly foliated metabasalt and local amphibolite,"amphibolite,metabasalt",177263.92551753708,Polelle Group,Meekatharra Formation,,,metabasalt,,meta-igneous mafic volcanic,
1201,A-POm-mbby,Meekatharra Formation,Mylonitic metabasalt; fine- to very fine-grained; commonly lineated,metabasalt,200816.63159641906,Polelle Group,Meekatharra Formation,,,metabasalt,,meta-igneous mafic volcanic,
3410,A-POm-mbm,Meekatharra Formation,"Metamorphosed komatiitic basalt; massive to pillowed with local hyaloclastite; with fracture cleavage, or foliated","basalt,hyaloclastite",147628.77426762247,Polelle Group,Meekatharra Formation,,,metakomatiitic basalt,,meta-igneous mafic volcanic,
317,A-POm-mbms,Meekatharra Formation,Fine-grained ultramafic schist derived from komatiitic basalt; local talc?carbonate rock; commonly deeply weathered,"basalt,schist,ultramafic",118802.30664944796,Polelle Group,Meekatharra Formation,,,metakomatiitic basalt,,meta-igneous mafic volcanic,
1028,A-POm-mbmz,Meekatharra Formation,Metasomatized komatiitic basalt,basalt,240677.55246549528,Polelle Group,Meekatharra Formation,,,metakomatiitic basalt,,meta-igneous mafic volcanic,
3478,A-POm-mbs,Meekatharra Formation,"Foliated metamorphosed mafic rock; mainly chlorite?tremolite schist and fine-grained amphibolite with minor, foliated metagranite intercalations; locally relict pyroxene spinifex-texture preserved","mafic,amphibolite,metagranite,schist",63846.631427479755,Polelle Group,Meekatharra Formation,,,mafic schist derived from volcanic rock,,meta-igneous mafic volcanic,
1031,A-POm-mfrs,Meekatharra Formation,Metarhyolite schist,"metarhyolite,schist",232408.39749400585,Polelle Group,Meekatharra Formation,,,metarhyolite,,meta-igneous felsic volcanic,
874,A-POm-mhs,Meekatharra Formation,"Schistose pelite and psammite, with local biotite porphyroblasts","pelite,psammite",134824.21119850306,Polelle Group,Meekatharra Formation,,,psammitic and pelitic schist; interlayered,,metasedimentary siliciclastic: psammite and pelite; interlayered,
1922,A-POm-mib,Meekatharra Formation,Metamorphosed banded iron-formation and banded chert; locally strongly deformed,"chert,iron-formation",23897.223707901492,Polelle Group,Meekatharra Formation,,,meta-banded iron formation,,metasedimentary other chemical: meta-iron formation,
2138,A-POm-mu,Meekatharra Formation,Metamorphosed ultramafic rock; local peridotite with relict olivine and/or pyroxene cumulate textures,"ultramafic,peridotite",80314.59132386406,Polelle Group,Meekatharra Formation,,,meta-ultramafic rock,,meta-igneous ultramafic volcanic or undivided,
559,A-POm-mukt,Meekatharra Formation,Talc?carbonate(?chlorite?serpentine) schist derived from komatiitic rock; commonly deeply weathered and lateritized,schist,135455.86538756188,Polelle Group,Meekatharra Formation,,,metakomatiite,,meta-igneous ultramafic volcanic or undivided,
2457,A-POm-musr,Meekatharra Formation,Tremolite?chlorite(?talc) schist,schist,20064.795751261583,Polelle Group,Meekatharra Formation,,,ultramafic schist; volcanic or undivided,,meta-igneous ultramafic volcanic or undivided,
1095,A-POm-mwas,Meekatharra Formation,Mafic amphibolite schist,"amphibolite,mafic,schist",227125.0716842631,Polelle Group,Meekatharra Formation,,,amphibolite,,meta-igneous mafic,
802,A-POm-xmba-mgp,Meekatharra Formation,"Amphibolite, derived from basalt, with sheared metapegmatite veins; strongly transposed, foliated, lineated and folded; minor metamorphosed iron-formation","amphibolite,basalt,iron-formation,metapegmatite",177542.46969225229,Polelle Group,Meekatharra Formation,,,amphibolite derived from volcanic rock,metapegmatite,meta-igneous mafic volcanic,meta-igneous felsic intrusive
703,A-POw-cib,Wilgie Mia Formation,Banded iron-formation and ferruginous banded chert; minor jaspilite and hematite-rich rock; minor volcaniclastic sandstone; metamorphosed,"chert,iron-formation,sandstone,volcaniclastic",207813.8782502294,Polelle Group,Wilgie Mia Formation,,,iron formation,,sedimentary other chemical or biochemical,
2408,A-POw-fn,Wilgie Mia Formation,"Felsic volcanic and volcaniclastic rocks, undivided; metamorphosed; commonly deeply weathered and kaolinized","volcanic,volcaniclastic",94133.12542181362,Polelle Group,Wilgie Mia Formation,,,felsic volcanic rock; undivided,,igneous felsic volcanic,
2410,A-POw-mhs,Wilgie Mia Formation,Schistose pelite and psammite with local biotite porphyroblasts,"pelite,psammite",120105.3032823317,Polelle Group,Wilgie Mia Formation,,,psammitic and pelitic schist; interlayered,,metasedimentary siliciclastic: psammite and pelite; interlayered,
2401,A-POw-mib,Wilgie Mia Formation,"Foliated metamorphosed banded iron-formation; commonly with coarse, granular, and recrystallized magnetite crystals",iron-formation,101654.12673701515,Polelle Group,Wilgie Mia Formation,,,meta-banded iron formation,,metasedimentary other chemical: meta-iron formation,
3317,A-POw-sf,Wilgie Mia Formation,"Mudstone, siltstone, and sandstone, showing local bedding; weakly metamorphosed","mudstone,sandstone,siltstone",213031.43811010694,Polelle Group,Wilgie Mia Formation,,,siltstone + sandstone,,sedimentary siliciclastic,
2,A-SDB-gmal,Big Bell Suite,"Fine-grained leucocratic monzogranite; porphyritic to equigranular, locally schistose; also commonly as dykes in greenstones",monzogranite,87536.62911402738,,,,,monzogranite,,igneous granitic,
2809,A-SDB-gmfe,Big Bell Suite,Equigranular monzogranite to syenogranite; common magmatic foliation and schlieren layering,"monzogranite,syenogranite",14483.927849702577,,,,,monzogranite,,igneous granitic,
3556,A-SDB-gmp,Big Bell Suite,K-feldspar porphyritic monzogranite; common magmatic foliation,monzogranite,24158.320205402757,,,,,monzogranite,,igneous granitic,
2551,A-SDB-jmg-mgti,Big Bell Suite,Granitic gneiss with rafts of migmatitic tonalite,"gneiss,granitic,tonalite",23098.59315270205,,,,,metagranitic rock,metatonalite,meta-igneous felsic intrusive,meta-igneous felsic intrusive
2529,A-SDB-jmg-mwas,Big Bell Suite,"Metamonzogranite to metatonalite with locally abundant rafts of amphibolite, decametres to hectometres in length; commonly foliated","amphibolite,metamonzogranite,metatonalite",13278.768748585151,,,,,metagranitic rock,amphibolite,meta-igneous felsic intrusive,meta-igneous mafic
3280,A-SDB-mg,Big Bell Suite,Metagranite; commonly foliated; includes granodiorite to monzogranite,"metagranite,granodiorite,monzogranite",99890.3337208633,,,,,metagranitic rock,,meta-igneous felsic intrusive,
3555,A-SDB-mgg,Big Bell Suite,Metagranodiorite; locally schlieric and gneissic; locally strongly sheared,metagranodiorite,39206.42145468595,,,,,metagranodiorite,,meta-igneous felsic intrusive,
306,A-SDB-mgml,Big Bell Suite,Foliated leucocratic metamonzogranite,metamonzogranite,86157.30296878555,,,,,metamonzogranite,,meta-igneous felsic intrusive,
3258,A-SDB-mgmm,Big Bell Suite,Muscovite metamonzogranite; foliated,metamonzogranite,130620.23916572945,,,,,metamonzogranite,,meta-igneous felsic intrusive,
3495,A-SDB-mgmn,Big Bell Suite,Gneissic metamonzogranite,metamonzogranite,86281.7635884059,,,,,metamonzogranite,,meta-igneous felsic intrusive,
3496,A-SDB-mgms,Big Bell Suite,"Medium-grained metamonzogranite, locally porphyritic; schistose to gneissic",metamonzogranite,81162.16972060273,,,,,metamonzogranite,,meta-igneous felsic intrusive,
3564,A-SDB-mgmu,Big Bell Suite,K-feldspar megacrystic biotite metamonzogranite; strongly foliated,metamonzogranite,26210.12396245578,,,,,metamonzogranite,,meta-igneous felsic intrusive,
525,A-SDB-xgmp-gmal,Big Bell Suite,"K-feldspar megacrystic, flow-banded monzogranite intruded by undeformed fine-grained granite with common magmatic foliation","granite,monzogranite",122361.14892689239,,,,,monzogranite,monzogranite,igneous granitic,igneous granitic
683,A-SDY-ad,Yalgowra Suite,"Dunite, with local relict cumulate texture; serpentinized",dunite,206104.62031959774,,,,,dunite (intrusive),,igneous ultramafic intrusive,
291,A-SDY-ap,Yalgowra Suite,"Peridotite, fine to medium grained; serpentinized and locally foliated",peridotite,95538.97418761415,,,,,pyroxene peridotite,,igneous ultramafic intrusive,
3221,A-SDY-ax,Yalgowra Suite,Pyroxenite; medium to coarse grained; weakly metamorphosed,pyroxenite,122413.47181595145,,,,,pyroxenite (intrusive),,igneous ultramafic intrusive,
3226,A-SDY-masr,Yalgowra Suite,Tremolite?chlorite(?talc) schist derived from intrusive peridotite,"peridotite,schist",138015.50068757826,,,,,ultramafic schist derived from intrusive rock,,meta-igneous ultramafic intrusive,
3215,A-SDY-od,Yalgowra Suite,"Dolerite; massive, locally weakly foliated; metamorphosed",dolerite,118343.0235709758,,,,,dolerite,,igneous mafic intrusive,
288,A-SDY-og,Yalgowra Suite,"Gabbro; massive to weakly foliated; local dolerite, quartz gabbro, and gabbronorite; weakly metamorphosed","gabbro,dolerite,gabbro,gabbronorite",95576.31982441356,,,,,gabbro,,igneous mafic intrusive,
3235,A-SDY-ogl,Yalgowra Suite,"Leucogabbro, coarse grained; locally with alternating layers of melanocratic and leucocratic gabbro; massive; weakly metamorphosed","leucogabbro,gabbro",130067.56004081473,,,,,gabbro,,igneous mafic intrusive,
486,A-SDY-ogy,Yalgowra Suite,"Gabbro; fine to medium grained, with compositional layering; weakly metamorphosed",gabbro,184551.13446861794,,,,,gabbro,,igneous mafic intrusive,
3198,A-SDY-oh,Yalgowra Suite,Hornblende gabbro with 4?8 mm grain size; contains up to 30% equant hornblende oikocrysts 6?20 mm in diameter; locally grades into hornblende-bearing melagabbro; metamorphosed,gabbro,132448.89710044506,,,,,hornblende gabbro,,igneous mafic intrusive,
560,A-SDcr-mgg,Crossroads Granodiorite,Metagranodiorite to metamonzogranite; commonly foliated,"metagranodiorite,metamonzogranite",126144.21708955332,,Crossroads Granodiorite,,,metagranodiorite,,meta-igneous felsic intrusive,
3405,A-SDcr-xmgm-gmp,Crossroads Granodiorite,Pegmatite-layered metamonzogranite gneiss,"gneiss,metamonzogranite",176986.30554422233,,Crossroads Granodiorite,,,metamonzogranite,monzogranite,meta-igneous felsic intrusive,igneous granitic
503,A-SDfp-ogl,Fleece Pool Gabbro,Leucogabbro with gabbro and gabbronorite base and harrisitic the top contact; metamorphosed,"gabbro,gabbronorite,leucogabbro",191353.87789611486,,Fleece Pool Gabbro,,,gabbro,,igneous mafic intrusive,
1873,A-THdb-mggu,Dromedary Bore Granite,Granodiorite gneiss; locally biotite rich with K-feldspar augen,"gneiss,granodiorite",136954.5310511238,,Dromedary Bore Granite,,,metagranodiorite,,meta-igneous felsic intrusive,
3559,A-THgn-mgg,Gnows Nest Granodiorite,Metamorphosed granodiorite to tonalite with K-feldspar phenocrysts up to 8 mm in 4?6 mm matrix,"granodiorite,tonalite",10671.678317299364,,Gnows Nest Granodiorite,,,metagranodiorite,,meta-igneous felsic intrusive,
2165,A-THgn-mgta,Gnows Nest Granodiorite,Metamorphosed tonalite to granodiorite with hornblende and K-feldspar phenocrysts up to 8 mm in 4?6 mm matrix,"granodiorite,tonalite",44521.397264300926,,Gnows Nest Granodiorite,,,metatonalite,,meta-igneous felsic intrusive,
2426,A-THky-mgti,Kynea Migmatite,Migmatitic gneiss (tonalitic to granodioritic) with monzogranitic leucosomes,gneiss,9216.149930485057,,Kynea Migmatite,,,metatonalite,,meta-igneous felsic intrusive,
380,A-TU-gmal,Tuckanarra Suite,Fine-grained leucocratic monzogranite; massive; magmatic foliation common,monzogranite,111341.0117112314,,,,,monzogranite,,igneous granitic,
3308,A-TU-gmap,Tuckanarra Suite,"Quartz- and feldspar-phyric, fine-grained monzogranite; locally foliated",monzogranite,47793.382928780804,,,,,monzogranite,,igneous granitic,
1538,A-TU-jmggn-mba,Tuckanarra Suite,Gneissose metagranodiorite with abundant rafts of amphibolitic metabasalt; locally strongly sheared,"metabasalt,metagranodiorite",108458.2143574104,,,,,metagranodiorite,amphibolite derived from volcanic rock,meta-igneous felsic intrusive,meta-igneous mafic volcanic
1208,A-TU-mg,Tuckanarra Suite,Metamonzogranite to metagranodiorite; commonly foliated,"metagranodiorite,metamonzogranite",100107.08550459289,,,,,metagranitic rock,,meta-igneous felsic intrusive,
1882,A-TU-mgm,Tuckanarra Suite,"Metamonzogranite; medium to coarse grained, K-feldspar phyric; locally foliated to gneissic",metamonzogranite,116460.35280602235,,,,,metamonzogranite,,meta-igneous felsic intrusive,
303,A-TU-mgml,Tuckanarra Suite,"Medium-grained, leucocratic metamonzogranite; foliated",metamonzogranite,104909.85620993299,,,,,metamonzogranite,,meta-igneous felsic intrusive,
2854,A-TU-mgms,Tuckanarra Suite,Biotite metamonzogranite; strongly foliated,metamonzogranite,62638.36587210804,,,,,metamonzogranite,,meta-igneous felsic intrusive,
3361,A-TU-mgmu,Tuckanarra Suite,K-feldspar megacrystic biotite metamonzogranite; strongly foliated,metamonzogranite,49038.10848121199,,,,,metamonzogranite,,meta-igneous felsic intrusive,
3299,A-TU-mgss,Tuckanarra Suite,Strongly sheared and highly schistose metagranite,metagranite,179552.081823962,,,,,foliated metagranite,,meta-igneous felsic intrusive,
877,A-TUcu-gmal,Cundimurra Monzogranite,"Fine-grained, leucocratic monzogranite; undeformed; magmatic foliation common",monzogranite,153143.95364324807,,Cundimurra Monzogranite,,,monzogranite,,igneous granitic,
3494,A-TUcu-gmfe,Cundimurra Monzogranite,Equigranular monzogranite to syenogranite; undeformed; magmatic foliation common,"monzogranite,syenogranite",139505.90222881554,,Cundimurra Monzogranite,,,monzogranite,,igneous granitic,
1875,A-TUcu-gmfp,Cundimurra Monzogranite,K-feldspar-phyric monzogranite to syenogranite; undeformed; magmatic foliation common,"monzogranite,syenogranite",117282.85200926263,,Cundimurra Monzogranite,,,monzogranite,,igneous granitic,
1666,A-TUcu-mgms,Cundimurra Monzogranite,"Schistose, equigranular metamonzogranite; includes minor schlieric gneiss, sheared quartz veins, and sheared pegmatitic rocks","gneiss,metamonzogranite",102896.84442376845,,Cundimurra Monzogranite,,,metamonzogranite,,meta-igneous felsic intrusive,
3532,A-TUcu-mgmu,Cundimurra Monzogranite,K-feldspar megacrystic biotite metamonzogranite; strongly foliated,metamonzogranite,102460.01761310066,,Cundimurra Monzogranite,,,metamonzogranite,,meta-igneous felsic intrusive,
3491,A-TUcu-mgmy,Cundimurra Monzogranite,Biotite metamonzogranite; mylonitic; commonly with pegmatite veins and other intrusive granitic phases,"metamonzogranite,granitic,pegmatite",133085.21433458463,,Cundimurra Monzogranite,,,metamonzogranite,,meta-igneous felsic intrusive,
1101,A-TUkb-gm,Karbar Monzogranite,"Monzogranite; weak solid-state overprint, generally increasing towards pluton margins; metamorphosed",monzogranite,225942.08046257054,,Karbar Monzogranite,,,monzogranite,,igneous granitic,
1071,A-TUmu-gm,Munarra Monzogranite,"Monzogranite, with minor granodiorite, diorite, and microgranite; metamorphosed","monzogranite,granodiorite,microgranite",228992.5686406261,,Munarra Monzogranite,,,monzogranite,,igneous granitic,
1089,A-TUpr-gm,Pirgan Monzogranite,"Monzogranite; weak solid-state overprint, typically increasing towards pluton margins; metamorphosed",monzogranite,218346.4654965632,,Pirgan Monzogranite,,,monzogranite,,igneous granitic,
2917,A-_ou-bd,Mougooderra Formation,"Basaltic andesite, basalt and andesite; massive to weakly foliated; locally pillowed or vesicular; metamorphosed","andesite,andesite,basalt",23698.085114450678,,Mougooderra Formation,,,basaltic andesite,,igneous mafic volcanic,
2555,A-_ou-f,Mougooderra Formation,"Felsic volcanic, volcaniclastic, and sedimentary rocks, undivided; locally schistose; metamorphosed; commonly deeply weathered","volcanic,volcaniclastic",9709.76485210769,,Mougooderra Formation,,,,,igneous felsic volcanic,
3278,A-_ou-mhs,Mougooderra Formation,"Thinly to thickly interbedded metaconglomerate, metasandstone and metasiltstone; locally with andalusite porphyroblasts; commonly schistose","metaconglomerate,metasandstone,metasiltstone",383.50489063066016,,Mougooderra Formation,,,psammitic and pelitic schist; interlayered,,metasedimentary siliciclastic: psammite and pelite; interlayered,
1945,A-_ou-mib,Mougooderra Formation,"Metamorphosed banded iron-formation, banded chert and ferruginous siltstone; locally hematite rich; common tight to isoclinal folds","iron-formation,chert,siltstone",57120.30730714366,,Mougooderra Formation,,,meta-banded iron formation,,metasedimentary other chemical: meta-iron formation,
1884,A-_ou-ml,Mougooderra Formation,"Very thin-bedded metasiltstone with lesser metasandstone; andalusite, garnet, cordierite, and orthoamphibole in contact aureoles adjacent to granitic intrusions","metasandstone,metasiltstone,granitic",3067.6194916125078,,Mougooderra Formation,,,metasiltstone/metamudstone/metashale,,metasedimentary siliciclastic: pelite,
1941,A-_ou-mxs,Mougooderra Formation,"Polymictic metaconglomerate in lenses interbedded with metasandstone; clasts of banded chert dominant; local fuchsitic, granitic, andesitic, and vein quartz clasts, and boulder breccias; commonly schistose","metaconglomerate,metasandstone,chert,granitic",748.7890081508939,,Mougooderra Formation,,,psephitic schist,,metasedimentary siliciclastic: psephite,
2043,A-_ou-smb,Mougooderra Formation,"Conglomerate, metamorphosed and strongly foliated; locally contains mafic and granitic clasts","conglomerate,granitic,mafic",56414.2740889176,,Mougooderra Formation,,,conglomerate + other siliciclastic rock,,sedimentary siliciclastic,
1885,A-_ou-xmd-mx,Mougooderra Formation,"Interbedded metasandstone, quartzite, polymictic metaconglomerate and minor metasiltstone; heavy mineral laminae; common andalusite and contact metamorphic aureoles; locally strongly sheared, schistose","metasandstone,metaconglomerate,metasiltstone,quartzite",1256.0753109293883,,Mougooderra Formation,,,metasiliciclastic rock,metaconglomerate,metasedimentary siliciclastic,metasedimentary siliciclastic: psephite
3028,A-_ou-xmhs-mib,Mougooderra Formation,"Metasandstone interbedded with polymictic metaconglomerate, metasiltstone and metamorphosed banded iron-formation; minor volcanic units; locally strongly deformed; common andalusite","metaconglomerate,metasandstone,iron-formation,metasiltstone,volcanic",23716.54110602668,,Mougooderra Formation,,,psammitic and pelitic schist; interlayered,meta-banded iron formation,metasedimentary siliciclastic: psammite and pelite; interlayered,metasedimentary other chemical: meta-iron formation
527,A-apu-YYO,Youanmi Terrane greenstones,"Peridotite, coarse grained; massive, locally weakly deformed; metamorphosed",peridotite,134436.00244703164,,,,,pyroxene peridotite,,igneous ultramafic intrusive,
2495,A-ax-YYO,Youanmi Terrane greenstones,Pyroxenite; medium to coarse grained; massive to weakly foliated; metamorphosed,pyroxenite,8428.877803732616,,,,,pyroxenite (intrusive),,igneous ultramafic intrusive,
3533,A-bb-YYO,Youanmi Terrane greenstones,"Basalt, metamorphosed; includes some amphibolite and amphibolitic schist derived from tholeiitic basalt; may contain  some metamorphosed high-Mg basalt, and minor mafic intrusive and volcaniclastic sedimentary rocks","basalt,amphibolite,basalt,basalt,mafic,schist,volcaniclastic",41012.894804096126,,,,,basalt,,igneous mafic volcanic,
2057,A-bbd-YYO,Youanmi Terrane greenstones,Pillowed and spherulitic basalt; metamorphosed,basalt,56409.807889204465,,,,,basalt,,igneous mafic volcanic,
2022,A-bbw-YYO,Youanmi Terrane greenstones,Variolitic basalt; locally basalt and/or pyroxene spinifex-textured basalt; metamorphosed,"basalt,basalt,basalt",42998.04977645414,,,,,basalt,,igneous mafic volcanic,
2494,A-bs-YYO,Youanmi Terrane greenstones,"Komatiitic basalt, commonly with pseudomorphed pyroxene-spinifex texture; metamorphosed and locally schistose; includes weakly metamorphosed tholeiitic basalt and minor mafic and ultramafic intrusive rocks","basalt,basalt,mafic,ultramafic",4300.388262433105,,,,,pyroxene spinifex-textured basalt,,igneous mafic volcanic,
2034,A-cib-YYO,Youanmi Terrane greenstones,Banded iron-formation and ferruginous banded chert; minor jaspilite; metamorphosed,"chert,iron-formation",50444.043554320364,,,,,iron formation,,sedimentary other chemical or biochemical,
1055,A-gmap-Y,Yilgarn Craton granites,"Fine-grained porphyritic monzogranite, as dykes; weakly metamorphosed; locally foliated",monzogranite,198627.51342034186,,,,,monzogranite,,igneous granitic,
1826,A-gn-Y,Yilgarn Craton granites,"Granitic rock, undivided; metamorphosed; includes deeply weathered rock",granitic,135598.33925978394,,,,,granitic rock; undivided,,igneous granitic,
3171,A-gnap-Y,Yilgarn Craton granites,Porphyritic microgranite; metamorphosed; locally schistose; includes deeply weathered rock,microgranite,120988.95821643645,,,,,granitic rock; undivided,,igneous granitic,
2187,A-gvlq-Y,Yilgarn Craton granites,Quartz?plagioclase granophyre; locally strongly foliated; commonly as dykes in greenstones,granophyre,124884.99609257618,,,,,granophyre,,igneous granitic,
1804,A-jmgm-mog-Y,Yilgarn Craton granites,Metamonzogranite with muscovite-rich patches; contains abundant decimetre-sized rafts of amphibolitic metagabbro; locally highly schistose,"metamonzogranite,metagabbro",148662.53884515585,,,,,metamonzogranite,metagabbro,meta-igneous felsic intrusive,meta-igneous mafic intrusive
3026,A-ma-YYO,Youanmi Terrane greenstones,Meta-ultramafic intrusive rock; locally abundant serpentinite,"ultramafic,serpentinite",35784.30131724307,,,,,meta-ultramafic intrusive rock,,meta-igneous ultramafic intrusive,
1943,A-maps-YYO,Youanmi Terrane greenstones,Chlorite?tremolite(?talc) schist derived from peridotite,"peridotite,schist",18.342690913358684,,,,,metaperidotite derived from intrusive rock,,meta-igneous ultramafic intrusive,
2046,A-mba-YYO,Youanmi Terrane greenstones,Amphibolite derived from mafic volcanic rocks; fine to medium grained; typically foliated,"amphibolite,mafic,volcanic",51012.00926038147,,,,,amphibolite derived from volcanic rock,,meta-igneous mafic volcanic,
2936,A-mbb-YYO,Youanmi Terrane greenstones,"Metabasalt, locally amygdaloidal; massive to foliated; includes minor metadolerite and subordinate metamorphosed pyroxene spinifex-textured basalt","metabasalt,basalt,metadolerite",60635.625676676034,,,,,metabasalt,,meta-igneous mafic volcanic,
822,A-mbbs-YYO,Youanmi Terrane greenstones,Fine-grained schist derived from basalt; includes amphibole?chlorite assemblages; local metagabbro and ultramafic schist,"basalt,schist,metagabbro,schist,ultramafic",195735.16934634253,,,,,metabasalt,,meta-igneous mafic volcanic,
452,A-mbm-YYO,Youanmi Terrane greenstones,"Metamorphosed komatiitic basalt, common acicular texture; includes minor metabasalt and tremolite?chlorite(?talc) schist","basalt,metabasalt,schist",276633.36859982176,,,,,metakomatiitic basalt,,meta-igneous mafic volcanic,
2435,A-mbs-YYO,Youanmi Terrane greenstones,Mafic schist derived from fine-grained mafic rocks,"mafic,mafic,schist",206.15138481497357,,,,,mafic schist derived from volcanic rock,,meta-igneous mafic volcanic,
3392,A-mfas-YYO,Youanmi Terrane greenstones,"Meta-andesite; massive to fragmental, locally porphyritic; commonly strongly deformed",andesite,177328.3428529868,,,,,meta-andesite,,meta-igneous felsic volcanic,
323,A-mfs-YYO,Youanmi Terrane greenstones,Quartzofeldspathic foliated metamorphic rock derived from felsic volcanic or volcaniclastic protolith; typically deeply weathered,"volcanic,volcaniclastic",125036.25812134301,,,,,felsic schist derived from volcanic rock,,meta-igneous felsic volcanic,
2967,A-mgms-Y,Yilgarn Craton granites,"Foliated biotite metamonzogranite; minor metagranodiorite, metasyenogranite, and metapegmatite; fine to coarse grained; locally gneissic","metamonzogranite,metagranodiorite,metapegmatite,metasyenogranite",60541.411756260764,,,,,metamonzogranite,,meta-igneous felsic intrusive,
3450,A-mgpm-Y,Yilgarn Craton granites,Muscovite-bearing pegmatitic metagranite; locally strongly sheared with a well developed muscovite fabric,metagranite,164394.19231025365,,,,,metapegmatite,,meta-igneous felsic intrusive,
3544,A-mhs-YYO,Youanmi Terrane greenstones,Interlayered psammite and pelite; schistose,"pelite,psammite",0.0,,,,,psammitic and pelitic schist; interlayered,,metasedimentary siliciclastic: psammite and pelite; interlayered,
455,A-mi-YYO,Youanmi Terrane greenstones,Metamorphosed iron-formation; massive to weakly layered; fine to medium grained; locally magnetic; minor metamorphosed banded iron-formation and banded chert; local jaspilite,"iron-formation,chert,iron-formation",277555.15417454834,,,,,meta-iron formation,,metasedimentary other chemical: meta-iron formation,
1919,A-mib-YYO,Youanmi Terrane greenstones,Metamorphosed banded iron-formation and minor banded chert,"chert,iron-formation",9761.573074578677,,,,,meta-banded iron formation,,metasedimentary other chemical: meta-iron formation,
2065,A-mls-YYO,Youanmi Terrane greenstones,Pelite; dominantly metashale and metasiltstone; local andalusite and/or cordierite porphyroblasts,"pelite,metashale,metasiltstone",57720.66475580215,,,,,pelitic schist,,metasedimentary siliciclastic: pelite,
3194,A-moa-YYO,Youanmi Terrane greenstones,"Amphibolite; medium to coarse grained, derived from dolerite and gabbro","amphibolite,dolerite,gabbro",138214.3931583054,,,,,amphibolite derived from intrusive rock,,meta-igneous mafic intrusive,
2178,A-mods-YYO,Youanmi Terrane greenstones,Metadolerite; schistose; locally amphibolitic,metadolerite,220.54031935423887,,,,,metadolerite,,meta-igneous mafic intrusive,
3272,A-mog-YYO,Youanmi Terrane greenstones,Metagabbro; typically chlorite- and/or amphibole-rich with local preservation of relict igneous texture; includes minor metapyroxenite and metabasalt; locally strongly sheared,"metagabbro,metabasalt,metapyroxenite",75432.4257565391,,,,,metagabbro,,meta-igneous mafic intrusive,
2237,A-mogs-YYO,Youanmi Terrane greenstones,Strongly foliated metagabbro,metagabbro,8675.62726268069,,,,,metagabbro,,meta-igneous mafic intrusive,
396,A-msqm-YYO,Youanmi Terrane greenstones,"Strongly foliated quartz?mica schist, commonly as discontinuous septa within granites",schist,191603.0118476789,,,,,quartz-mica schist,,metamorphic protolith unknown: schist,
458,A-muk-YYO,Youanmi Terrane greenstones,"Metakomatiite, with relict olivine spinifex texture",metakomatiite,276971.61245401186,,,,,metakomatiite,,meta-igneous ultramafic volcanic or undivided,
2915,A-mus-YYO,Youanmi Terrane greenstones,"Ultramafic schist; includes talc?tremolite?chlorite schist, and minor serpentinite and mafic schist","schist,ultramafic,mafic,schist,schist,serpentinite",53447.13919231671,,,,,ultramafic schist; volcanic or undivided,,meta-igneous ultramafic volcanic or undivided,
1895,A-musr-YYO,Youanmi Terrane greenstones,"Tremolite?chlorite(?talc) schist; includes minor metamorphosed komatiitic basalt, metapyroxenite, and cumulate-textured zones","schist,basalt,metapyroxenite",62400.02583416155,,,,,ultramafic schist; volcanic or undivided,,meta-igneous ultramafic volcanic or undivided,
3023,A-mwa-YYO,Youanmi Terrane greenstones,Amphibolite derived from mafic volcanic and intrusive rocks; locally schistose; may include metamorphosed banded iron-formation,"amphibolite,mafic,volcanic,iron-formation",33891.30865949404,,,,,amphibolite,,meta-igneous mafic,
2288,A-mwas-YYO,Youanmi Terrane greenstones,Strongly foliated amphibolite and amphibolite schist; fine to medium grained; commonly lineated,"amphibolite,amphibolite,schist",2524.1494795066724,,,,,amphibolite,,meta-igneous mafic,
336,A-od-YYO,Youanmi Terrane greenstones,Dolerite; minor basalt or gabbro; metamorphosed,"dolerite,basalt,gabbro",126404.26588078019,,,,,dolerite,,igneous mafic intrusive,
2115,A-og-YYO,Youanmi Terrane greenstones,Gabbro; minor pyroxenite or quartz gabbro; metamorphosed,"gabbro,gabbro,pyroxenite",86190.43934435913,,,,,gabbro,,igneous mafic intrusive,
941,A-ogd-YYO,Youanmi Terrane greenstones,"Pegmatoidal gabbro; coarse grained, massive; commonly strongly deformed; locally contains dolerite and quartz gabbro; metamorphosed","gabbro,dolerite,gabbro",145215.45581389242,,,,,gabbro,,igneous mafic intrusive,
3273,A-oml-YYO,Youanmi Terrane greenstones,"Leucogabbronorite grading into gabbronorite, anorthosite, and leuconorite; locally showing very coarse-grained ophitic texture; metamorphosed","gabbronorite,leucogabbronorite,anorthosite,leuconorite",86979.76897004651,,,,,gabbronorite,,igneous mafic intrusive,
2167,A-up-YYO,Youanmi Terrane greenstones,"Peridotite, metamorphosed; commonly serpentinized",peridotite,40994.368955746446,,,,,peridotite,,igneous ultramafic volcanic,
2168,A-xfa-bb-YYO,Youanmi Terrane greenstones,"Andesite, basaltic andesite, and basalt; massive to weakly deformed; metamorphosed","andesite,andesite,basalt",46868.14496349463,,,,,andesite,basalt,igneous felsic volcanic,igneous mafic volcanic
3502,A-xmbm-musr-YYO,Youanmi Terrane greenstones,Metamorphosed komatiitic basalt and tremolite?chlorite(?talc) schist; includes minor metakomatiite and metabasalt,"basalt,schist,metabasalt,metakomatiite",124787.97616691458,,,,,metakomatiitic basalt,ultramafic schist; volcanic or undivided,meta-igneous mafic volcanic,meta-igneous ultramafic volcanic or undivided
1163,A-xmbs-g-YYO,Youanmi Terrane greenstones,Foliated metamorphosed mafic rock and local amphibolite interleaved with minor massive to weakly foliated granitic rock,"amphibolite,granitic,mafic",197684.28139828742,,,,,mafic schist derived from volcanic rock,,meta-igneous mafic volcanic,igneous granitic
2169,A-xmus-mg-YYO,Youanmi Terrane greenstones,Ultramafic schist interleaved with metagranite,"metagranite,schist,ultramafic",73326.56223498726,,,,,ultramafic schist; volcanic or undivided,metagranitic rock,meta-igneous ultramafic volcanic or undivided,meta-igneous felsic intrusive
1093,A-xmusr-mba-YYO,Youanmi Terrane greenstones,Tremolite?chlorite(?talc) schist and fine-grained amphibolite,"amphibolite,schist",197234.8155937677,,,,,ultramafic schist; volcanic or undivided,amphibolite derived from volcanic rock,meta-igneous ultramafic volcanic or undivided,meta-igneous mafic volcanic
2502,A-xod-og-YYO,Youanmi Terrane greenstones,Massive dolerite interleaved with minor gabbro; metamorphosed,"dolerite,gabbro",2025.3962998887757,,,,,dolerite,gabbro,igneous mafic intrusive,igneous mafic intrusive
3536,A-xs-bb-YYO,Youanmi Terrane greenstones,"Sedimentary and basaltic rocks, with minor chert and banded iron-formation; metamorphosed; commonly deeply weathered","chert,iron-formation",45183.870524695056,,,,,,basalt,sedimentary siliciclastic,igneous mafic volcanic
2170,A-xs-f-YYO,Youanmi Terrane greenstones,"Sedimentary rock and felsic rock, with minor chert; commonly deeply weathered","sedimentary-rock,chert",50057.903935655304,,,,,,,sedimentary siliciclastic,igneous felsic volcanic
3191,P_-WK-gi,Warakurna Supersuite,Diorite to minor syenogranite in dykes and sills,syenogranite,128116.44044760523,,,,,diorite,,igneous granitic,
483,P_-_bl-gv,Barlangi Granophyre,"Fine- to medium-grained, pink granophyric monzogranite; undeformed; local xenoliths of partly melted coarse-grained granite","granite,monzogranite",264723.25106434803,,Barlangi Granophyre,,,granophyre,,igneous granitic,
