,CODE,UNITNAME,DESCRIPTN,lithos,distance,GROUP_,FORMATION,MEMBER,BED,LITHNAME1,LITHNAME2,ROCKTYPE1,ROCKTYPE2
1652,A-AN-ax,Annean Supersuite,"Pyroxenite, medium to coarse grained; amphibole pseudomorphs after pyroxene are locally abundant; metamorphosed",pyroxenite,194715.78204152975,,,,,pyroxenite (intrusive),,igneous ultramafic intrusive,
2327,A-AN-jmod-mib,Annean Supersuite,Metadolerite typically with large (up to 100 m) inclusions of metamorphosed banded iron-formation; locally strongly sheared and recrystallized,"iron-formation,metadolerite",177851.057698152,,,,,metadolerite,meta-banded iron formation,meta-igneous mafic intrusive,metasedimentary other chemical: meta-iron formation
1482,A-AN-mas,Annean Supersuite,Ultramafic schist and serpentinite derived from intrusive rocks; typically interlayered with mafic schist; locally strongly sheared,"schist,serpentinite,ultramafic,mafic,schist",194666.32300045798,,,,,ultramafic schist derived from intrusive rock,,meta-igneous ultramafic intrusive,
1656,A-AN-mat,Annean Supersuite,Serpentinite with local relict olivine cumulate texture; locally with talc?tremolite?chlorite schist dominant; typically sheared,"serpentinite,schist",191865.39816984505,,,,,serpentinite derived from intrusive rock,,meta-igneous ultramafic intrusive,
339,A-AN-mgtn,Annean Supersuite,Fine-grained biotite tonalite gneiss; includes crosscutting younger phases and pegmatites,"gneiss,tonalite",153980.99202493334,,,,,metatonalite,,meta-igneous felsic intrusive,
1752,A-AN-mog,Annean Supersuite,"Metagabbro, locally with amphibole porphyroblasts; includes deeply weathered rock",metagabbro,186905.11908153113,,,,,metagabbro,,meta-igneous mafic intrusive,
1608,A-AN-od,Annean Supersuite,"Dolerite grading into metadolerite, locally schistose; metamorphosed","dolerite,metadolerite",102679.53028575052,,,,,dolerite,,igneous mafic intrusive,
1746,A-AN-og,Annean Supersuite,"Gabbro locally grading into leucogabbro, gabbronorite, and pegmatitic gabbro; locally with modal layering of pyroxene and plagioclase; minor intercumulus magnetite; metamorphosed","gabbro,leucogabbro,gabbro,gabbronorite",194772.16469254598,,,,,gabbro,,igneous mafic intrusive,
1654,A-AN-ogy,Annean Supersuite,Layered gabbro to leucogabbro; modal layering of plagioclase and pyroxene on a decimetre scale; locally abundant clinopyroxene oikocrysts up to 30 mm; metamorphosed,"gabbro,leucogabbro",193234.30785526533,,,,,gabbro,,igneous mafic intrusive,
1623,A-AN-xog-od,Annean Supersuite,Interlayered gabbro and dolerite; locally interlayered greenschist to amphibolite facies metagabbro and metadolerite; metamorphosed,"dolerite,gabbro,amphibolite,metadolerite,metagabbro",189441.20957552985,,,,,gabbro,dolerite,igneous mafic intrusive,igneous mafic intrusive
3609,A-ANC-mgga,Cullculli Suite,Hornblende-bearing metagranodiorite with minor metatonalite; contains scattered small mafic xenoliths,"metagranodiorite,metatonalite,mafic",179166.88380665673,,,,,metagranodiorite,,meta-igneous felsic intrusive,
1787,A-ANK-gg,Mount Kenneth Suite,"Granodiorite, typically with sparsely distributed biotite schlieren; locally with rafts of amphibolite; metamorphosed","granodiorite,amphibolite",195332.64495720237,,,,,granodiorite,,igneous granitic,
1017,A-ANK-gt,Mount Kenneth Suite,"Tonalite, typically with plagioclase and hornblende phenocrysts; locally sheared; includes rafts of amphibolite; metamorphosed","tonalite,amphibolite",207869.4294065095,,,,,tonalite,,igneous granitic,
1655,A-ANK-gth,Mount Kenneth Suite,Hornblende tonalite; locally weakly deformed; metamorphosed,tonalite,192158.03159412672,,,,,tonalite,,igneous granitic,
3435,A-ANK-jmg-md,Mount Kenneth Suite,"Metagranitic rock, locally sheared with abundant rafts and lenses of sheared quartzite, psammite, and pelite","metagranitic,pelite,psammite,quartzite",128548.67081604798,,,,,metagranitic rock,metasiliciclastic rock,meta-igneous felsic intrusive,metasedimentary siliciclastic
1540,A-ANK-jmgg-mog,Mount Kenneth Suite,Metagranodiorite to metamonzogranite with muscovite-rich patches; abundant decimetre-sized rafts of metagabbro; locally strongly schistose,"metagranodiorite,metamonzogranite,metagabbro",102924.41726967148,,,,,metagranodiorite,metagabbro,meta-igneous felsic intrusive,meta-igneous mafic intrusive
1511,A-ANK-jmggn-mus,Mount Kenneth Suite,Gneissose metagranodiorite with abundant rafts of ultramafic schist; locally strongly sheared,"metagranodiorite,schist,ultramafic",101745.78434081058,,,,,metagranodiorite,ultramafic schist; volcanic or undivided,meta-igneous felsic intrusive,meta-igneous ultramafic volcanic or undivided
3463,A-ANK-mg,Mount Kenneth Suite,"Metagranitic rock, locally sheared; includes deeply weathered rocks",metagranitic,101630.20425552399,,,,,metagranitic rock,,meta-igneous felsic intrusive,
1374,A-ANK-mgg,Mount Kenneth Suite,"Metagranodiorite, typically with sparse biotite schlieren; locally with rafts of amphibolite derived from intrusive rocks","metagranodiorite,amphibolite",163832.18111970954,,,,,metagranodiorite,,meta-igneous felsic intrusive,
1415,A-ANK-mgs,Mount Kenneth Suite,"Schistose metagranitic rock, locally strongly sheared; includes deeply weathered rocks",metagranitic,123750.70805146405,,,,,granitic schist,,meta-igneous felsic intrusive,
1525,A-ANK-mgta,Mount Kenneth Suite,Amphibole-rich metatonalite; locally sheared,metatonalite,105242.1529696475,,,,,metatonalite,,meta-igneous felsic intrusive,
1758,A-ANK-xmgt-mg,Mount Kenneth Suite,Metatonalitic rock with subordinate metagranodiorite and metamonzogranite; locally strongly deformed; typically weakly schistose,"metagranodiorite,metamonzogranite",198207.11409819237,,,,,metatonalite,metagranitic rock,meta-igneous felsic intrusive,meta-igneous felsic intrusive
3523,A-ANR-jmg-mwa,Rothsay Suite,Heterogeneous metagranite with abundant rafts of amphibolite; commonly with abundant pegmatite,"amphibolite,metagranite,pegmatite",121115.41770121684,,,,,metagranitic rock,amphibolite,meta-igneous felsic intrusive,meta-igneous mafic
1984,A-ANR-mgg,Rothsay Suite,"Porphyritic to equigranular, medium- to coarse-grained metagranodiorite; magmatic foliation, in places with moderate solid-state overprint",metagranodiorite,126833.94785125875,,,,,metagranodiorite,,meta-igneous felsic intrusive,
3349,A-ANR-mgms,Rothsay Suite,"Foliated biotite metamonzogranite, with local K-feldspar phenocrysts; common pegmatite veins","metamonzogranite,pegmatite",119388.5183774942,,,,,metamonzogranite,,meta-igneous felsic intrusive,
1927,A-ANW-ap,Warriedar Suite,Peridotite; relict cumulate textures preserved locally; minor pyroxenite; metamorphosed; typically serpentinized,"peridotite,pyroxenite",30731.930920198163,,,,,pyroxene peridotite,,igneous ultramafic intrusive,
2933,A-ANW-ax,Warriedar Suite,Pyroxenite; relict cumulate textures preserved locally; minor peridotite; metamorphosed; typically serpentinized,"pyroxenite,peridotite",5515.81949940742,,,,,pyroxenite (intrusive),,igneous ultramafic intrusive,
2997,A-ANW-masr,Warriedar Suite,Ultramafic talc?tremolite?serpentine?magnetite schist; locally strongly sheared,"schist,ultramafic",6450.522454195505,,,,,ultramafic schist derived from intrusive rock,,meta-igneous ultramafic intrusive,
3276,A-ANW-mat,Warriedar Suite,Serpentinite derived from intrusive rocks; locally strongly sheared and talc rich,serpentinite,27184.51716844869,,,,,serpentinite derived from intrusive rock,,meta-igneous ultramafic intrusive,
3007,A-ANW-mog,Warriedar Suite,"Metagabbro; locally with layers of metaleucogabbro, metagabbronorite, metadolerite and minor metapyroxenite; includes amphibole-porphyroblastic metagabbro and metadolerite; typically weakly schistose","metagabbro,metadolerite,metadolerite,metagabbro,metagabbronorite,metaleucogabbro,metapyroxenite",2655.650159010279,,,,,metagabbro,,meta-igneous mafic intrusive,
2968,A-ANW-mogs,Warriedar Suite,Gabbroic schist; plagioclase?epidote?actinolite?chlorite±hornblende assemblage,schist,8687.232616561765,,,,,metagabbro,,meta-igneous mafic intrusive,
2985,A-ANW-od,Warriedar Suite,Dolerite; metamorphosed,dolerite,5272.022876949007,,,,,dolerite,,igneous mafic intrusive,
3362,A-ANW-og,Warriedar Suite,"Gabbro; locally includes layers of leucogabbro, gabbronorite, dolerite, minor pyroxenite and pegmatitic gabbro; metamorphosed","gabbro,dolerite,gabbro,gabbronorite,leucogabbro,pyroxenite",2432.7649250155123,,,,,gabbro,,igneous mafic intrusive,
2881,A-ANW-xax-og,Warriedar Suite,"Basal pyroxenite to pyroxene peridotite, typically showing cumulate textures; gabbro?leucogabbro in central to upper parts, locally layered and with doleritic or granophyric top contacts; metamorphosed","peridotite,pyroxenite,gabbro?leucogabbro",33985.930689442175,,,,,pyroxenite (intrusive),gabbro,igneous ultramafic intrusive,igneous mafic intrusive
1901,A-ANW-xog-od,Warriedar Suite,Interlayered gabbro and dolerite; metamorphosed,"dolerite,gabbro",25641.17363851774,,,,,gabbro,dolerite,igneous mafic intrusive,igneous mafic intrusive
1433,A-ANab-od,"Atley Igneous Complex, border zone",Dolerite grading into gabbro; locally as large xenoliths within gabbro and gabbronorite; metamorphosed,"dolerite,gabbro,gabbro,gabbronorite",210234.08432536287,,Atley Igneous Complex,"Atley Igneous Complex, border zone",,dolerite,,igneous mafic intrusive,
1791,A-ANam-mat,"Atley Igneous Complex, middle zone",Serpentinite derived from peridotitic igneous layers; locally grades into metapyroxenite,"serpentinite,metapyroxenite",201100.6517415458,,Atley Igneous Complex,"Atley Igneous Complex, middle zone",,serpentinite derived from intrusive rock,,meta-igneous ultramafic intrusive,
1332,A-ANam-od,"Atley Igneous Complex, middle zone",Dolerite grading into gabbro; metamorphosed,"dolerite,gabbro",211407.45333606916,,Atley Igneous Complex,"Atley Igneous Complex, middle zone",,dolerite,,igneous mafic intrusive,
3355,A-ANam-ogy,"Atley Igneous Complex, middle zone",Gabbro with well-developed modal layering of pyroxene and plagioclase; locally grading into leucogabbro and magnetite-bearing gabbro; metamorphosed,"gabbro,gabbro,leucogabbro",198556.21010835347,,Atley Igneous Complex,"Atley Igneous Complex, middle zone",,gabbro,,igneous mafic intrusive,
1387,A-ANat-mog,Atley Igneous Complex,Metagabbro with amphibole pseudomorphs after pyroxene,metagabbro,211533.5978824365,,Atley Igneous Complex,,,metagabbro,,meta-igneous mafic intrusive,
1305,A-ANaz-og,"Atley Igneous Complex, upper zone","Gabbro grading into magnetite- and ilmenite-bearing olivine gabbro, leucogabbro and gabbronorite; metamorphosed","gabbro,gabbro,gabbronorite,leucogabbro",211399.35795862385,,Atley Igneous Complex,"Atley Igneous Complex, upper zone",,gabbro,,igneous mafic intrusive,
3622,A-ANaz-ogyj,"Atley Igneous Complex, upper zone",Layered gabbro; typically magnetite- and ilmenite-bearing; minor anorthosite and leucogabbronorite; metamorphosed,"gabbro,anorthosite,leucogabbronorite",211392.3700802624,,Atley Igneous Complex,"Atley Igneous Complex, upper zone",,gabbro,,igneous mafic intrusive,
3621,A-ANaz-xam-ogl,"Atley Igneous Complex, upper zone",Magnetitite units interlayered with magnetite- and ilmenite-bearing leucogabbro; modally layered on a metre scale; metamorphosed,"leucogabbro,magnetitite",213541.03755983678,,Atley Igneous Complex,"Atley Igneous Complex, upper zone",,magnetitite,gabbro,igneous ultramafic intrusive,igneous mafic intrusive
1673,A-ANcb-gth,Courlbarloo Tonalite,Hornblende tonalite with 3?8 mm hornblende phenocrysts; locally weakly deformed; metamorphosed,tonalite,191515.70067680773,,Courlbarloo Tonalite,,,tonalite,,igneous granitic,
3474,A-ANco-mgti,Courin Granodiorite,Migmatitic metatonalite with stromatic mesosomes of metatonalite and leucosomes of metamonzogranite; rare melanosomes of biotite metadiorite,"metamonzogranite,metatonalite,metatonalite,metadiorite",158338.68017843048,,Courin Granodiorite,,,metatonalite,,meta-igneous felsic intrusive,
3485,A-ANco-xmgmn-mggs,Courin Granodiorite,Interlayered monzogranitic augen gneiss and granodiorite schist on a metre-scale; locally lineated,"gneiss,granodiorite,schist",152237.01890319755,,Courin Granodiorite,,,metamonzogranite,metagranodiorite,meta-igneous felsic intrusive,meta-igneous felsic intrusive
2174,A-ANed-mog,Edamurta Gabbro,"Metagabbro, typically deformed with greenschist to amphibolite facies assemblages; locally with relict igneous texture; locally garnet-bearing","metagabbro,amphibolite",112992.07985781472,,Edamurta Gabbro,,,metagabbro,,meta-igneous mafic intrusive,
2106,A-ANed-oad,Edamurta Gabbro,Anorthosite to leucogabbro with distinctive euhedral plagioclase megacrysts up to 20 mm long; metamorphosed,"anorthosite,leucogabbro",113029.11497389938,,Edamurta Gabbro,,,anorthosite,,igneous mafic intrusive,
2460,A-ANff-aph,Fields Find Igneous Complex,Hornblende-bearing pyroxene peridotite; relict olivine cumulate texture (~3 mm grain size) with interstitial pyroxene and oikocrystic hornblende up to 20 mm; typically moderately serpentinized; metamorphosed,peridotite,42886.21578465659,,Fields Find Igneous Complex,,,harzburgite,,igneous ultramafic intrusive,
3589,A-ANff-ax,Fields Find Igneous Complex,Pyroxenite with mesocumulate to adcumulate texture (4?8 mm grain size); locally with minor peridotite and gabbro; locally hornblende bearing; metamorphosed,"pyroxenite,gabbro,peridotite",40428.947025567206,,Fields Find Igneous Complex,,,pyroxenite (intrusive),,igneous ultramafic intrusive,
2455,A-ANff-od,Fields Find Igneous Complex,Dolerite with subophitic texture; local gabbro; metamorphosed,"dolerite,gabbro",40192.232891444655,,Fields Find Igneous Complex,,,dolerite,,igneous mafic intrusive,
2886,A-ANff-og,Fields Find Igneous Complex,"Gabbro with ophitic texture and 5?12 mm grain size, typically with decametre-scale igneous layering; local gabbronorite with cumulate orthopyroxene crystals; local hornblende gabbro","gabbro,gabbro,gabbronorite",36831.173366076975,,Fields Find Igneous Complex,,,gabbro,,igneous mafic intrusive,
2994,A-ANff-xaxh-apx,Fields Find Igneous Complex,"Interlayered pyroxenite and peridotite, locally with hornblende or pyroxene oikocrysts; commonly serpentinized or tremolite rich; metamorphosed","peridotite,pyroxenite",39223.67876781525,,Fields Find Igneous Complex,,,pyroxenite (intrusive),pyroxene peridotite,igneous ultramafic intrusive,igneous ultramafic intrusive
3545,A-ANgo-gme,Goonetarra Granodiorite,"Equigranular monzogranite to syenogranite; undeformed, locally with magmatic foliation","monzogranite,syenogranite",63840.7110113628,,Goonetarra Granodiorite,,,monzogranite,,igneous granitic,
3534,A-ANgo-gmp,Goonetarra Granodiorite,K-feldspar-porphyritic to megacrystic monzogranite;  common magmatic foliation,monzogranite,56034.28235942635,,Goonetarra Granodiorite,,,monzogranite,,igneous granitic,
3535,A-ANgo-jgmfe-mgtn,Goonetarra Granodiorite,Equigranular monzogranite to syenogranite; common magmatic foliation; commonly contains rafts of migmatitic tonalite,"monzogranite,syenogranite,tonalite",83509.52260308426,,Goonetarra Granodiorite,,,monzogranite,metatonalite,igneous granitic,meta-igneous felsic intrusive
3484,A-ANgo-jmgmu-mgtn,Goonetarra Granodiorite,K-feldspar megacrystic biotite metamonzogranite with layered tonalite gneiss xenoliths,"gneiss,metamonzogranite,tonalite",116664.13885273124,,Goonetarra Granodiorite,,,metamonzogranite,metatonalite,meta-igneous felsic intrusive,meta-igneous felsic intrusive
2289,A-ANgo-mgms,Goonetarra Granodiorite,"Foliated biotite metamonzogranite, with local K-feldspar phenocrysts",metamonzogranite,65981.44948830713,,Goonetarra Granodiorite,,,metamonzogranite,,meta-igneous felsic intrusive,
2436,A-ANgo-mgmu,Goonetarra Granodiorite,K-feldspar megacrystic biotite metamonzogranite; commonly strongly foliated,metamonzogranite,52664.56707598973,,Goonetarra Granodiorite,,,metamonzogranite,,meta-igneous felsic intrusive,
2255,A-ANgo-mgtn,Goonetarra Granodiorite,Layered biotite tonalite gneiss; includes crosscutting younger phases and pegmatites,"gneiss,tonalite",87635.2428283037,,Goonetarra Granodiorite,,,metatonalite,,meta-igneous felsic intrusive,
2920,A-ANmu-mgtb,Mulgine Granite,Metatonalite with ubiquitous biotite; typically foliated and lineated,metatonalite,27362.8084615501,,Mulgine Granite,,,metatonalite,,meta-igneous felsic intrusive,
3439,A-ANna-jmog-md,Narndee Igneous Complex,"Metagabbro with relict hornblende oikocrysts; abundant rafts of recrystallized psammite, pelite and quartzite; locally strongly sheared at lithological contacts","metagabbro,pelite,psammite,quartzite",111785.96390665638,,Narndee Igneous Complex,,,metagabbro,metasiliciclastic rock,meta-igneous mafic intrusive,metasedimentary siliciclastic
1516,A-ANna-mat,Narndee Igneous Complex,"Serpentinite, fine grained; strongly sheared; rare igneous textures preserved",serpentinite,108203.04710678592,,Narndee Igneous Complex,,,serpentinite derived from intrusive rock,,meta-igneous ultramafic intrusive,
1515,A-ANna-mog,Narndee Igneous Complex,Metagabbro with amphibole pseudomorphs after pyroxene; relict igneous texture typically preserved; locally strongly sheared,metagabbro,108088.53627381157,,Narndee Igneous Complex,,,metagabbro,,meta-igneous mafic intrusive,
1236,A-ANna-od,Narndee Igneous Complex,Dolerite; locally grades into hornblende gabbro; metamorphosed,"dolerite,gabbro",131490.2238131011,,Narndee Igneous Complex,,,dolerite,,igneous mafic intrusive,
2900,A-ANni-ax,Ninghan Gabbro,"Pyroxenite, olivine pyroxenite and lesser gabbro with 5?20 mm grain size; metamorphosed","pyroxenite,gabbro,pyroxenite",7502.434916664455,,Ninghan Gabbro,,,pyroxenite (intrusive),,igneous ultramafic intrusive,
2901,A-ANni-mat,Ninghan Gabbro,Serpentinized peritotite and dunite with relict olivine crystals 4?6 mm across,dunite,6554.096880100418,,Ninghan Gabbro,,,serpentinite derived from intrusive rock,,meta-igneous ultramafic intrusive,
2972,A-ANni-od,Ninghan Gabbro,Dolerite sills; commonly with columnar jointing; metamorphosed,dolerite,6275.433668981392,,Ninghan Gabbro,,,dolerite,,igneous mafic intrusive,
2903,A-ANni-og,Ninghan Gabbro,"Gabbro, gabbronorite and dolerite; pegmatitic leucogabbro in top contact zones of sills, and pyroxenite and minor peridotite at the base; metamorphosed","gabbro,dolerite,gabbronorite,leucogabbro,peridotite,pyroxenite",8640.148928212266,,Ninghan Gabbro,,,gabbro,,igneous mafic intrusive,
1839,A-ANnl-ax,"Narndee Igneous Complex, lower zone",Coarse pyroxenite with minor gabbronorite; local interstitial hornblende; metamorphosed,"gabbronorite,pyroxenite",104562.10175298908,,Narndee Igneous Complex,"Narndee Igneous Complex, lower zone",,pyroxenite (intrusive),,igneous ultramafic intrusive,
2328,A-ANnl-mat,"Narndee Igneous Complex, lower zone","Serpentinite, fine grained; strongly sheared; rare igneous textures preserved",serpentinite,104087.8729852444,,Narndee Igneous Complex,"Narndee Igneous Complex, lower zone",,serpentinite derived from intrusive rock,,meta-igneous ultramafic intrusive,
3524,A-ANnl-moma,"Narndee Igneous Complex, lower zone",Metagabbronorite with amphibole pseudomorphs after pyroxene; local primary amphibole oikocrysts,metagabbronorite,103610.77788848276,,Narndee Igneous Complex,"Narndee Igneous Complex, lower zone",,metagabbronorite,,meta-igneous mafic intrusive,
3530,A-ANnl-om,"Narndee Igneous Complex, lower zone",Gabbronorite; locally grades into leucogabbronorite and pyroxene-rich gabbronorite layers with minor interstitial hornblende; metamorphosed,"gabbronorite,gabbronorite,leucogabbronorite",104203.41011276882,,Narndee Igneous Complex,"Narndee Igneous Complex, lower zone",,gabbronorite,,igneous mafic intrusive,
3522,A-ANnl-omh,"Narndee Igneous Complex, lower zone",Hornblende gabbronorite with 5?10 mm grain size and hornblende oikocrysts 8?15 mm in diameter; locally grades into gabbronorite and hornblende gabbro; metamorphosed,"gabbronorite,gabbro,gabbronorite",104097.25712994134,,Narndee Igneous Complex,"Narndee Igneous Complex, lower zone",,gabbronorite,,igneous mafic intrusive,
1595,A-ANnl-ot,"Narndee Igneous Complex, lower zone",Troctolite; locally grades into olivine gabbronorite and leucotroctolite with minor hornblende oikocrysts; metamorphosed,"troctolite,gabbronorite,leucotroctolite",125835.97507686449,,Narndee Igneous Complex,"Narndee Igneous Complex, lower zone",,troctolite,,igneous mafic intrusive,
1217,A-ANnl-xmat-om,"Narndee Igneous Complex, lower zone","Megacycles of serpentinite grading into pyroxenite, gabbronorite, and anorthosite; typically with hornblende oikocrystic units; metamorphosed","pyroxenite,serpentinite,anorthosite,gabbronorite",104770.36283279846,,Narndee Igneous Complex,"Narndee Igneous Complex, lower zone",,serpentinite derived from intrusive rock,gabbronorite,meta-igneous ultramafic intrusive,igneous mafic intrusive
1843,A-ANnm-ax,"Narndee Igneous Complex, middle zone",Coarse pyroxenite with minor gabbronorite; local hornblende; metamorphosed,"gabbronorite,pyroxenite",107573.61946503443,,Narndee Igneous Complex,"Narndee Igneous Complex, middle zone",,pyroxenite (intrusive),,igneous ultramafic intrusive,
1857,A-ANnm-mat,"Narndee Igneous Complex, middle zone","Serpentinite, fine grained; strongly sheared; rare igneous textures preserved",serpentinite,105911.36149459498,,Narndee Igneous Complex,"Narndee Igneous Complex, middle zone",,serpentinite derived from intrusive rock,,meta-igneous ultramafic intrusive,
1704,A-ANnm-mog,"Narndee Igneous Complex, middle zone",Metagabbro with amphibole pseudomorphs after pyroxene,metagabbro,110669.89527173876,,Narndee Igneous Complex,"Narndee Igneous Complex, middle zone",,metagabbro,,meta-igneous mafic intrusive,
3521,A-ANnm-oh,"Narndee Igneous Complex, middle zone","Hornblende gabbro with 4?8 mm grain size and hornblende oikocrysts 8?25 mm in diameter; locally grades into hornblende-bearing gabbronorite, leucogabbro, and gabbronorite; metamorphosed","gabbro,gabbronorite,gabbronorite,leucogabbro",106362.23186743277,,Narndee Igneous Complex,"Narndee Igneous Complex, middle zone",,hornblende gabbro,,igneous mafic intrusive,
2324,A-ANnm-om,"Narndee Igneous Complex, middle zone",Gabbronorite; locally grades into leucogabbronorite and pyroxene-rich gabbronorite layers with minor interstitial hornblende; metamorphosed,"gabbronorite,gabbronorite,leucogabbronorite",105975.66707067967,,Narndee Igneous Complex,"Narndee Igneous Complex, middle zone",,gabbronorite,,igneous mafic intrusive,
3295,A-ANnm-oml,"Narndee Igneous Complex, middle zone",Leucogabbronorite with minor interstitial hornblende; locally grades into layers of gabbronorite; dominantly as intrusive sheets with chilled margins; metamorphosed,"leucogabbronorite,gabbronorite",107808.89940919667,,Narndee Igneous Complex,"Narndee Igneous Complex, middle zone",,gabbronorite,,igneous mafic intrusive,
1808,A-ANnm-ot,"Narndee Igneous Complex, middle zone",Troctolite; locally grades into gabbronorite and leucogabbronorite with minor hornblende oikocrysts; metamorphosed,"troctolite,gabbronorite,leucogabbronorite",108406.4885420604,,Narndee Igneous Complex,"Narndee Igneous Complex, middle zone",,troctolite,,igneous mafic intrusive,
1442,A-ANnm-xom-mat,"Narndee Igneous Complex, middle zone","Megacycles of serpentinite grading into pyroxenite, gabbronorite, and anorthosite; typically with hornblende-oikocrystic units; gabbroic rocks dominant; metamorphosed","pyroxenite,serpentinite,anorthosite,gabbronorite",107008.47053827436,,Narndee Igneous Complex,"Narndee Igneous Complex, middle zone",,gabbronorite,serpentinite derived from intrusive rock,igneous mafic intrusive,meta-igneous ultramafic intrusive
2231,A-ANno-ma,Noongal Gabbro,Metapyroxenite and lesser metaperidotite; includes serpentinite and ultramafic schist; tremolite?talc?magnetite?chlorite metamorphic assemblages common,"metaperidotite,metapyroxenite,schist,serpentinite,ultramafic",141387.63952668407,,Noongal Gabbro,,,meta-ultramafic intrusive rock,,meta-igneous ultramafic intrusive,
1955,A-ANno-mapx,Noongal Gabbro,"Pyroxene-rich metaperidotite, locally with well-developed clinopyroxene cumulate texture; locally sheared and serpentinized",metaperidotite,141944.6185578948,,Noongal Gabbro,,,metaperidotite derived from intrusive rock,,meta-igneous ultramafic intrusive,
2443,A-ANno-mod,Noongal Gabbro,"Metadolerite with lesser metagabbro, locally hornblende rich; includes less-recrystallized dolerite and pyroxene-rich varieties; locally moderately sheared","metadolerite,metagabbro,dolerite",132982.6278709481,,Noongal Gabbro,,,metadolerite,,meta-igneous mafic intrusive,
1957,A-ANno-mog,Noongal Gabbro,Metagabbro; locally with hornblende (probably obsolete),metagabbro,138814.47668653962,,Noongal Gabbro,,,metagabbro,,meta-igneous mafic intrusive,
1958,A-ANno-odp,Noongal Gabbro,Plagioclase-porphyritic dolerite with phenocrysts up to 10 mm and up to 35% of the rock volume; metamorphosed,dolerite,136655.73688612386,,Noongal Gabbro,,,dolerite,,igneous mafic intrusive,
1962,A-ANno-ogl,Noongal Gabbro,Leucogabbro; locally pegmatitic; locally with well-developed granophyric textures and locally with gradational grain size and/or modal layering; metamorphosed,leucogabbro,139108.58497596532,,Noongal Gabbro,,,gabbro,,igneous mafic intrusive,
1963,A-ANno-ogp,Noongal Gabbro,Plagioclase-porphyritic gabbro with phenocrysts up to 10 mm and up to 20% of the rock volume; metamorphosed (probably obsolete),gabbro,144637.50562143922,,Noongal Gabbro,,,gabbro,,igneous mafic intrusive,
1965,A-ANno-xmoda-mgs,Noongal Gabbro,Amphibolitic metadolerite with abundant sheets of granitic to granodioritic schist typically 0.5 ? 15 m thick and 50?500 m long,"granitic,metadolerite,schist",137964.08228397273,,Noongal Gabbro,,,metadolerite,granitic schist,meta-igneous mafic intrusive,meta-igneous felsic intrusive
1966,A-ANno-xmoga-mgs,Noongal Gabbro,Amphibolitic metagabbro with abundant sheets of granitic to granodioritic schist typically 0.5 ? 15 m thick and 50?500 m long,"granitic,metagabbro,schist",144829.44332033067,,Noongal Gabbro,,,metagabbro,granitic schist,meta-igneous mafic intrusive,meta-igneous felsic intrusive
3468,A-ANnu-ao,"Narndee Igneous Complex, ultramafic zone",Olivine pyroxenite with relict olivine cumulate texture; locally grades into layers of pyroxenite and gabbronorite; metamorphosed,"pyroxenite,gabbronorite,pyroxenite",106156.56436064381,,Narndee Igneous Complex,"Narndee Igneous Complex, ultramafic zone",,olivine pyroxenite,,igneous ultramafic intrusive,
1519,A-ANnu-ap,"Narndee Igneous Complex, ultramafic zone",Pyroxene peridotite with relict olivine cumulate texture and interstitial pyroxene; minor interstitial hornblende; metamorphosed,peridotite,107699.04304387751,,Narndee Igneous Complex,"Narndee Igneous Complex, ultramafic zone",,pyroxene peridotite,,igneous ultramafic intrusive,
1554,A-ANnu-axo,"Narndee Igneous Complex, ultramafic zone","Orthopyroxenite with very coarse grain size, typically >10 mm; locally grades into gabbronorite and websterite; metamorphosed","orthopyroxenite,gabbronorite",109757.98067686308,,Narndee Igneous Complex,"Narndee Igneous Complex, ultramafic zone",,pyroxenite (intrusive),,igneous ultramafic intrusive,
827,A-ANnu-mad,"Narndee Igneous Complex, ultramafic zone","Metadunite with relict olivine cumulate texture; minor pyroxene, amphibole, and Cr-spinel; locally strongly sheared",metadunite,113511.35458735879,,Narndee Igneous Complex,"Narndee Igneous Complex, ultramafic zone",,metadunite derived from intrusive rock,,meta-igneous ultramafic intrusive,
2544,A-ANnu-mas,"Narndee Igneous Complex, ultramafic zone","Ultramafic schist derived from intrusive rocks; serpentine dominant, and locally abundant talc and tremolite; strongly sheared","schist,ultramafic",104981.75013606825,,Narndee Igneous Complex,"Narndee Igneous Complex, ultramafic zone",,ultramafic schist derived from intrusive rock,,meta-igneous ultramafic intrusive,
1967,A-ANoo-gme,Warbadoo Tonalite,Equigranular monzogranite with 4?10 mm grain size; includes regions with weakly-developed foliation; metamorphosed,monzogranite,145634.91654016983,,Warbadoo Tonalite,,,monzogranite,,igneous granitic,
2473,A-ANoo-mgs,Warbadoo Tonalite,"Metagranitic to metatonalitic schist, locally as intrusive sheets into country rocks; locally with abundant amphibolitic rafts; typically schistose with planar and/or linear fabrics; locally pegmatitic or aplitic","metagranitic,schist",137158.24052709542,,Warbadoo Tonalite,,,granitic schist,,meta-igneous felsic intrusive,
1968,A-ANoo-mgta,Warbadoo Tonalite,Hornblende tonalite with grain size <8 mm; locally with a well-developed planar and linear fabric,tonalite,129886.27514239136,,Warbadoo Tonalite,,,metatonalite,,meta-igneous felsic intrusive,
1969,A-ANoo-mgti,Warbadoo Tonalite,Migmatitic tonalite with stromatic mesosomes of metatonalite and leucosomes of metamonzogranite; rare melanosomes of biotite metadiorite,"metamonzogranite,metatonalite,tonalite,metadiorite",141115.06871214724,,Warbadoo Tonalite,,,metatonalite,,meta-igneous felsic intrusive,
3483,A-ANoo-xmgmn-mggs,Warbadoo Tonalite,Monzogranitic augen gneiss and granodiorite schist interlayered on a metre to decametre scale; locally lineated,"gneiss,granodiorite,schist",132617.78732694022,,Warbadoo Tonalite,,,metamonzogranite,metagranodiorite,meta-igneous felsic intrusive,meta-igneous felsic intrusive
3481,A-ANoq-ap,Olive Queen Gabbro,Peridotite; relict cumulate textures preserved locally; minor pyroxenite; metamorphosed,"peridotite,pyroxenite",123554.11720805407,,Olive Queen Gabbro,,,pyroxene peridotite,,igneous ultramafic intrusive,
1972,A-ANoq-mod,Olive Queen Gabbro,Metadolerite to metagabbro; includes less-recrystallized dolerite and moderately schistose rocks; locally hornblende-rich; includes deeply weathered rocks,"metadolerite,metagabbro,dolerite",122626.72195574282,,Olive Queen Gabbro,,,metadolerite,,meta-igneous mafic intrusive,
1977,A-ANoq-og,Olive Queen Gabbro,"Gabbro with 4?20 mm grain size; includes layers of leucogabbro, quartz gabbro to diorite, pegmatitic gabbro, and dolerite; metamorphosed","gabbro,dolerite,gabbro,gabbro,leucogabbro",122142.14484147515,,Olive Queen Gabbro,,,gabbro,,igneous mafic intrusive,
1981,A-ANoq-ogq,Olive Queen Gabbro,"Very coarse-grained, commonly quartz-bearing gabbro with coarse spinifex-like granophyric texture with up to 10 cm crystals; metamorphosed",gabbro,122451.34504731829,,Olive Queen Gabbro,,,gabbro,,igneous mafic intrusive,
1982,A-ANoq-xog-masr,Olive Queen Gabbro,Metagabbro interlayered with tremolite-bearing ultramafic schist; metamorphosed,"metagabbro,schist,ultramafic",121902.55829609398,,Olive Queen Gabbro,,,gabbro,ultramafic schist derived from intrusive rock,igneous mafic intrusive,meta-igneous ultramafic intrusive
2425,A-ANud-ogy,Buddadoo Gabbro,Layered gabbroic rocks with distinctive magnetitite horizons and minor diorite; metamorphosed,magnetitite,92007.359297479,,Buddadoo Gabbro,,,gabbro,,igneous mafic intrusive,
1706,A-ANwa-masr,Wadgingarra Gabbro,Tremolite?chlorite(?talc) schist; strongly sheared,schist,130684.16682151724,,Wadgingarra Gabbro,,,ultramafic schist derived from intrusive rock,,meta-igneous ultramafic intrusive,
3357,A-ANwa-od,Wadgingarra Gabbro,"Dolerite; minor gabbro and basalt; massive to weakly deformed, and metamorphosed","dolerite,basalt,gabbro",122814.84423539217,,Wadgingarra Gabbro,,,dolerite,,igneous mafic intrusive,
1708,A-ANwa-og,Wadgingarra Gabbro,Massive gabbro with granophyric leucogabbro towards the top of the intrusion; metamorphosed,"gabbro,leucogabbro",123161.92649248228,,Wadgingarra Gabbro,,,gabbro,,igneous mafic intrusive,
2020,A-ANwa-ogl,Wadgingarra Gabbro,"Leucogabbro; medium- to coarse-grained; massive to weakly deformed, and metamorphosed",leucogabbro,125601.61916943283,,Wadgingarra Gabbro,,,gabbro,,igneous mafic intrusive,
1467,A-ANwb-mog,"Windimurra Igneous Complex, border zone",Metagabbro with amphibole pseudomorphs after pyroxenes; 3?5 mm grain size; locally grading into dolerite; metamorphosed,"metagabbro,dolerite",166053.27982883723,,Windimurra Igneous Complex,"Windimurra Igneous Complex, border zone",,metagabbro,,meta-igneous mafic intrusive,
2513,A-ANwb-od,"Windimurra Igneous Complex, border zone","Dolerite, locally grading into gabbro; shear zones typically at the margins of exposures; metamorphosed","dolerite,gabbro",211521.0771379166,,Windimurra Igneous Complex,"Windimurra Igneous Complex, border zone",,dolerite,,igneous mafic intrusive,
2506,A-ANwc-ad,Corner Well Gabbro Member,Dunite with relict olivine cumulate texture; metamorphosed,dunite,161121.64590045874,,Windimurra Igneous Complex,Corner Well Gabbro Member,,dunite (intrusive),,igneous ultramafic intrusive,
1505,A-ANwc-oa,Corner Well Gabbro Member,Anorthosite in decimetre-thick layers with weak plagioclase lamination and crystal size up to 8 mm; locally grades into leucogabbro and leucogabbronorite; metamorphosed,"anorthosite,leucogabbro,leucogabbronorite",161487.98057857202,,Windimurra Igneous Complex,Corner Well Gabbro Member,,anorthosite,,igneous mafic intrusive,
1234,A-ANwc-ogc,Corner Well Gabbro Member,Clinopyroxene cumulate gabbro (grain size <20 mm); metamorphosed,gabbro,161835.24858871478,,Windimurra Igneous Complex,Corner Well Gabbro Member,,gabbro,,igneous mafic intrusive,
1242,A-ANwc-ol,Corner Well Gabbro Member,Olivine gabbro grading into olivine gabbronorite; metamorphosed,"gabbro,gabbronorite",160453.35800673068,,Windimurra Igneous Complex,Corner Well Gabbro Member,,olivine gabbronorite,,igneous mafic intrusive,
1564,A-ANwc-om,Corner Well Gabbro Member,Gabbronorite with modal igneous layering; locally grades into leucogabbronorite; metamorphosed,"gabbronorite,leucogabbronorite",160485.41028245087,,Windimurra Igneous Complex,Corner Well Gabbro Member,,gabbronorite,,igneous mafic intrusive,
2505,A-ANwc-op,Corner Well Gabbro Member,"Melanocratic gabbro to gabbronorite, locally with orthopyroxene cumulate crystals up to 20 mm; metamorphosed","gabbro,gabbronorite",160426.3426332976,,Windimurra Igneous Complex,Corner Well Gabbro Member,,orthopyroxene gabbro,,igneous mafic intrusive,
3344,A-ANwc-xad-ot,Corner Well Gabbro Member,"Dunite with relict olivine cumulate texture; grades into layers of troctolite, melanotroctolite and olivine gabbro; metamorphosed","dunite,gabbro,melanotroctolite,troctolite",160369.31776685538,,Windimurra Igneous Complex,Corner Well Gabbro Member,,dunite (intrusive),troctolite,igneous ultramafic intrusive,igneous mafic intrusive
1628,A-ANwc-xaoo-oa,Corner Well Gabbro Member,Olivine orthopyroxenite interlayered with anorthosite; metamorphosed,"anorthosite,orthopyroxenite",178528.34213522088,,Windimurra Igneous Complex,Corner Well Gabbro Member,,olivine orthopyroxenite,anorthosite,igneous ultramafic intrusive,igneous mafic intrusive
1617,A-ANwi-axd,Windimurra Igneous Complex,Very coarse-grained pyroxenite plug; pyroxene typically uralitized; metamorphosed,pyroxenite,201124.06139410578,,Windimurra Igneous Complex,,,pyroxenite (intrusive),,igneous ultramafic intrusive,
1581,A-ANwi-mof,Windimurra Igneous Complex,Meta-anorthosite with amphibole schlieren after flattened clinopyroxene oikocrysts; locally strongly sheared,anorthosite,125325.61460974181,,Windimurra Igneous Complex,,,meta-anorthosite,,meta-igneous mafic intrusive,
1590,A-ANwi-mog,Windimurra Igneous Complex,Metagabbro with amphibole pseudomorphs after pyroxene; grades into metagabbronorite; locally sheared; locally magnetite bearing,"metagabbro,metagabbronorite",122457.91714621797,,Windimurra Igneous Complex,,,metagabbro,,meta-igneous mafic intrusive,
3438,A-ANwi-xmog-mg,Windimurra Igneous Complex,"Metagabbro and metaleucogabbro; grades into metagabbronorite; locally schistose and sheared, with abundant metagranite, aplite, and granophyre as intrusive sheets, predominantly parallel to foliation","metagabbro,metaleucogabbro,aplite,granophyre,metagabbronorite,metagranite",124106.32390825283,,Windimurra Igneous Complex,,,metagabbro,metagranitic rock,meta-igneous mafic intrusive,meta-igneous felsic intrusive
1366,A-ANwl-ap,"Windimurra Igneous Complex, lower zone","Pyroxene peridotite; locally lherzolitic, harzburgitic, and chromite bearing; locally strongly sheared; metamorphosed",peridotite,194403.3310606844,,Windimurra Igneous Complex,"Windimurra Igneous Complex, lower zone",,pyroxene peridotite,,igneous ultramafic intrusive,
2507,A-ANwl-ax,"Windimurra Igneous Complex, lower zone",Coarse-grained pyroxenite grading into gabbronorite; locally pegmatitic; metamorphosed,"gabbronorite,pyroxenite",166295.07071150924,,Windimurra Igneous Complex,"Windimurra Igneous Complex, lower zone",,pyroxenite (intrusive),,igneous ultramafic intrusive,
1391,A-ANwl-mog,"Windimurra Igneous Complex, lower zone",Metagabbro with amphibole pseudomorphs after pyroxene; grades into metagabbronorite; locally sheared,"metagabbro,metagabbronorite",179002.75379736582,,Windimurra Igneous Complex,"Windimurra Igneous Complex, lower zone",,metagabbro,,meta-igneous mafic intrusive,
1289,A-ANwl-oa,"Windimurra Igneous Complex, lower zone",Anorthosite with weak plagioclase lamination; metamorphosed,anorthosite,187145.92367712045,,Windimurra Igneous Complex,"Windimurra Igneous Complex, lower zone",,anorthosite,,igneous mafic intrusive,
3453,A-ANwl-og,"Windimurra Igneous Complex, lower zone",Gabbro; grades into leucogabbro and gabbronorite; locally with modal layering of pyroxene and plagioclase; metamorphosed,"gabbro,gabbronorite,leucogabbro",154677.19164278987,,Windimurra Igneous Complex,"Windimurra Igneous Complex, lower zone",,gabbro,,igneous mafic intrusive,
1783,A-ANwl-ogd,"Windimurra Igneous Complex, lower zone",Very coarse-grained gabbro with distinctive pegmatitic layers; grades into coarse-grained leucogabbro and gabbronorite; locally with modal layering of pyroxene and plagioclase; metamorphosed,"gabbro,gabbronorite,leucogabbro",163068.36416564608,,Windimurra Igneous Complex,"Windimurra Igneous Complex, lower zone",,gabbro,,igneous mafic intrusive,
3341,A-ANwl-ogl,"Windimurra Igneous Complex, lower zone","Leucogabbro; grades into anorthosite, gabbro and pegmatitic gabbro; locally abundant clinopyroxene oikocrysts up to 30 mm; metamorphosed","leucogabbro,anorthosite,gabbro,gabbro",147875.7478599604,,Windimurra Igneous Complex,"Windimurra Igneous Complex, lower zone",,gabbro,,igneous mafic intrusive,
1702,A-ANwl-ogly,"Windimurra Igneous Complex, lower zone",Layered leucogabbro; modal layering of plagioclase and pyroxenes on a decimetre scale; locally abundant clinopyroxene oikocrysts up to 30 mm; metamorphosed,leucogabbro,171012.82900895595,,Windimurra Igneous Complex,"Windimurra Igneous Complex, lower zone",,gabbro,,igneous mafic intrusive,
3447,A-ANwl-oglz,"Windimurra Igneous Complex, lower zone",Ophitic leucogabbro; typically with pyroxene oikocrysts <30 mm across; metamorphosed,leucogabbro,183426.87830504574,,Windimurra Igneous Complex,"Windimurra Igneous Complex, lower zone",,gabbro,,igneous mafic intrusive,
1466,A-ANwl-ogp,"Windimurra Igneous Complex, lower zone",Plagioclase-phyric gabbro; 8?12 mm plagioclase phenocrysts in 5?8 mm gabbroic matrix; metamorphosed,gabbro,163520.7190341136,,Windimurra Igneous Complex,"Windimurra Igneous Complex, lower zone",,gabbro,,igneous mafic intrusive,
3286,A-ANwl-ogx,"Windimurra Igneous Complex, lower zone",Pyroxene gabbro; locally very coarse grained and grading into pyroxenite and gabbro; minor modal layering; metamorphosed,"gabbro,gabbro,pyroxenite",165883.52027836157,,Windimurra Igneous Complex,"Windimurra Igneous Complex, lower zone",,gabbro,,igneous mafic intrusive,
3459,A-ANwl-ogz,"Windimurra Igneous Complex, lower zone",Ophitic gabbro; typically with pyroxene oikocrysts <30 mm across; metamorphosed,gabbro,186488.58683518905,,Windimurra Igneous Complex,"Windimurra Igneous Complex, lower zone",,gabbro,,igneous mafic intrusive,
1770,A-ANwl-ol,"Windimurra Igneous Complex, lower zone",Olivine gabbronorite grading into olivine gabbro and olivine leucogabbronorite; minor modal layering; metamorphosed,"gabbro,gabbronorite,leucogabbronorite",155675.7381798335,,Windimurra Igneous Complex,"Windimurra Igneous Complex, lower zone",,olivine gabbronorite,,igneous mafic intrusive,
1254,A-ANwl-om,"Windimurra Igneous Complex, lower zone","Gabbronorite, typically with igneous layering and locally grading into leucogabbronorite; metamorphosed","gabbronorite,leucogabbronorite",177721.57402383178,,Windimurra Igneous Complex,"Windimurra Igneous Complex, lower zone",,gabbronorite,,igneous mafic intrusive,
1018,A-ANwl-oml,"Windimurra Igneous Complex, lower zone","Leucogabbronorite; grades into gabbronorite, anorthosite, leuconorite and pegmatitic gabbro; locally shows very coarse-grained ophitic texture; metamorphosed","leucogabbronorite,anorthosite,gabbro,gabbronorite,leuconorite",201505.63378213224,,Windimurra Igneous Complex,"Windimurra Igneous Complex, lower zone",,gabbronorite,,igneous mafic intrusive,
1440,A-ANwl-or,"Windimurra Igneous Complex, lower zone",Olivine norite; locally grades into olivine gabbronorite and olivine leuconorite; metamorphosed,"norite,gabbronorite,leuconorite",168591.34034213316,,Windimurra Igneous Complex,"Windimurra Igneous Complex, lower zone",,olivine norite,,igneous mafic intrusive,
1778,A-ANwl-ot,"Windimurra Igneous Complex, lower zone",Troctolite; locally grades into olivine gabbronorite and leucotroctolite; metamorphosed,"troctolite,gabbronorite,leucotroctolite",164567.96787390005,,Windimurra Igneous Complex,"Windimurra Igneous Complex, lower zone",,troctolite,,igneous mafic intrusive,
1363,A-ANwl-otl,"Windimurra Igneous Complex, lower zone","Leucotroctolite; locally grades into anorthosite, troctolite, and pegmatitic gabbro; metamorphosed","leucotroctolite,anorthosite,gabbro,troctolite",180453.0299320388,,Windimurra Igneous Complex,"Windimurra Igneous Complex, lower zone",,troctolite,,igneous mafic intrusive,
1436,A-ANwl-ow,"Windimurra Igneous Complex, lower zone",Norite; locally grades into gabbronorite and leuconorite with very coarse-grained patches; metamorphosed,"norite,gabbronorite,leuconorite",171298.3513491656,,Windimurra Igneous Complex,"Windimurra Igneous Complex, lower zone",,norite,,igneous mafic intrusive,
3454,A-ANwl-owl,"Windimurra Igneous Complex, lower zone","Leuconorite; locally grades into norite, leucogabbronorite and pegmatitic gabbro; ophitic patches present; metamorphosed","leuconorite,gabbro,leucogabbronorite,norite",158838.7060214466,,Windimurra Igneous Complex,"Windimurra Igneous Complex, lower zone",,norite,,igneous mafic intrusive,
1636,A-ANwl-xogd-oad,"Windimurra Igneous Complex, lower zone",Pegmatitic gabbro containing rounded boulders of pegmatitic anorthosite up to 40 cm; locally PGE-sulfide bearing; metamorphosed,"anorthosite,gabbro",194146.26123412763,,Windimurra Igneous Complex,"Windimurra Igneous Complex, lower zone",,gabbro,anorthosite,igneous mafic intrusive,igneous mafic intrusive
1755,A-ANwl-xogl-gmv,"Windimurra Igneous Complex, lower zone",Leucogabbro grading into gabbro; intruded by abundant muscovite granite sheets typically 10?100 m thick; metamorphosed,"gabbro,leucogabbro,granite",162763.36162518937,,Windimurra Igneous Complex,"Windimurra Igneous Complex, lower zone",,gabbro,monzogranite,igneous mafic intrusive,igneous granitic
1437,A-ANwm-am,"Windimurra Igneous Complex, middle zone",Magnetitite layers <1 m thick with locally undulating basal contacts; magnetite crystals enclose plagioclase in magnetite-rich gabbro; metamorphosed,"magnetitite,gabbro",173414.49800902157,,Windimurra Igneous Complex,"Windimurra Igneous Complex, middle zone",,magnetitite,,igneous ultramafic intrusive,
1344,A-ANwm-og,"Windimurra Igneous Complex, middle zone","Gabbro grading into magnetite-bearing gabbro, leucogabbro, and gabbronorite; metamorphosed","gabbro,gabbro,gabbronorite,leucogabbro",174924.2611641164,,Windimurra Igneous Complex,"Windimurra Igneous Complex, middle zone",,gabbro,,igneous mafic intrusive,
1805,A-ANwm-ogl,"Windimurra Igneous Complex, middle zone",Leucogabbro grading into anorthosite and gabbro; locally abundant clinopyroxene oikocrysts up to 30 mm enclose euhedral plagioclase cumulate crystals; metamorphosed,"anorthosite,gabbro,leucogabbro",161658.73027897088,,Windimurra Igneous Complex,"Windimurra Igneous Complex, middle zone",,gabbro,,igneous mafic intrusive,
3562,A-ANwm-oglj,"Windimurra Igneous Complex, middle zone",Magnetite-bearing leucogabbro grading into anorthosite and magnetite-bearing gabbro; locally abundant clinopyroxene oikocrysts up to 30 mm enclose euhedral plagioclase cumulate crystals; metamorphosed,"anorthosite,gabbro,leucogabbro",171754.45281643758,,Windimurra Igneous Complex,"Windimurra Igneous Complex, middle zone",,gabbro,,igneous mafic intrusive,
1626,A-ANwm-ogx,"Windimurra Igneous Complex, middle zone",Pyroxene-rich gabbro; locally very coarse-grained and grading into pyroxenite and magnetite-bearing gabbro; minor modal layering; metamorphosed,"gabbro,gabbro,pyroxenite",178569.41299477482,,Windimurra Igneous Complex,"Windimurra Igneous Complex, middle zone",,gabbro,,igneous mafic intrusive,
1273,A-ANwm-ol,"Windimurra Igneous Complex, middle zone",Olivine gabbronorite grading into olivine gabbro and leucogabbronorite; minor modal layering and locally magnetite bearing; metamorphosed,"gabbro,gabbronorite,leucogabbronorite",168896.59599777558,,Windimurra Igneous Complex,"Windimurra Igneous Complex, middle zone",,olivine gabbronorite,,igneous mafic intrusive,
1358,A-ANwm-ot,"Windimurra Igneous Complex, middle zone",Troctolite; locally grades into olivine gabbronorite and leucotroctolite; metamorphosed,"troctolite,gabbronorite,leucotroctolite",169050.26308764477,,Windimurra Igneous Complex,"Windimurra Igneous Complex, middle zone",,troctolite,,igneous mafic intrusive,
3342,A-ANwm-otl,"Windimurra Igneous Complex, middle zone",Leucotroctolite; locally grading into anorthosite and troctolite; metamorphosed,"leucotroctolite,anorthosite,troctolite",167400.5550148522,,Windimurra Igneous Complex,"Windimurra Igneous Complex, middle zone",,troctolite,,igneous mafic intrusive,
2532,A-ANwm-ow,"Windimurra Igneous Complex, middle zone",Norite; locally grading into gabbronorite and leuconorite with lesser magnetite-bearing rocks; metamorphosed,"norite,gabbronorite,leuconorite",167827.6806999305,,Windimurra Igneous Complex,"Windimurra Igneous Complex, middle zone",,norite,,igneous mafic intrusive,
1285,A-ANwr-oglq,"Windimurra Igneous Complex, roof zone","Quartz-bearing leucogabbro, typically with well-developed, coarse spinifex texture; metamorphosed",leucogabbro,189974.58651849348,,Windimurra Igneous Complex,"Windimurra Igneous Complex, roof zone",,gabbro,,igneous mafic intrusive,
3566,A-ANwr-ogp,"Windimurra Igneous Complex, roof zone","Porphyritic gabbro; plagioclase phenocrysts typically <20 mm in a 4?8 mm matrix of plagioclase, clinopyroxene, and minor oxides; metamorphosed",gabbro,182292.67963970872,,Windimurra Igneous Complex,"Windimurra Igneous Complex, roof zone",,gabbro,,igneous mafic intrusive,
2368,A-ANwr-xogp-od,"Windimurra Igneous Complex, roof zone",Porphyritic gabbro with plagioclase phenocrysts and dolerite; metamorphosed,"dolerite,gabbro",177963.59232434136,,Windimurra Igneous Complex,"Windimurra Igneous Complex, roof zone",,gabbro,dolerite,igneous mafic intrusive,igneous mafic intrusive
1687,A-ANwu-xmad-oa,"Windimurra Igneous Complex, ultramafic zone",Chromite-bearing metadunite interlayered with metamorphosed gabbro and anorthosite; locally disseminated chromite in metaperidotite; well-defined layering on a metre scale preserved locally,"anorthosite,gabbro,metadunite,metaperidotite",143955.2728763848,,Windimurra Igneous Complex,"Windimurra Igneous Complex, ultramafic zone",,metadunite derived from intrusive rock,anorthosite,meta-igneous ultramafic intrusive,igneous mafic intrusive
1600,A-ANwz-am,"Windimurra Igneous Complex, upper zone",Magnetitite layers <1 m  thick in magnetite-rich gabbro; locally with undulating bases; magnetite encloses plagioclase chadacrysts; metamorphosed,"gabbro,magnetitite",134508.56502875822,,Windimurra Igneous Complex,"Windimurra Igneous Complex, upper zone",,magnetitite,,igneous ultramafic intrusive,
1625,A-ANwz-amn,"Windimurra Igneous Complex, upper zone","Magnetitite in layers <1 m thick; magnetite grains commonly contain rounded, 5?10 mm serpentine inclusions after olivine; locally grades into olivine gabbro; metamorphosed","magnetitite,gabbro",168325.31871680298,,Windimurra Igneous Complex,"Windimurra Igneous Complex, upper zone",,magnetitite,,igneous ultramafic intrusive,
1698,A-ANwz-mog,"Windimurra Igneous Complex, upper zone","Metagabbro with amphibole pseudomorphs after pyroxene, grading into metagabbronorite; locally sheared; locally magnetite and/or ilmenite bearing","metagabbro,metagabbronorite",161264.89412283452,,Windimurra Igneous Complex,"Windimurra Igneous Complex, upper zone",,metagabbro,,meta-igneous mafic intrusive,
3444,A-ANwz-ogjl,"Windimurra Igneous Complex, upper zone","Leucogabbro, magnetite and/or ilmenite bearing; grades into magnetite- and/or ilmenite-bearing gabbro, anorthosite, and leucogabbronorite; metamorphosed","leucogabbro,anorthosite,gabbro,leucogabbronorite",160438.76062861117,,Windimurra Igneous Complex,"Windimurra Igneous Complex, upper zone",,gabbro,,igneous mafic intrusive,
414,A-ANwz-ogl,"Windimurra Igneous Complex, upper zone",Leucogabbro grading into anorthosite and magnetite- and/or ilmenite-bearing gabbro; locally abundant clinopyroxene oikocrysts up to 30 mm enclose euhedral cumulate plagioclase crystals; metamorphosed,"anorthosite,gabbro,leucogabbro",156637.77463761464,,Windimurra Igneous Complex,"Windimurra Igneous Complex, upper zone",,gabbro,,igneous mafic intrusive,
1353,A-ANwz-ol,"Windimurra Igneous Complex, upper zone","Olivine gabbronorite grading into olivine gabbro, olivine norite, and leuconorite; locally showing modal layering; minor cumulus magnetite and/or ilmenite and/or apatite; metamorphosed","gabbro,gabbronorite,leuconorite,norite",172636.68989559278,,Windimurra Igneous Complex,"Windimurra Igneous Complex, upper zone",,olivine gabbronorite,,igneous mafic intrusive,
3434,A-ANwz-om,"Windimurra Igneous Complex, upper zone",Gabbronorite with local modal layering of pyroxene and plagioclase; grades into gabbro and includes portions of metagabbro; minor magnetite and/or ilmenite; metamorphosed,"gabbronorite,gabbro,metagabbro",160953.8727577208,,Windimurra Igneous Complex,"Windimurra Igneous Complex, upper zone",,gabbronorite,,igneous mafic intrusive,
3452,A-ANwz-xoglj-amy,"Windimurra Igneous Complex, upper zone",Interlayered magnetite- and ilmenite-bearing leucogabbro and layered magnetitite units <0.5 m thick; metamorphosed,"leucogabbro,magnetitite",147431.0607014763,,Windimurra Igneous Complex,"Windimurra Igneous Complex, upper zone",,gabbro,magnetitite,igneous mafic intrusive,igneous ultramafic intrusive
1679,A-ANyb-mod,"Youanmi Igneous Complex, border zone",Metadolerite with amphibole pseudomorphs after clinopyroxene; locally weakly deformed,metadolerite,164465.937912417,,Youanmi Igneous Complex,"Youanmi Igneous Complex, border zone",,metadolerite,,meta-igneous mafic intrusive,
1649,A-ANyb-od,"Youanmi Igneous Complex, border zone",Dolerite; metamorphosed,dolerite,165215.1830350823,,Youanmi Igneous Complex,"Youanmi Igneous Complex, border zone",,dolerite,,igneous mafic intrusive,
1444,A-ANyl-masr,"Youanmi Igneous Complex, lower zone",Tremolite-bearing ultramafic schist derived from intrusive rock; local poorly preserved cumulate textures; locally strongly sheared,"schist,ultramafic",171043.03656434917,,Youanmi Igneous Complex,"Youanmi Igneous Complex, lower zone",,ultramafic schist derived from intrusive rock,,meta-igneous ultramafic intrusive,
1681,A-ANyl-mog,"Youanmi Igneous Complex, lower zone","Metagabbro, locally strongly sheared",metagabbro,172587.90348276024,,Youanmi Igneous Complex,"Youanmi Igneous Complex, lower zone",,metagabbro,,meta-igneous mafic intrusive,
1766,A-ANyl-ol,"Youanmi Igneous Complex, lower zone",Olivine gabbro grading into olivine gabbronorite; metamorphosed,"gabbro,gabbronorite",173565.27912000616,,Youanmi Igneous Complex,"Youanmi Igneous Complex, lower zone",,olivine gabbronorite,,igneous mafic intrusive,
1756,A-ANyl-xog-od,"Youanmi Igneous Complex, lower zone","Gabbro interlayered with, and locally grading into, dolerite; layering typically on a 50?500 m scale; metamorphosed","gabbro,dolerite",168673.90809308097,,Youanmi Igneous Complex,"Youanmi Igneous Complex, lower zone",,gabbro,dolerite,igneous mafic intrusive,igneous mafic intrusive
3456,A-ANyl-xogx-mat,"Youanmi Igneous Complex, lower zone",Modally layered pyroxenitic gabbro interlayered with serpentinite; metamorphosed,"gabbro,serpentinite",169058.20557490495,,Youanmi Igneous Complex,"Youanmi Igneous Complex, lower zone",,gabbro,serpentinite derived from intrusive rock,igneous mafic intrusive,meta-igneous ultramafic intrusive
1683,A-ANym-ax,"Youanmi Igneous Complex, middle zone",Pyroxenite with 4?8 mm grain size; amphibole pseudomorphs after pyroxene locally abundant; metamorphosed,pyroxenite,167198.4929729149,,Youanmi Igneous Complex,"Youanmi Igneous Complex, middle zone",,pyroxenite (intrusive),,igneous ultramafic intrusive,
1682,A-ANym-ogl,"Youanmi Igneous Complex, middle zone","Leucogabbro, locally grading into gabbro; metamorphosed","leucogabbro,gabbro",167335.87630294194,,Youanmi Igneous Complex,"Youanmi Igneous Complex, middle zone",,gabbro,,igneous mafic intrusive,
1692,A-ANym-xog-ogx,"Youanmi Igneous Complex, middle zone",Gabbro interlayered with melagabbro on a 50 m scale; contacts locally gradational; metamorphosed,gabbro,165182.40926304748,,Youanmi Igneous Complex,"Youanmi Igneous Complex, middle zone",,gabbro,gabbro,igneous mafic intrusive,igneous mafic intrusive
3469,A-ANym-xom-og,"Youanmi Igneous Complex, middle zone",Gabbronorite interlayered with gabbro on a 50 m scale; contacts locally gradational; locally with interstitial magnetite; metamorphosed,"gabbro,gabbronorite",165463.5430300011,,Youanmi Igneous Complex,"Youanmi Igneous Complex, middle zone",,gabbronorite,gabbro,igneous mafic intrusive,igneous mafic intrusive
1760,A-ANyo-masr,Youanmi Igneous Complex,Tremolite-rich ultramafic schist derived from intrusive rocks; locally grades into metapyroxenite or serpentinite; locally strongly sheared,"schist,ultramafic,metapyroxenite,serpentinite",168438.2337947759,,Youanmi Igneous Complex,,,ultramafic schist derived from intrusive rock,,meta-igneous ultramafic intrusive,
1446,A-ANyo-moga,Youanmi Igneous Complex,"Metagabbro, with locally abundant amphibole porphyroblasts; locally sheared",metagabbro,163339.9371413487,,Youanmi Igneous Complex,,,metagabbro,,meta-igneous mafic intrusive,
1729,A-ANyz-am,"Youanmi Igneous Complex, upper zone","Magnetitite layers in magnetite-rich gabbro; magnetite cumulate crystals form up to 95% of the rock; interstitial plagioclase, pyroxene, and rare olivine; metamorphosed","gabbro,magnetitite",178120.16977481276,,Youanmi Igneous Complex,"Youanmi Igneous Complex, upper zone",,magnetitite,,igneous ultramafic intrusive,
1651,A-ANyz-ogl,"Youanmi Igneous Complex, upper zone","Leucogabbro, locally grading into gabbro and leuconorite; minor magnetite cumulate crystals; metamorphosed","leucogabbro,gabbro,leuconorite",169410.1677961668,,Youanmi Igneous Complex,"Youanmi Igneous Complex, upper zone",,gabbro,,igneous mafic intrusive,
1725,A-ANyz-oh,"Youanmi Igneous Complex, upper zone",Hornblende gabbro with 8?15 mm hornblende oikocrysts in medium-grained gabbroic matrix; locally modally layered with layers of fewer hornblende crystals; metamorphosed,gabbro,173329.43047070393,,Youanmi Igneous Complex,"Youanmi Igneous Complex, upper zone",,hornblende gabbro,,igneous mafic intrusive,
1648,A-ANyz-xam-ogl,"Youanmi Igneous Complex, upper zone",Magnetitite interlayered with modally layered magnetite-bearing leucogabbro; metamorphosed,"leucogabbro,magnetitite",168174.69916043928,,Youanmi Igneous Complex,"Youanmi Igneous Complex, upper zone",,magnetitite,gabbro,igneous ultramafic intrusive,igneous mafic intrusive
1726,A-ANyz-xogl-amy,"Youanmi Igneous Complex, upper zone",Leucogabbro interlayered with thin magnetitite horizons on a 50 cm scale; metamorphosed,"leucogabbro,magnetitite",168308.70175680186,,Youanmi Igneous Complex,"Youanmi Igneous Complex, upper zone",,gabbro,magnetitite,igneous mafic intrusive,igneous ultramafic intrusive
1669,A-BRG-g,Walganna Suite,Monzogranite to syenogranite; undeformed,"monzogranite,syenogranite",177678.70477469606,,,,,,,igneous granitic,
2803,A-BRG-gm,Walganna Suite,"Monzogranite, locally rich in muscovite and biotite; predominantly with equigranular texture and locally K-feldspar phyric; includes deeply weathered rock",monzogranite,10759.609198276961,,,,,monzogranite,,igneous granitic,
3365,A-BRG-gmfe,Walganna Suite,Monzogranite to syenogranite; undeformed; common magmatic foliation,"monzogranite,syenogranite",1145.3153249596328,,,,,monzogranite,,igneous granitic,
1891,A-BRG-gmp,Walganna Suite,K-feldspar-porphyritic to megacrystic monzogranite; common magmatic foliation,monzogranite,17558.414188336697,,,,,monzogranite,,igneous granitic,
1779,A-BRG-gpv,Walganna Suite,Muscovite-rich pegmatite with books of muscovite and quartz?feldspar intergrowths >1 cm; lepidolite and fluorite bearing locally,pegmatite,173082.58719860573,,,,,pegmatite,,igneous granitic,
2029,A-BRG-jgm-mgmu,Walganna Suite,"Monzogranite and porphyritic monzogranite with abundant, decametre-scale xenoliths of monzogranitic gneiss with K-feldspar augen","monzogranite,monzogranite,gneiss",149160.3665786181,,,,,monzogranite,metamonzogranite,igneous granitic,meta-igneous felsic intrusive
3298,A-BRG-jgmp-md,Walganna Suite,"K-feldspar megacrystic monzogranite, typically biotite rich; abundant rafts of metasedimentary siliciclastic rocks, locally with recrystallized quartz","monzogranite,metasedimentary,siliciclastic",164223.26782764308,,,,,monzogranite,metasiliciclastic rock,igneous granitic,metasedimentary siliciclastic
1445,A-BRG-xgm-gp,Walganna Suite,"Monzogranite, typically muscovite and biotite rich with abundant pegmatite veins","monzogranite,pegmatite",160678.42812569163,,,,,monzogranite,pegmatite,igneous granitic,igneous granitic
1671,A-BRG-xgmfp-gmal,Walganna Suite,"K-feldspar porphyritic, flow-banded monzogranite intruded by undeformed fine-grained monzogranite with common magmatic foliation","monzogranite,monzogranite",183575.90495067163,,,,,monzogranite,monzogranite,igneous granitic,igneous granitic
3553,A-BRco-gm,Cootharra Monzogranite,Medium- to coarse-grained monzogranite; undeformed; locally muscovite-rich,monzogranite,212262.8834606036,,Cootharra Monzogranite,,,monzogranite,,igneous granitic,
2510,A-BRco-gmv,Cootharra Monzogranite,Muscovite monzogranite; medium to coarse grained; undeformed,monzogranite,248977.9737072682,,Cootharra Monzogranite,,,monzogranite,,igneous granitic,
3307,A-BRse-gme,Seeligson Monzogranite,"Equigranular, coarse-grained, undeformed monzogranite with 4?12 mm grain size; locally with 3 cm long K-feldspar megacrysts; metamorphosed",monzogranite,11984.929715381291,,Seeligson Monzogranite,,,monzogranite,,igneous granitic,
1754,A-BRwa-gm,Walgoo Monzogranite,"Monzogranite, locally rich in muscovite and biotite; predominantly with equigranular texture and locally K-feldspar porphyritic",monzogranite,139388.83107122942,,Walgoo Monzogranite,,,monzogranite,,igneous granitic,
1876,A-BRwa-gmv,Walgoo Monzogranite,Muscovite-bearing monzogranite; medium to coarse grained; marginal facies is pegmatitic and locally fluorite-bearing,monzogranite,128571.47071082462,,Walgoo Monzogranite,,,monzogranite,,igneous granitic,
2030,A-BRwg-gmby,Wangata Monzogranite,"Coarse-grained, undeformed monzogranite with distinctive igneous layering defined by gradational variation in the modal abundance of biotite and K-feldspar (0.5 to 3 m scale); K-feldspar up to 30 mm long; metamorphosed",monzogranite,142370.46617181398,,Wangata Monzogranite,,,monzogranite,,igneous granitic,
309,A-GLr-mhs,Ryansville Formation,Schistose pelite and psammite; local biotite porphyroblasts and minor bands of felsic volcaniclastic rock,"pelite,psammite,volcaniclastic",162653.0791253977,Glen Group,Ryansville Formation,,,psammitic and pelitic schist; interlayered,,metasedimentary siliciclastic: psammite and pelite; interlayered,
313,A-GLr-scc,Ryansville Formation,Chert pebble to boulder conglomerate; generally well sorted; weakly metamorphosed,"chert,conglomerate",162814.14071668134,Glen Group,Ryansville Formation,,,conglomerate,,sedimentary siliciclastic,
1212,A-GLw-mus,Wattagee Formation,Ultramafic schist; commonly deeply weathered,"schist,ultramafic",167480.2507758377,Glen Group,Wattagee Formation,,,ultramafic schist; volcanic or undivided,,meta-igneous ultramafic volcanic or undivided,
2430,A-MUg-xfr-fd,Gossan Hill Formation,"Felsic volcanic and volcaniclastic rocks, rhyolitic to dacitic in composition; locally with economic massive sulfide mineralization; metamorphosed","volcanic,volcaniclastic",97546.76237851077,,Gossan Hill Formation,,,rhyolite,dacite,igneous felsic volcanic,igneous felsic volcanic
2527,A-MUgg-xfc-zs,Golden Grove Member,"Rhyodacite, dacite and laminated felsic volcaniclastic rocks; host to economic massive sulfide horizons; metamorphosed","rhyodacite,dacite,volcaniclastic",57569.37855425245,,Gossan Hill Formation,Golden Grove Member,,rhyodacite,massive sulfide,igneous felsic volcanic,hydrothermal
2564,A-MUgm-bb,Minjar Member,"Basalt, commonly with 1?2 mm plagioclase phenocrysts; locally abundant amygdaloidal basalt and minor basaltic andesite; metamorphosed","basalt,andesite,basalt",56740.34313016625,,Gossan Hill Formation,Minjar Member,,basalt,,igneous mafic volcanic,
2558,A-MUgm-xf-s,Minjar Member,Felsic volcaniclastic rocks and fine-grained siliciclastic sedimentary rocks; minor amygdaloidal basalt; metamorphosed,"siliciclastic,volcaniclastic,basalt",56643.29975635337,,Gossan Hill Formation,Minjar Member,,,,igneous felsic volcanic,sedimentary siliciclastic
2579,A-MUgu-fdp,Scuddles Member,Porphyritic dacite with lesser rhyodacite and felsic volcaniclastic units; locally with economic sulfide mineralization; metamorphosed,"dacite,rhyodacite,volcaniclastic",57704.564306661014,,Gossan Hill Formation,Scuddles Member,,dacite,,igneous felsic volcanic,
2526,A-MUgv-fr,Gossan Valley Member,Quartz-porphyritic rhyolite and felsic volcaniclastic rocks; metamorphosed,"rhyolite,volcaniclastic",57976.56688601774,,Gossan Hill Formation,Gossan Valley Member,,rhyolite,,igneous felsic volcanic,
2117,A-NO-bb,Norie Group,Basalt and minor basaltic andesite; locally pillowed and/or vesicular; massive to weakly foliated; locally strongly sheared and metamorphosed,"andesite,basalt",112949.29633793858,Norie Group,,,,basalt,,igneous mafic volcanic,
2119,A-NO-bbd,Norie Group,Pillowed and spherulitic basalt; spherules locally abundant and up to 15 mm in diameter; metamorphosed,basalt,111660.47515496032,Norie Group,,,,basalt,,igneous mafic volcanic,
2101,A-NO-bbg,Norie Group,"Amygdaloidal basalt with 3?10 mm, quartz-filled amygdales; locally variolitic; flows typically 5 m thick; minor pillow lava; grades into amphibolitic metabasalt; metamorphosed","basalt,metabasalt",140496.19774397725,Norie Group,,,,basalt,,igneous mafic volcanic,
2102,A-NO-bs,Norie Group,"Pyroxene spinifex-textured basalt with 4?20 mm, acicular crystals in a devitrified matrix; locally grading into mafic?ultramafic schist; metamorphosed","basalt,mafic?ultramafic,schist",137072.00552995768,Norie Group,,,,pyroxene spinifex-textured basalt,,igneous mafic volcanic,
2123,A-NO-fd,Norie Group,Dacitic volcanic rock as thin horizons; metamorphosed,volcanic,124620.60322300743,Norie Group,,,,dacite,,igneous felsic volcanic,
3035,A-NO-frt,Norie Group,Moderately well-bedded volcaniclastic sandstone to siltstone of rhyolitic to dacitic affinity; metamorphosed,"sandstone,siltstone,volcaniclastic",40226.36740884155,Norie Group,,,,rhyolite,,igneous felsic volcanic,
3527,A-NO-mba,Norie Group,Amphibolite and local metabasalt; fine to medium grained; typically foliated and lineated,"amphibolite,metabasalt",100053.95661270994,Norie Group,,,,amphibolite derived from volcanic rock,,meta-igneous mafic volcanic,
3546,A-NO-mbs,Norie Group,Mafic schist derived from volcanic rock; locally preserved relict pyroxene-spinifex texture,"mafic,schist,volcanic",102636.14233233455,Norie Group,,,,mafic schist derived from volcanic rock,,meta-igneous mafic volcanic,
3600,A-NO-mcb,Norie Group,Metamorphosed banded chert; locally with ferruginous horizons; locally schistose,chert,39543.30158788361,Norie Group,,,,meta-banded chert,,metasedimentary other chemical,
3032,A-NO-md,Norie Group,"Metasedimentary rock, undivided; includes metamorphosed sandstone, siltstone, shale, and chert; locally abundant banded chert; commonly deeply weathered","chert,chert,sandstone,shale,siltstone",34608.498547939314,Norie Group,,,,metasiliciclastic rock,,metasedimentary siliciclastic,
2938,A-NO-mib,Norie Group,Metamorphosed banded iron-formation locally with recrystallized quartz and magnetite; typically moderately deformed,iron-formation,12197.225419899589,Norie Group,,,,meta-banded iron formation,,metasedimentary other chemical: meta-iron formation,
2810,A-NO-mtq,Norie Group,Quartzite; medium grained; commonly foliated; local relict bedding,quartzite,43706.68158350279,Norie Group,,,,quartzite,,metasedimentary siliciclastic: psammite,
2134,A-NO-mts,Norie Group,Psammitic schist; local pelite interlayers and relict bedding; locally strongly deformed,"schist,pelite",135715.3703550463,Norie Group,,,,psammitic schist,,metasedimentary siliciclastic: psammite,
1552,A-NO-musr,Norie Group,"Tremolite-rich ultramafic schist; locally interlayered with pyroxene spinifex-textured metabasalt, metadolerite, or mafic schist; typically sheared","schist,ultramafic,mafic,metabasalt,metadolerite,schist",100210.36384727797,Norie Group,,,,ultramafic schist; volcanic or undivided,,meta-igneous ultramafic volcanic or undivided,
2100,A-NO-mws,Norie Group,Mafic schist with abundant chlorite and actinolite; local amphibolite,"mafic,schist,amphibolite",135372.4980064474,Norie Group,,,,mafic schist,,meta-igneous mafic,
2136,A-NO-sn,Norie Group,"Undivided sedimentary rock, typically deeply weathered; metamorphosed",sedimentary-rock,122971.46010684826,Norie Group,,,,siliciclastic rock; undivided,,sedimentary siliciclastic,
2347,A-NO-xbk-mus,Norie Group,Komatiitic basalt with local pyroxene-spinifex texture interlayered with ultramafic schist derived from volcanic rocks; metamorphosed,"basalt,schist,ultramafic,volcanic",156112.46233477304,Norie Group,,,,komatiitic basalt,ultramafic schist; volcanic or undivided,igneous mafic volcanic,meta-igneous ultramafic volcanic or undivided
3013,A-NO-xmb-f,Norie Group,"Metabasalt, felsic volcaniclastic rocks, and banded iron-formation; strongly to weakly metamorphosed","metabasalt,iron-formation,volcaniclastic",41442.33526578611,Norie Group,,,,metamafic volcanic rock,,meta-igneous mafic volcanic,igneous felsic volcanic
1566,A-NO-xmbb-md,Norie Group,Metabasalt interlayered with dominantly psammitic sedimentary rocks; locally chlorite-rich and strongly sheared,metabasalt,110985.39935784707,Norie Group,,,,metabasalt,metasiliciclastic rock,meta-igneous mafic volcanic,metasedimentary siliciclastic
1950,A-NOs-bb,Singleton Formation,"Basalt, locally pillowed; thin hyaloclastite or siltstone horizons; metamorphosed","basalt,hyaloclastite,siltstone",5553.2030239049345,Norie Group,Singleton Formation,,,basalt,,igneous mafic volcanic,
3350,A-NOs-bbo,Singleton Formation,Pillowed basalt; includes layers of black siltstone; metamorphosed,"basalt,siltstone",7996.240382881664,Norie Group,Singleton Formation,,,basalt,,igneous mafic volcanic,
1948,A-NOs-bs,Singleton Formation,Pyroxene spinifex-textured basalt; metamorphosed,basalt,9251.34150897241,Norie Group,Singleton Formation,,,pyroxene spinifex-textured basalt,,igneous mafic volcanic,
595,A-NOs-mb,Singleton Formation,Metamorphosed basalt and komatiitic basalt,"basalt,basalt",174882.49074644595,Norie Group,Singleton Formation,,,metamafic volcanic rock,,meta-igneous mafic volcanic,
2998,A-NOs-mbb,Singleton Formation,Metabasalt,metabasalt,6259.776287645096,Norie Group,Singleton Formation,,,metabasalt,,meta-igneous mafic volcanic,
364,A-NOs-mbbs,Singleton Formation,Strongly foliated metabasalt and local amphibolite,"amphibolite,metabasalt",163550.80918943934,Norie Group,Singleton Formation,,,metabasalt,,meta-igneous mafic volcanic,
3505,A-NOs-mbms,Singleton Formation,Metamorphosed komatiitic basalt; schistose; pyroxene-spinifex texture locally preserved,basalt,167328.54376499364,Norie Group,Singleton Formation,,,metakomatiitic basalt,,meta-igneous mafic volcanic,
363,A-NOs-mhs,Singleton Formation,Psammitic and pelitic schist interlayered on a metre to decametre scale; locally strongly sheared,schist,168888.2379709783,Norie Group,Singleton Formation,,,psammitic and pelitic schist; interlayered,,metasedimentary siliciclastic: psammite and pelite; interlayered,
2453,A-NOs-mu,Singleton Formation,"Metamorphosed ultramafic rock, undivided; typically deeply weathered",ultramafic,11333.920655433227,Norie Group,Singleton Formation,,,meta-ultramafic rock,,meta-igneous ultramafic volcanic or undivided,
3040,A-NOs-mup,Singleton Formation,Serpentinized metaperidotite; massive to foliated,metaperidotite,13361.855585812593,Norie Group,Singleton Formation,,,metaperidotite derived from volcanic rock,,meta-igneous ultramafic volcanic or undivided,
2902,A-NOs-xbbo-bbx,Singleton Formation,Interlayered pillow lava and hyaloclastite; locally abundant siltstone; metamorphosed,"hyaloclastite,siltstone",6421.148174770779,Norie Group,Singleton Formation,,,basalt,basalt,igneous mafic volcanic,igneous mafic volcanic
3045,A-NOs-xbs-mup,Singleton Formation,Pyroxene spinifex-textured basalt with metaperidotite; platy pyroxene spinifex up to 80 mm; olivine or pyroxene cumulates up to 150 m thick are typically serpentinized or tremolite rich,"basalt,metaperidotite",45325.762866907426,Norie Group,Singleton Formation,,,pyroxene spinifex-textured basalt,metaperidotite derived from volcanic rock,igneous mafic volcanic,meta-igneous ultramafic volcanic or undivided
1561,A-NOy-cib,Yaloginda Formation,Banded iron-formation and ferruginous banded chert; metamorphosed,"chert,iron-formation",124123.30367921178,Norie Group,Yaloginda Formation,,,iron formation,,sedimentary other chemical or biochemical,
3440,A-NOy-fd,Yaloginda Formation,Dacite; locally with abundant feldspar and subordinate quartz phenocrysts; locally rhyolitic and/or tuffaceous; metamorphosed,dacite,116265.42581167322,Norie Group,Yaloginda Formation,,,dacite,,igneous felsic volcanic,
1530,A-NOy-fr,Yaloginda Formation,Rhyolite and rhyolitic volcaniclastic rocks; fine to medium grained; massive to crudely bedded; metamorphosed,"rhyolite,volcaniclastic",118251.21323489638,Norie Group,Yaloginda Formation,,,rhyolite,,igneous felsic volcanic,
3529,A-NOy-jmts-mgs,Yaloginda Formation,Abundant rafts of psammitic schist in granitic schist,"granitic,schist,schist",112311.99834255091,Norie Group,Yaloginda Formation,,,psammitic schist,granitic schist,metasedimentary siliciclastic: psammite,meta-igneous felsic intrusive
1549,A-NOy-md,Yaloginda Formation,Metasiliciclastic rocks,metasiliciclastic,105330.8664658756,Norie Group,Yaloginda Formation,,,metasiliciclastic rock,,metasedimentary siliciclastic,
1645,A-NOy-mfa,Yaloginda Formation,Metamorphosed andesitic and dacitic volcanic and volcaniclastic rocks; local basaltic horizons,"volcanic,volcaniclastic",100733.81918554158,Norie Group,Yaloginda Formation,,,meta-andesite,,meta-igneous felsic volcanic,
1244,A-NOy-mfs,Yaloginda Formation,Felsic schist derived from volcanic rock; locally strongly sheared,"schist,volcanic",109897.51764675298,Norie Group,Yaloginda Formation,,,felsic schist derived from volcanic rock,,meta-igneous felsic volcanic,
1213,A-NOy-mhs,Yaloginda Formation,Psammitic and pelitic schist interlayered on a metre to decametre scale; locally strongly sheared,schist,101817.40662182258,Norie Group,Yaloginda Formation,,,psammitic and pelitic schist; interlayered,,metasedimentary siliciclastic: psammite and pelite; interlayered,
1594,A-NOy-mib,Yaloginda Formation,"Metamorphosed banded iron-formation; typically with coarse, granular, and recrystallized magnetite crystals; foliated",iron-formation,112746.42854855298,Norie Group,Yaloginda Formation,,,meta-banded iron formation,,metasedimentary other chemical: meta-iron formation,
1408,A-NOy-ml,Yaloginda Formation,"Pelite, locally strongly sheared",pelite,117195.7222852191,Norie Group,Yaloginda Formation,,,metasiltstone/metamudstone/metashale,,metasedimentary siliciclastic: pelite,
3517,A-NOy-mrs,Yaloginda Formation,Felsic schist; locally strongly sheared,schist,164450.509103276,Norie Group,Yaloginda Formation,,,felsic schist,,meta-igneous felsic,
1514,A-NOy-mtq,Yaloginda Formation,Quartzite; locally interlayered with psammitic schist,"quartzite,schist",106398.47451495021,Norie Group,Yaloginda Formation,,,quartzite,,metasedimentary siliciclastic: psammite,
1214,A-NOy-mts,Yaloginda Formation,Psammitic schist; locally grading into pelitic schist or quartzite; includes cordierite-porphyroblastic metasedimentary rocks as xenoliths; locally strongly sheared,"schist,quartzite,schist",102834.66605425802,Norie Group,Yaloginda Formation,,,psammitic schist,,metasedimentary siliciclastic: psammite,
2338,A-NOy-xf-cib,Yaloginda Formation,Felsic volcaniclastic rocks and banded iron-formation; local quartzite and felsic schist; widely intruded by layered gabbroic to peridotitic sills; metamorphosed,"iron-formation,volcaniclastic,quartzite,schist",163224.59308606148,Norie Group,Yaloginda Formation,,,,iron formation,igneous felsic volcanic,sedimentary other chemical or biochemical
1663,A-NOyg-fdp,Youangarra Volcanics Member,Porphyritic dacite with abundant feldspar and subordinate quartz phenocrysts; metamorphosed,dacite,180041.80947787812,Norie Group,Yaloginda Formation,Youangarra Volcanics Member,,dacite,,igneous felsic volcanic,
1661,A-NOyg-mbs,Youangarra Volcanics Member,Mafic schist derived from volcanic rock; locally strongly sheared,"mafic,schist,volcanic",175584.43578360358,Norie Group,Yaloginda Formation,Youangarra Volcanics Member,,mafic schist derived from volcanic rock,,meta-igneous mafic volcanic,
1693,A-NOyg-mtqs,Youangarra Volcanics Member,Quartzitic schist; locally interlayered with psammitic schist; locally strongly sheared,"schist,schist",165189.6567335916,Norie Group,Yaloginda Formation,Youangarra Volcanics Member,,quartzite,,metasedimentary siliciclastic: psammite,
1660,A-NOyg-xfa-mbs,Youangarra Volcanics Member,Andesitic lava flows; locally schistose; interbedded with mafic schist; metamorphosed,"mafic,schist",174758.76728247583,Norie Group,Yaloginda Formation,Youangarra Volcanics Member,,andesite,mafic schist derived from volcanic rock,igneous felsic volcanic,meta-igneous mafic volcanic
1790,A-NOyg-xmbs-mfs,Youangarra Volcanics Member,"Mafic schist, interlayered on a decametre-scale with felsic schist; metamorphosed","mafic,schist,schist",174746.70352745644,Norie Group,Yaloginda Formation,Youangarra Volcanics Member,,mafic schist derived from volcanic rock,felsic schist derived from volcanic rock,meta-igneous mafic volcanic,meta-igneous felsic volcanic
3346,A-NOyg-xmcb-mt,Youangarra Volcanics Member,Metamorphosed banded chert interlayered with psammitic rocks and minor felsic schist and metavolcaniclastic rocks,"chert,metavolcaniclastic,schist",168637.81259740426,Norie Group,Yaloginda Formation,Youangarra Volcanics Member,,meta-banded chert,metasandstone,metasedimentary other chemical,metasedimentary siliciclastic: psammite
2439,A-NOyg-xmd-mfs,Youangarra Volcanics Member,Metamorphosed siliciclastic rocks interlayered with felsic schist; local dacitic lava to volcaniclastic rocks; minor metachert and metamorphosed banded iron-formation; locally strongly sheared,"schist,siliciclastic,iron-formation,metachert,volcaniclastic",165024.12156657415,Norie Group,Yaloginda Formation,Youangarra Volcanics Member,,metasiliciclastic rock,felsic schist derived from volcanic rock,metasedimentary siliciclastic,meta-igneous felsic volcanic
1321,A-NOyk-frp,Kantie Murdana Volcanics Member,Quartz?feldspar porphyritic rhyolite; weak to schistose foliation; metamorphosed,rhyolite,179931.41736976086,Norie Group,Yaloginda Formation,Kantie Murdana Volcanics Member,,rhyolite,,igneous felsic volcanic,
2503,A-NOyk-frt,Kantie Murdana Volcanics Member,Felsic tuff and tuffaceous rock; finely banded; fine to medium grained; locally crystal-rich; includes coherent rhyolite to dacite with quartz and feldspar phenocrysts; metamorphosed; variably foliated,"tuff,dacite,rhyolite",188610.77982190938,Norie Group,Yaloginda Formation,Kantie Murdana Volcanics Member,,rhyolite,,igneous felsic volcanic,
3448,A-NOyk-mfe,Kantie Murdana Volcanics Member,"Recrystallized, equigranular felsic volcanic and sedimentary rocks with 1?5 mm grain size",volcanic,178175.78672886032,Norie Group,Yaloginda Formation,Kantie Murdana Volcanics Member,,felsic granofels/hornfels derived from volcanic rock,,meta-igneous felsic volcanic,
987,A-NOyk-mhsr,Kantie Murdana Volcanics Member,Psammitic and pelitic schist with abundant cordierite poikiloblasts up to 15 mm in diameter,schist,208254.39518697505,Norie Group,Yaloginda Formation,Kantie Murdana Volcanics Member,,psammitic and pelitic schist; interlayered,,metasedimentary siliciclastic: psammite and pelite; interlayered,
1696,A-NOyy-fdp,Yuinmery Volcanics Member,Porphyritic dacite with abundant feldspar and subordinate quartz phenocrysts; locally with rhyolitic and/or tuffaceous horizons; metamorphosed,dacite,193353.6819068122,Norie Group,Yaloginda Formation,Yuinmery Volcanics Member,,dacite,,igneous felsic volcanic,
1789,A-NOyy-mbs,Yuinmery Volcanics Member,Mafic schist derived from volcanic rock; locally strongly sheared,"mafic,schist,volcanic",195514.00493021094,Norie Group,Yaloginda Formation,Yuinmery Volcanics Member,,mafic schist derived from volcanic rock,,meta-igneous mafic volcanic,
3347,A-NOyy-mfs,Yuinmery Volcanics Member,Felsic schist and rhyolitic schist; locally strongly sheared,"schist,schist",195055.85918978867,Norie Group,Yaloginda Formation,Yuinmery Volcanics Member,,felsic schist derived from volcanic rock,,meta-igneous felsic volcanic,
3451,A-NOyy-xmfs-mib,Yuinmery Volcanics Member,"Felsic schist with local dacite?rhyolite lava, interlayered with metamorphosed banded iron-formation; locally strongly sheared","dacite?rhyolite,schist,iron-formation",193793.65796761704,Norie Group,Yaloginda Formation,Yuinmery Volcanics Member,,felsic schist derived from volcanic rock,meta-banded iron formation,meta-igneous felsic volcanic,metasedimentary other chemical: meta-iron formation
2808,A-PO-bb,Polelle Group,Fine- to very fine-grained basalt; locally moderately foliated; metamorphosed,basalt,45149.76092976566,Polelle Group,,,,basalt,,igneous mafic volcanic,
3567,A-PO-bs,Polelle Group,Spinifex-textured basalt with acicular pyroxene crystals up to 30 mm; local aphyric basalt; metamorphosed,"basalt,basalt",49095.34579255471,Polelle Group,,,,pyroxene spinifex-textured basalt,,igneous mafic volcanic,
2801,A-PO-fa,Polelle Group,Andesitic volcanic rock; minor dacite; local volcanic breccia to sandstone; includes minor tuffaceous rhyolite and schistose equivalents; metamorphosed,"volcanic,dacite,rhyolite,sandstone,volcanic",42984.69810435076,Polelle Group,,,,andesite,,igneous felsic volcanic,
3561,A-PO-mbs,Polelle Group,Mafic schist with minor ultramafic schist; typically actinolite?tremolite?chlorite; locally strongly sheared,"mafic,schist,schist,ultramafic",47823.52845286975,Polelle Group,,,,mafic schist derived from volcanic rock,,meta-igneous mafic volcanic,
2524,A-PO-mib,Polelle Group,Metamorphosed banded iron-formation and minor banded chert; typical granular texture with magnetite and quartz grains 0.5 to 1.5 mm in size,"chert,iron-formation",52193.54819205388,Polelle Group,,,,meta-banded iron formation,,metasedimentary other chemical: meta-iron formation,
2163,A-PO-xmb-mf,Polelle Group,Metabasalt and felsic metavolcanic rock; strongly foliated to schistose,"metabasalt,metavolcanic",132221.00896318644,Polelle Group,,,,metamafic volcanic rock,metafelsic volcanic rock,meta-igneous mafic volcanic,meta-igneous felsic volcanic
1902,A-POc-mlsg,Coodardy Pool Formation,Garnet?mica schist with 2?5 mm euhedral garnets; commonly altered,schist,28356.101020126313,Polelle Group,Coodardy Pool Formation,,,pelitic schist,,metasedimentary siliciclastic: pelite,
3236,A-POg-fr,Greensleeves Formation,Rhyolite and rhyolitic volcaniclastic rocks; massive to coarsely fragmental; quartz phyric; locally foliated; weakly metamorphosed,"rhyolite,volcaniclastic",178478.39964481347,Polelle Group,Greensleeves Formation,,,rhyolite,,igneous felsic volcanic,
3204,A-POg-mfds,Greensleeves Formation,Dacitic schist; locally feldspar(?quartz) porphyritic; rare graded bedding,schist,174331.33874247564,Polelle Group,Greensleeves Formation,,,metadacite,,meta-igneous felsic volcanic,
3234,A-POg-mfs,Greensleeves Formation,Felsic schist derived from volcanic rock; commonly deeply weathered,"schist,volcanic",183556.72744515524,Polelle Group,Greensleeves Formation,,,felsic schist derived from volcanic rock,,meta-igneous felsic volcanic,
3360,A-POg-mhs,Greensleeves Formation,Schistose pelite and psammite; locally contains biotite porphyroblasts,"pelite,psammite",171608.28485980965,Polelle Group,Greensleeves Formation,,,psammitic and pelitic schist; interlayered,,metasedimentary siliciclastic: psammite and pelite; interlayered,
2921,A-POm-bb,Meekatharra Formation,Basalt; massive to weakly foliated; locally pillowed and/or vesicular; metamorphosed,basalt,27174.335472747647,Polelle Group,Meekatharra Formation,,,basalt,,igneous mafic volcanic,
2175,A-POm-bbd,Meekatharra Formation,Variolitic basalt; locally pillowed with a fine-grained groundmass; varioles typically comprise up to 90% of rock; metamorphosed,basalt,29252.894812425777,Polelle Group,Meekatharra Formation,,,basalt,,igneous mafic volcanic,
3002,A-POm-bbg,Meekatharra Formation,Amygdaloidal basalt with quartz-filled vesicles; typically massive groundmass; rare hyaloclastite or plagioclase-porphyritic texture; locally strongly lineated; metamorphosed,"basalt,hyaloclastite",30226.060803141918,Polelle Group,Meekatharra Formation,,,basalt,,igneous mafic volcanic,
2991,A-POm-bbo,Meekatharra Formation,Pillowed basalt; local hyaloclastite; fractured to foliated; weakly metamorphosed,"basalt,hyaloclastite",32060.72890998075,Polelle Group,Meekatharra Formation,,,basalt,,igneous mafic volcanic,
2139,A-POm-bk,Meekatharra Formation,"Komatiitic basalt, typically with platy pyroxene spinifex textures; locally pillowed and/or variolitic; fractured to locally foliated; weakly metamorphosed",basalt,124354.71599107713,Polelle Group,Meekatharra Formation,,,komatiitic basalt,,igneous mafic volcanic,
2825,A-POm-bs,Meekatharra Formation,Pyroxene spinifex-textured basalt and minor basalt; locally variolitic; interlayered with thin sills of granophyric to coarse-grained leucogabbro; metamorphosed,"basalt,basalt,leucogabbro",29326.603714950375,Polelle Group,Meekatharra Formation,,,pyroxene spinifex-textured basalt,,igneous mafic volcanic,
3384,A-POm-mbas,Meekatharra Formation,Amphibolite schist derived from basalt; fine to medium grained; commonly also lineated,"amphibolite,basalt,schist",169833.75677194295,Polelle Group,Meekatharra Formation,,,amphibolite derived from volcanic rock,,meta-igneous mafic volcanic,
3223,A-POm-mbb,Meekatharra Formation,Metabasalt; generally fine grained and massive; locally pillowed and/or vesicular,metabasalt,176917.04083424804,Polelle Group,Meekatharra Formation,,,metabasalt,,meta-igneous mafic volcanic,
379,A-POm-mbba,Meekatharra Formation,Amphibolite derived from basalt; massive to foliated and/or lineated,"amphibolite,basalt",168276.49735182745,Polelle Group,Meekatharra Formation,,,metabasalt,,meta-igneous mafic volcanic,
3410,A-POm-mbm,Meekatharra Formation,"Metamorphosed komatiitic basalt; massive to pillowed with local hyaloclastite; with fracture cleavage, or foliated","basalt,hyaloclastite",183449.96564455153,Polelle Group,Meekatharra Formation,,,metakomatiitic basalt,,meta-igneous mafic volcanic,
317,A-POm-mbms,Meekatharra Formation,Fine-grained ultramafic schist derived from komatiitic basalt; local talc?carbonate rock; commonly deeply weathered,"basalt,schist,ultramafic",154875.93266271037,Polelle Group,Meekatharra Formation,,,metakomatiitic basalt,,meta-igneous mafic volcanic,
3478,A-POm-mbs,Meekatharra Formation,"Foliated metamorphosed mafic rock; mainly chlorite?tremolite schist and fine-grained amphibolite with minor, foliated metagranite intercalations; locally relict pyroxene spinifex-texture preserved","mafic,amphibolite,metagranite,schist",122893.97121080478,Polelle Group,Meekatharra Formation,,,mafic schist derived from volcanic rock,,meta-igneous mafic volcanic,
874,A-POm-mhs,Meekatharra Formation,"Schistose pelite and psammite, with local biotite porphyroblasts","pelite,psammite",172840.58934319383,Polelle Group,Meekatharra Formation,,,psammitic and pelitic schist; interlayered,,metasedimentary siliciclastic: psammite and pelite; interlayered,
3003,A-POm-mib,Meekatharra Formation,Metamorphosed banded iron-formation and banded chert; locally strongly deformed,"chert,iron-formation",29743.513852847795,Polelle Group,Meekatharra Formation,,,meta-banded iron formation,,metasedimentary other chemical: meta-iron formation,
2138,A-POm-mu,Meekatharra Formation,Metamorphosed ultramafic rock; local peridotite with relict olivine and/or pyroxene cumulate textures,"ultramafic,peridotite",139399.8297658288,Polelle Group,Meekatharra Formation,,,meta-ultramafic rock,,meta-igneous ultramafic volcanic or undivided,
559,A-POm-mukt,Meekatharra Formation,Talc?carbonate(?chlorite?serpentine) schist derived from komatiitic rock; commonly deeply weathered and lateritized,schist,173446.00582671943,Polelle Group,Meekatharra Formation,,,metakomatiite,,meta-igneous ultramafic volcanic or undivided,
2454,A-POm-musr,Meekatharra Formation,Tremolite?chlorite(?talc) schist,schist,33805.38525572658,Polelle Group,Meekatharra Formation,,,ultramafic schist; volcanic or undivided,,meta-igneous ultramafic volcanic or undivided,
2408,A-POw-fn,Wilgie Mia Formation,"Felsic volcanic and volcaniclastic rocks, undivided; metamorphosed; commonly deeply weathered and kaolinized","volcanic,volcaniclastic",118863.18477806872,Polelle Group,Wilgie Mia Formation,,,felsic volcanic rock; undivided,,igneous felsic volcanic,
2410,A-POw-mhs,Wilgie Mia Formation,Schistose pelite and psammite with local biotite porphyroblasts,"pelite,psammite",158427.9448110347,Polelle Group,Wilgie Mia Formation,,,psammitic and pelitic schist; interlayered,,metasedimentary siliciclastic: psammite and pelite; interlayered,
2401,A-POw-mib,Wilgie Mia Formation,"Foliated metamorphosed banded iron-formation; commonly with coarse, granular, and recrystallized magnetite crystals",iron-formation,129459.1068286131,Polelle Group,Wilgie Mia Formation,,,meta-banded iron formation,,metasedimentary other chemical: meta-iron formation,
2,A-SDB-gmal,Big Bell Suite,"Fine-grained leucocratic monzogranite; porphyritic to equigranular, locally schistose; also commonly as dykes in greenstones",monzogranite,123878.9580465152,,,,,monzogranite,,igneous granitic,
2809,A-SDB-gmfe,Big Bell Suite,Equigranular monzogranite to syenogranite; common magmatic foliation and schlieren layering,"monzogranite,syenogranite",44806.02955008565,,,,,monzogranite,,igneous granitic,
2821,A-SDB-gmp,Big Bell Suite,K-feldspar porphyritic monzogranite; common magmatic foliation,monzogranite,33289.62148589812,,,,,monzogranite,,igneous granitic,
2568,A-SDB-jmg-mgti,Big Bell Suite,Granitic gneiss with rafts of migmatitic tonalite,"gneiss,granitic,tonalite",54568.066687023,,,,,metagranitic rock,metatonalite,meta-igneous felsic intrusive,meta-igneous felsic intrusive
2529,A-SDB-jmg-mwas,Big Bell Suite,"Metamonzogranite to metatonalite with locally abundant rafts of amphibolite, decametres to hectometres in length; commonly foliated","amphibolite,metamonzogranite,metatonalite",57861.50361500089,,,,,metagranitic rock,amphibolite,meta-igneous felsic intrusive,meta-igneous mafic
3280,A-SDB-mg,Big Bell Suite,Metagranite; commonly foliated; includes granodiorite to monzogranite,"metagranite,granodiorite,monzogranite",156225.8940509818,,,,,metagranitic rock,,meta-igneous felsic intrusive,
3555,A-SDB-mgg,Big Bell Suite,Metagranodiorite; locally schlieric and gneissic; locally strongly sheared,metagranodiorite,94971.00693803586,,,,,metagranodiorite,,meta-igneous felsic intrusive,
306,A-SDB-mgml,Big Bell Suite,Foliated leucocratic metamonzogranite,metamonzogranite,116471.97765583658,,,,,metamonzogranite,,meta-igneous felsic intrusive,
3258,A-SDB-mgmm,Big Bell Suite,Muscovite metamonzogranite; foliated,metamonzogranite,185102.96400396115,,,,,metamonzogranite,,meta-igneous felsic intrusive,
3495,A-SDB-mgmn,Big Bell Suite,Gneissic metamonzogranite,metamonzogranite,117024.39486617435,,,,,metamonzogranite,,meta-igneous felsic intrusive,
3496,A-SDB-mgms,Big Bell Suite,"Medium-grained metamonzogranite, locally porphyritic; schistose to gneissic",metamonzogranite,111628.97071823283,,,,,metamonzogranite,,meta-igneous felsic intrusive,
3564,A-SDB-mgmu,Big Bell Suite,K-feldspar megacrystic biotite metamonzogranite; strongly foliated,metamonzogranite,73309.99545096574,,,,,metamonzogranite,,meta-igneous felsic intrusive,
525,A-SDB-xgmp-gmal,Big Bell Suite,"K-feldspar megacrystic, flow-banded monzogranite intruded by undeformed fine-grained granite with common magmatic foliation","granite,monzogranite",167075.4103230559,,,,,monzogranite,monzogranite,igneous granitic,igneous granitic
291,A-SDY-ap,Yalgowra Suite,"Peridotite, fine to medium grained; serpentinized and locally foliated",peridotite,120135.76504655866,,,,,pyroxene peridotite,,igneous ultramafic intrusive,
3221,A-SDY-ax,Yalgowra Suite,Pyroxenite; medium to coarse grained; weakly metamorphosed,pyroxenite,176656.34402029292,,,,,pyroxenite (intrusive),,igneous ultramafic intrusive,
3226,A-SDY-masr,Yalgowra Suite,Tremolite?chlorite(?talc) schist derived from intrusive peridotite,"peridotite,schist",189608.22662277706,,,,,ultramafic schist derived from intrusive rock,,meta-igneous ultramafic intrusive,
3215,A-SDY-od,Yalgowra Suite,"Dolerite; massive, locally weakly foliated; metamorphosed",dolerite,172640.69678943773,,,,,dolerite,,igneous mafic intrusive,
288,A-SDY-og,Yalgowra Suite,"Gabbro; massive to weakly foliated; local dolerite, quartz gabbro, and gabbronorite; weakly metamorphosed","gabbro,dolerite,gabbro,gabbronorite",120196.68951731188,,,,,gabbro,,igneous mafic intrusive,
3235,A-SDY-ogl,Yalgowra Suite,"Leucogabbro, coarse grained; locally with alternating layers of melanocratic and leucocratic gabbro; massive; weakly metamorphosed","leucogabbro,gabbro",183379.0586506696,,,,,gabbro,,igneous mafic intrusive,
3198,A-SDY-oh,Yalgowra Suite,Hornblende gabbro with 4?8 mm grain size; contains up to 30% equant hornblende oikocrysts 6?20 mm in diameter; locally grades into hornblende-bearing melagabbro; metamorphosed,gabbro,182843.42300081172,,,,,hornblende gabbro,,igneous mafic intrusive,
560,A-SDcr-mgg,Crossroads Granodiorite,Metagranodiorite to metamonzogranite; commonly foliated,"metagranodiorite,metamonzogranite",175775.77505535568,,Crossroads Granodiorite,,,metagranodiorite,,meta-igneous felsic intrusive,
1873,A-THdb-mggu,Dromedary Bore Granite,Granodiorite gneiss; locally biotite rich with K-feldspar augen,"gneiss,granodiorite",122576.54416982524,,Dromedary Bore Granite,,,metagranodiorite,,meta-igneous felsic intrusive,
3559,A-THgn-mgg,Gnows Nest Granodiorite,Metamorphosed granodiorite to tonalite with K-feldspar phenocrysts up to 8 mm in 4?6 mm matrix,"granodiorite,tonalite",59091.8755228558,,Gnows Nest Granodiorite,,,metagranodiorite,,meta-igneous felsic intrusive,
2165,A-THgn-mgta,Gnows Nest Granodiorite,Metamorphosed tonalite to granodiorite with hornblende and K-feldspar phenocrysts up to 8 mm in 4?6 mm matrix,"granodiorite,tonalite",103465.12898717592,,Gnows Nest Granodiorite,,,metatonalite,,meta-igneous felsic intrusive,
3547,A-THky-mgti,Kynea Migmatite,Migmatitic gneiss (tonalitic to granodioritic) with monzogranitic leucosomes,gneiss,57777.6339894938,,Kynea Migmatite,,,metatonalite,,meta-igneous felsic intrusive,
380,A-TU-gmal,Tuckanarra Suite,Fine-grained leucocratic monzogranite; massive; magmatic foliation common,monzogranite,135862.060330397,,,,,monzogranite,,igneous granitic,
3027,A-TU-gmap,Tuckanarra Suite,"Quartz- and feldspar-phyric, fine-grained monzogranite; locally foliated",monzogranite,16728.970696385553,,,,,monzogranite,,igneous granitic,
1874,A-TU-jmggn-mba,Tuckanarra Suite,Gneissose metagranodiorite with abundant rafts of amphibolitic metabasalt; locally strongly sheared,"metabasalt,metagranodiorite",89926.81250372963,,,,,metagranodiorite,amphibolite derived from volcanic rock,meta-igneous felsic intrusive,meta-igneous mafic volcanic
1208,A-TU-mg,Tuckanarra Suite,Metamonzogranite to metagranodiorite; commonly foliated,"metagranodiorite,metamonzogranite",122548.63614644151,,,,,metagranitic rock,,meta-igneous felsic intrusive,
1882,A-TU-mgm,Tuckanarra Suite,"Metamonzogranite; medium to coarse grained, K-feldspar phyric; locally foliated to gneissic",metamonzogranite,86274.13041500935,,,,,metamonzogranite,,meta-igneous felsic intrusive,
381,A-TU-mgml,Tuckanarra Suite,"Medium-grained, leucocratic metamonzogranite; foliated",metamonzogranite,133853.9075610113,,,,,metamonzogranite,,meta-igneous felsic intrusive,
2854,A-TU-mgms,Tuckanarra Suite,Biotite metamonzogranite; strongly foliated,metamonzogranite,26752.727074171857,,,,,metamonzogranite,,meta-igneous felsic intrusive,
3271,A-TU-mgmu,Tuckanarra Suite,K-feldspar megacrystic biotite metamonzogranite; strongly foliated,metamonzogranite,13503.840275815513,,,,,metamonzogranite,,meta-igneous felsic intrusive,
3299,A-TU-mgss,Tuckanarra Suite,Strongly sheared and highly schistose metagranite,metagranite,167459.77643299248,,,,,foliated metagranite,,meta-igneous felsic intrusive,
877,A-TUcu-gmal,Cundimurra Monzogranite,"Fine-grained, leucocratic monzogranite; undeformed; magmatic foliation common",monzogranite,192414.02920185414,,Cundimurra Monzogranite,,,monzogranite,,igneous granitic,
3494,A-TUcu-gmfe,Cundimurra Monzogranite,Equigranular monzogranite to syenogranite; undeformed; magmatic foliation common,"monzogranite,syenogranite",173458.06217599433,,Cundimurra Monzogranite,,,monzogranite,,igneous granitic,
1875,A-TUcu-gmfp,Cundimurra Monzogranite,K-feldspar-phyric monzogranite to syenogranite; undeformed; magmatic foliation common,"monzogranite,syenogranite",94597.51126510558,,Cundimurra Monzogranite,,,monzogranite,,igneous granitic,
1877,A-TUcu-mgms,Cundimurra Monzogranite,"Schistose, equigranular metamonzogranite; includes minor schlieric gneiss, sheared quartz veins, and sheared pegmatitic rocks","gneiss,metamonzogranite",96952.37237741394,,Cundimurra Monzogranite,,,metamonzogranite,,meta-igneous felsic intrusive,
3532,A-TUcu-mgmu,Cundimurra Monzogranite,K-feldspar megacrystic biotite metamonzogranite; strongly foliated,metamonzogranite,82365.83399480101,,Cundimurra Monzogranite,,,metamonzogranite,,meta-igneous felsic intrusive,
3491,A-TUcu-mgmy,Cundimurra Monzogranite,Biotite metamonzogranite; mylonitic; commonly with pegmatite veins and other intrusive granitic phases,"metamonzogranite,granitic,pegmatite",161858.73310514705,,Cundimurra Monzogranite,,,metamonzogranite,,meta-igneous felsic intrusive,
2952,A-_ou-bd,Mougooderra Formation,"Basaltic andesite, basalt and andesite; massive to weakly foliated; locally pillowed or vesicular; metamorphosed","andesite,andesite,basalt",33049.72597791386,,Mougooderra Formation,,,basaltic andesite,,igneous mafic volcanic,
2966,A-_ou-f,Mougooderra Formation,"Felsic volcanic, volcaniclastic, and sedimentary rocks, undivided; locally schistose; metamorphosed; commonly deeply weathered","volcanic,volcaniclastic",44794.58759806847,,Mougooderra Formation,,,,,igneous felsic volcanic,
2883,A-_ou-mhs,Mougooderra Formation,"Thinly to thickly interbedded metaconglomerate, metasandstone and metasiltstone; locally with andalusite porphyroblasts; commonly schistose","metaconglomerate,metasandstone,metasiltstone",1381.0620922711366,,Mougooderra Formation,,,psammitic and pelitic schist; interlayered,,metasedimentary siliciclastic: psammite and pelite; interlayered,
1945,A-_ou-mib,Mougooderra Formation,"Metamorphosed banded iron-formation, banded chert and ferruginous siltstone; locally hematite rich; common tight to isoclinal folds","iron-formation,chert,siltstone",133.7920089163966,,Mougooderra Formation,,,meta-banded iron formation,,metasedimentary other chemical: meta-iron formation,
2930,A-_ou-ml,Mougooderra Formation,"Very thin-bedded metasiltstone with lesser metasandstone; andalusite, garnet, cordierite, and orthoamphibole in contact aureoles adjacent to granitic intrusions","metasandstone,metasiltstone,granitic",1259.3692538822609,,Mougooderra Formation,,,metasiltstone/metamudstone/metashale,,metasedimentary siliciclastic: pelite,
1938,A-_ou-mxs,Mougooderra Formation,"Polymictic metaconglomerate in lenses interbedded with metasandstone; clasts of banded chert dominant; local fuchsitic, granitic, andesitic, and vein quartz clasts, and boulder breccias; commonly schistose","metaconglomerate,metasandstone,chert,granitic",539.6304093041265,,Mougooderra Formation,,,psephitic schist,,metasedimentary siliciclastic: psephite,
2043,A-_ou-smb,Mougooderra Formation,"Conglomerate, metamorphosed and strongly foliated; locally contains mafic and granitic clasts","conglomerate,granitic,mafic",115371.89533191008,,Mougooderra Formation,,,conglomerate + other siliciclastic rock,,sedimentary siliciclastic,
2890,A-_ou-xmd-mx,Mougooderra Formation,"Interbedded metasandstone, quartzite, polymictic metaconglomerate and minor metasiltstone; heavy mineral laminae; common andalusite and contact metamorphic aureoles; locally strongly sheared, schistose","metasandstone,metaconglomerate,metasiltstone,quartzite",4607.130001623836,,Mougooderra Formation,,,metasiliciclastic rock,metaconglomerate,metasedimentary siliciclastic,metasedimentary siliciclastic: psephite
1940,A-_ou-xmhs-mib,Mougooderra Formation,"Metasandstone interbedded with polymictic metaconglomerate, metasiltstone and metamorphosed banded iron-formation; minor volcanic units; locally strongly deformed; common andalusite","metaconglomerate,metasandstone,iron-formation,metasiltstone,volcanic",0.0,,Mougooderra Formation,,,psammitic and pelitic schist; interlayered,meta-banded iron formation,metasedimentary siliciclastic: psammite and pelite; interlayered,metasedimentary other chemical: meta-iron formation
527,A-apu-YYO,Youanmi Terrane greenstones,"Peridotite, coarse grained; massive, locally weakly deformed; metamorphosed",peridotite,172410.3771294572,,,,,pyroxene peridotite,,igneous ultramafic intrusive,
2495,A-ax-YYO,Youanmi Terrane greenstones,Pyroxenite; medium to coarse grained; massive to weakly foliated; metamorphosed,pyroxenite,49268.96886849721,,,,,pyroxenite (intrusive),,igneous ultramafic intrusive,
2934,A-bb-YYO,Youanmi Terrane greenstones,"Basalt, metamorphosed; includes some amphibolite and amphibolitic schist derived from tholeiitic basalt; may contain  some metamorphosed high-Mg basalt, and minor mafic intrusive and volcaniclastic sedimentary rocks","basalt,amphibolite,basalt,basalt,mafic,schist,volcaniclastic",5152.232098072209,,,,,basalt,,igneous mafic volcanic,
2057,A-bbd-YYO,Youanmi Terrane greenstones,Pillowed and spherulitic basalt; metamorphosed,basalt,115482.34166019551,,,,,basalt,,igneous mafic volcanic,
2022,A-bbw-YYO,Youanmi Terrane greenstones,Variolitic basalt; locally basalt and/or pyroxene spinifex-textured basalt; metamorphosed,"basalt,basalt,basalt",102025.31606681336,,,,,basalt,,igneous mafic volcanic,
2935,A-bs-YYO,Youanmi Terrane greenstones,"Komatiitic basalt, commonly with pseudomorphed pyroxene-spinifex texture; metamorphosed and locally schistose; includes weakly metamorphosed tholeiitic basalt and minor mafic and ultramafic intrusive rocks","basalt,basalt,mafic,ultramafic",2538.8942116232606,,,,,pyroxene spinifex-textured basalt,,igneous mafic volcanic,
2034,A-cib-YYO,Youanmi Terrane greenstones,Banded iron-formation and ferruginous banded chert; minor jaspilite; metamorphosed,"chert,iron-formation",109555.51508681604,,,,,iron formation,,sedimentary other chemical or biochemical,
1826,A-gn-Y,Yilgarn Craton granites,"Granitic rock, undivided; metamorphosed; includes deeply weathered rock",granitic,123405.85298239789,,,,,granitic rock; undivided,,igneous granitic,
3171,A-gnap-Y,Yilgarn Craton granites,Porphyritic microgranite; metamorphosed; locally schistose; includes deeply weathered rock,microgranite,173141.03537929503,,,,,granitic rock; undivided,,igneous granitic,
2179,A-gvlq-Y,Yilgarn Craton granites,Quartz?plagioclase granophyre; locally strongly foliated; commonly as dykes in greenstones,granophyre,160601.59689820162,,,,,granophyre,,igneous granitic,
1804,A-jmgm-mog-Y,Yilgarn Craton granites,Metamonzogranite with muscovite-rich patches; contains abundant decimetre-sized rafts of amphibolitic metagabbro; locally highly schistose,"metamonzogranite,metagabbro",172355.09205862664,,,,,metamonzogranite,metagabbro,meta-igneous felsic intrusive,meta-igneous mafic intrusive
3026,A-ma-YYO,Youanmi Terrane greenstones,Meta-ultramafic intrusive rock; locally abundant serpentinite,"ultramafic,serpentinite",45421.58123142853,,,,,meta-ultramafic intrusive rock,,meta-igneous ultramafic intrusive,
1943,A-maps-YYO,Youanmi Terrane greenstones,Chlorite?tremolite(?talc) schist derived from peridotite,"peridotite,schist",56959.95905990416,,,,,metaperidotite derived from intrusive rock,,meta-igneous ultramafic intrusive,
2046,A-mba-YYO,Youanmi Terrane greenstones,Amphibolite derived from mafic volcanic rocks; fine to medium grained; typically foliated,"amphibolite,mafic,volcanic",110115.4554641154,,,,,amphibolite derived from volcanic rock,,meta-igneous mafic volcanic,
2936,A-mbb-YYO,Youanmi Terrane greenstones,"Metabasalt, locally amygdaloidal; massive to foliated; includes minor metadolerite and subordinate metamorphosed pyroxene spinifex-textured basalt","metabasalt,basalt,metadolerite",2466.293020694425,,,,,metabasalt,,meta-igneous mafic volcanic,
2499,A-mbs-YYO,Youanmi Terrane greenstones,Mafic schist derived from fine-grained mafic rocks,"mafic,mafic,schist",50286.197060462415,,,,,mafic schist derived from volcanic rock,,meta-igneous mafic volcanic,
323,A-mfs-YYO,Youanmi Terrane greenstones,Quartzofeldspathic foliated metamorphic rock derived from felsic volcanic or volcaniclastic protolith; typically deeply weathered,"volcanic,volcaniclastic",163361.02570292898,,,,,felsic schist derived from volcanic rock,,meta-igneous felsic volcanic,
2967,A-mgms-Y,Yilgarn Craton granites,"Foliated biotite metamonzogranite; minor metagranodiorite, metasyenogranite, and metapegmatite; fine to coarse grained; locally gneissic","metamonzogranite,metagranodiorite,metapegmatite,metasyenogranite",9344.255766246859,,,,,metamonzogranite,,meta-igneous felsic intrusive,
3450,A-mgpm-Y,Yilgarn Craton granites,Muscovite-bearing pegmatitic metagranite; locally strongly sheared with a well developed muscovite fabric,metagranite,189302.30998608624,,,,,metapegmatite,,meta-igneous felsic intrusive,
3544,A-mhs-YYO,Youanmi Terrane greenstones,Interlayered psammite and pelite; schistose,"pelite,psammite",51878.64860720353,,,,,psammitic and pelitic schist; interlayered,,metasedimentary siliciclastic: psammite and pelite; interlayered,
1919,A-mib-YYO,Youanmi Terrane greenstones,Metamorphosed banded iron-formation and minor banded chert,"chert,iron-formation",68753.65488087012,,,,,meta-banded iron formation,,metasedimentary other chemical: meta-iron formation,
2065,A-mls-YYO,Youanmi Terrane greenstones,Pelite; dominantly metashale and metasiltstone; local andalusite and/or cordierite porphyroblasts,"pelite,metashale,metasiltstone",113112.63408618007,,,,,pelitic schist,,metasedimentary siliciclastic: pelite,
3194,A-moa-YYO,Youanmi Terrane greenstones,"Amphibolite; medium to coarse grained, derived from dolerite and gabbro","amphibolite,dolerite,gabbro",187833.80437373038,,,,,amphibolite derived from intrusive rock,,meta-igneous mafic intrusive,
2286,A-mods-YYO,Youanmi Terrane greenstones,Metadolerite; schistose; locally amphibolitic,metadolerite,52421.570383228274,,,,,metadolerite,,meta-igneous mafic intrusive,
3272,A-mog-YYO,Youanmi Terrane greenstones,Metagabbro; typically chlorite- and/or amphibole-rich with local preservation of relict igneous texture; includes minor metapyroxenite and metabasalt; locally strongly sheared,"metagabbro,metabasalt,metapyroxenite",133210.77598578087,,,,,metagabbro,,meta-igneous mafic intrusive,
2237,A-mogs-YYO,Youanmi Terrane greenstones,Strongly foliated metagabbro,metagabbro,67784.04258424458,,,,,metagabbro,,meta-igneous mafic intrusive,
396,A-msqm-YYO,Youanmi Terrane greenstones,"Strongly foliated quartz?mica schist, commonly as discontinuous septa within granites",schist,221383.48302615687,,,,,quartz-mica schist,,metamorphic protolith unknown: schist,
3042,A-mus-YYO,Youanmi Terrane greenstones,"Ultramafic schist; includes talc?tremolite?chlorite schist, and minor serpentinite and mafic schist","schist,ultramafic,mafic,schist,schist,serpentinite",27782.32029000419,,,,,ultramafic schist; volcanic or undivided,,meta-igneous ultramafic volcanic or undivided,
1895,A-musr-YYO,Youanmi Terrane greenstones,"Tremolite?chlorite(?talc) schist; includes minor metamorphosed komatiitic basalt, metapyroxenite, and cumulate-textured zones","schist,basalt,metapyroxenite",9309.397450679036,,,,,ultramafic schist; volcanic or undivided,,meta-igneous ultramafic volcanic or undivided,
2853,A-mwa-YYO,Youanmi Terrane greenstones,Amphibolite derived from mafic volcanic and intrusive rocks; locally schistose; may include metamorphosed banded iron-formation,"amphibolite,mafic,volcanic,iron-formation",17215.3186463718,,,,,amphibolite,,meta-igneous mafic,
2288,A-mwas-YYO,Youanmi Terrane greenstones,Strongly foliated amphibolite and amphibolite schist; fine to medium grained; commonly lineated,"amphibolite,amphibolite,schist",56151.921017850065,,,,,amphibolite,,meta-igneous mafic,
336,A-od-YYO,Youanmi Terrane greenstones,Dolerite; minor basalt or gabbro; metamorphosed,"dolerite,basalt,gabbro",165030.7969540112,,,,,dolerite,,igneous mafic intrusive,
2115,A-og-YYO,Youanmi Terrane greenstones,Gabbro; minor pyroxenite or quartz gabbro; metamorphosed,"gabbro,gabbro,pyroxenite",144761.64277949615,,,,,gabbro,,igneous mafic intrusive,
941,A-ogd-YYO,Youanmi Terrane greenstones,"Pegmatoidal gabbro; coarse grained, massive; commonly strongly deformed; locally contains dolerite and quartz gabbro; metamorphosed","gabbro,dolerite,gabbro",184299.72451085527,,,,,gabbro,,igneous mafic intrusive,
3273,A-oml-YYO,Youanmi Terrane greenstones,"Leucogabbronorite grading into gabbronorite, anorthosite, and leuconorite; locally showing very coarse-grained ophitic texture; metamorphosed","gabbronorite,leucogabbronorite,anorthosite,leuconorite",145552.03836960642,,,,,gabbronorite,,igneous mafic intrusive,
2167,A-up-YYO,Youanmi Terrane greenstones,"Peridotite, metamorphosed; commonly serpentinized",peridotite,99991.63879318534,,,,,peridotite,,igneous ultramafic volcanic,
2168,A-xfa-bb-YYO,Youanmi Terrane greenstones,"Andesite, basaltic andesite, and basalt; massive to weakly deformed; metamorphosed","andesite,andesite,basalt",105877.22081692117,,,,,andesite,basalt,igneous felsic volcanic,igneous mafic volcanic
3502,A-xmbm-musr-YYO,Youanmi Terrane greenstones,Metamorphosed komatiitic basalt and tremolite?chlorite(?talc) schist; includes minor metakomatiite and metabasalt,"basalt,schist,metabasalt,metakomatiite",160207.18169630854,,,,,metakomatiitic basalt,ultramafic schist; volcanic or undivided,meta-igneous mafic volcanic,meta-igneous ultramafic volcanic or undivided
2169,A-xmus-mg-YYO,Youanmi Terrane greenstones,Ultramafic schist interleaved with metagranite,"metagranite,schist,ultramafic",132161.96409063978,,,,,ultramafic schist; volcanic or undivided,metagranitic rock,meta-igneous ultramafic volcanic or undivided,meta-igneous felsic intrusive
2497,A-xod-og-YYO,Youanmi Terrane greenstones,Massive dolerite interleaved with minor gabbro; metamorphosed,"dolerite,gabbro",49095.09855906471,,,,,dolerite,gabbro,igneous mafic intrusive,igneous mafic intrusive
3536,A-xs-bb-YYO,Youanmi Terrane greenstones,"Sedimentary and basaltic rocks, with minor chert and banded iron-formation; metamorphosed; commonly deeply weathered","chert,iron-formation",104201.58385974076,,,,,,basalt,sedimentary siliciclastic,igneous mafic volcanic
2170,A-xs-f-YYO,Youanmi Terrane greenstones,"Sedimentary rock and felsic rock, with minor chert; commonly deeply weathered","sedimentary-rock,chert",109167.90383340197,,,,,,,sedimentary siliciclastic,igneous felsic volcanic
3191,P_-WK-gi,Warakurna Supersuite,Diorite to minor syenogranite in dykes and sills,syenogranite,180248.81412895466,,,,,diorite,,igneous granitic,
