,CODE,UNITNAME,DESCRIPTN,lithos,distance,GROUP_,FORMATION,MEMBER,BED,LITHNAME1,LITHNAME2,ROCKTYPE1,ROCKTYPE2
844,A-AN-gmap,Annean Supersuite,"Fine-grained monzogranite, commonly as dykes in greenstones; quartz(?feldspar)-porphyritic to locally equigranular; locally schistose",monzogranite,221268.67390632676,,,,,monzogranite,,igneous granitic,
1697,A-AN-jmod-mib,Annean Supersuite,Metadolerite typically with large (up to 100 m) inclusions of metamorphosed banded iron-formation; locally strongly sheared and recrystallized,"iron-formation,metadolerite",203615.09783817755,,,,,metadolerite,meta-banded iron formation,meta-igneous mafic intrusive,metasedimentary other chemical: meta-iron formation
446,A-AN-mggs,Annean Supersuite,Biotite metagranodiorite; strongly foliated; commonly with pegmatite and leucogranite veins,"metagranodiorite,leucogranite,pegmatite",209239.31891807143,,,,,metagranodiorite,,meta-igneous felsic intrusive,
665,A-AN-mgn,Annean Supersuite,Medium-grained granitic gneiss; locally muscovite-bearing; strongly foliated,"gneiss,granitic",213414.826048792,,,,,granitic gneiss,,meta-igneous felsic intrusive,
339,A-AN-mgtn,Annean Supersuite,Fine-grained biotite tonalite gneiss; includes crosscutting younger phases and pegmatites,"gneiss,tonalite",147377.70049600225,,,,,metatonalite,,meta-igneous felsic intrusive,
1608,A-AN-od,Annean Supersuite,"Dolerite grading into metadolerite, locally schistose; metamorphosed","dolerite,metadolerite",127744.46188392388,,,,,dolerite,,igneous mafic intrusive,
492,A-ANC-mg,Cullculli Suite,"Metatonalite, metagranodiorite, and metatrondhjemite; typically hornblende bearing, and with common mafic clots","metatonalite,mafic,metagranodiorite,metatrondhjemite",211160.20422110136,,,,,metagranitic rock,,meta-igneous felsic intrusive,
3609,A-ANC-mgga,Cullculli Suite,Hornblende-bearing metagranodiorite with minor metatonalite; contains scattered small mafic xenoliths,"metagranodiorite,metatonalite,mafic",155835.67329976906,,,,,metagranodiorite,,meta-igneous felsic intrusive,
485,A-ANC-mgta,Cullculli Suite,"Metatonalite with hornblende phenocrysts and common, small, elliptical mafic xenoliths","metatonalite,mafic",219011.96426755344,,,,,metatonalite,,meta-igneous felsic intrusive,
1641,A-ANK-gg,Mount Kenneth Suite,"Granodiorite, typically with sparsely distributed biotite schlieren; locally with rafts of amphibolite; metamorphosed","granodiorite,amphibolite",212017.58859645773,,,,,granodiorite,,igneous granitic,
1017,A-ANK-gt,Mount Kenneth Suite,"Tonalite, typically with plagioclase and hornblende phenocrysts; locally sheared; includes rafts of amphibolite; metamorphosed","tonalite,amphibolite",214379.3036257306,,,,,tonalite,,igneous granitic,
3435,A-ANK-jmg-md,Mount Kenneth Suite,"Metagranitic rock, locally sheared with abundant rafts and lenses of sheared quartzite, psammite, and pelite","metagranitic,pelite,psammite,quartzite",148677.64235948442,,,,,metagranitic rock,metasiliciclastic rock,meta-igneous felsic intrusive,metasedimentary siliciclastic
1540,A-ANK-jmgg-mog,Mount Kenneth Suite,Metagranodiorite to metamonzogranite with muscovite-rich patches; abundant decimetre-sized rafts of metagabbro; locally strongly schistose,"metagranodiorite,metamonzogranite,metagabbro",129407.76741257976,,,,,metagranodiorite,metagabbro,meta-igneous felsic intrusive,meta-igneous mafic intrusive
1511,A-ANK-jmggn-mus,Mount Kenneth Suite,Gneissose metagranodiorite with abundant rafts of ultramafic schist; locally strongly sheared,"metagranodiorite,schist,ultramafic",126800.26604437327,,,,,metagranodiorite,ultramafic schist; volcanic or undivided,meta-igneous felsic intrusive,meta-igneous ultramafic volcanic or undivided
3463,A-ANK-mg,Mount Kenneth Suite,"Metagranitic rock, locally sheared; includes deeply weathered rocks",metagranitic,127317.93751002487,,,,,metagranitic rock,,meta-igneous felsic intrusive,
1374,A-ANK-mgg,Mount Kenneth Suite,"Metagranodiorite, typically with sparse biotite schlieren; locally with rafts of amphibolite derived from intrusive rocks","metagranodiorite,amphibolite",173916.7369338536,,,,,metagranodiorite,,meta-igneous felsic intrusive,
3292,A-ANK-mgs,Mount Kenneth Suite,"Schistose metagranitic rock, locally strongly sheared; includes deeply weathered rocks",metagranitic,151589.23345663983,,,,,granitic schist,,meta-igneous felsic intrusive,
1525,A-ANK-mgta,Mount Kenneth Suite,Amphibole-rich metatonalite; locally sheared,metatonalite,128591.19949665145,,,,,metatonalite,,meta-igneous felsic intrusive,
1988,A-ANR-jmg-mwa,Rothsay Suite,Heterogeneous metagranite with abundant rafts of amphibolite; commonly with abundant pegmatite,"amphibolite,metagranite,pegmatite",86959.84141843508,,,,,metagranitic rock,amphibolite,meta-igneous felsic intrusive,meta-igneous mafic
1984,A-ANR-mgg,Rothsay Suite,"Porphyritic to equigranular, medium- to coarse-grained metagranodiorite; magmatic foliation, in places with moderate solid-state overprint",metagranodiorite,88065.06594799012,,,,,metagranodiorite,,meta-igneous felsic intrusive,
1987,A-ANR-mgms,Rothsay Suite,"Foliated biotite metamonzogranite, with local K-feldspar phenocrysts; common pegmatite veins","metamonzogranite,pegmatite",85754.52261561628,,,,,metamonzogranite,,meta-igneous felsic intrusive,
1927,A-ANW-ap,Warriedar Suite,Peridotite; relict cumulate textures preserved locally; minor pyroxenite; metamorphosed; typically serpentinized,"peridotite,pyroxenite",21076.86281602107,,,,,pyroxene peridotite,,igneous ultramafic intrusive,
2176,A-ANW-ax,Warriedar Suite,Pyroxenite; relict cumulate textures preserved locally; minor peridotite; metamorphosed; typically serpentinized,"pyroxenite,peridotite",21927.23216066121,,,,,pyroxenite (intrusive),,igneous ultramafic intrusive,
3277,A-ANW-masr,Warriedar Suite,Ultramafic talc?tremolite?serpentine?magnetite schist; locally strongly sheared,"schist,ultramafic",20906.02680001239,,,,,ultramafic schist derived from intrusive rock,,meta-igneous ultramafic intrusive,
3276,A-ANW-mat,Warriedar Suite,Serpentinite derived from intrusive rocks; locally strongly sheared and talc rich,serpentinite,20922.430814639534,,,,,serpentinite derived from intrusive rock,,meta-igneous ultramafic intrusive,
3009,A-ANW-mog,Warriedar Suite,"Metagabbro; locally with layers of metaleucogabbro, metagabbronorite, metadolerite and minor metapyroxenite; includes amphibole-porphyroblastic metagabbro and metadolerite; typically weakly schistose","metagabbro,metadolerite,metadolerite,metagabbro,metagabbronorite,metaleucogabbro,metapyroxenite",31715.68267107001,,,,,metagabbro,,meta-igneous mafic intrusive,
2968,A-ANW-mogs,Warriedar Suite,Gabbroic schist; plagioclase?epidote?actinolite?chlorite±hornblende assemblage,schist,39488.53741500169,,,,,metagabbro,,meta-igneous mafic intrusive,
2823,A-ANW-od,Warriedar Suite,Dolerite; metamorphosed,dolerite,20909.696484400058,,,,,dolerite,,igneous mafic intrusive,
1928,A-ANW-og,Warriedar Suite,"Gabbro; locally includes layers of leucogabbro, gabbronorite, dolerite, minor pyroxenite and pegmatitic gabbro; metamorphosed","gabbro,dolerite,gabbro,gabbronorite,leucogabbro,pyroxenite",21199.499353178275,,,,,gabbro,,igneous mafic intrusive,
2881,A-ANW-xax-og,Warriedar Suite,"Basal pyroxenite to pyroxene peridotite, typically showing cumulate textures; gabbro?leucogabbro in central to upper parts, locally layered and with doleritic or granophyric top contacts; metamorphosed","peridotite,pyroxenite,gabbro?leucogabbro",22012.197782650877,,,,,pyroxenite (intrusive),gabbro,igneous ultramafic intrusive,igneous mafic intrusive
1901,A-ANW-xog-od,Warriedar Suite,Interlayered gabbro and dolerite; metamorphosed,"dolerite,gabbro",21122.30070960387,,,,,gabbro,dolerite,igneous mafic intrusive,igneous mafic intrusive
3474,A-ANco-mgti,Courin Granodiorite,Migmatitic metatonalite with stromatic mesosomes of metatonalite and leucosomes of metamonzogranite; rare melanosomes of biotite metadiorite,"metamonzogranite,metatonalite,metatonalite,metadiorite",122902.35177427024,,Courin Granodiorite,,,metatonalite,,meta-igneous felsic intrusive,
3485,A-ANco-xmgmn-mggs,Courin Granodiorite,Interlayered monzogranitic augen gneiss and granodiorite schist on a metre-scale; locally lineated,"gneiss,granodiorite,schist",115847.63673413209,,Courin Granodiorite,,,metamonzogranite,metagranodiorite,meta-igneous felsic intrusive,meta-igneous felsic intrusive
662,A-ANct-gtl,Cue Tonalite,Leucocratic tonalite; medium to coarse grained; metamorphosed,tonalite,220772.85633419445,,Cue Tonalite,,,tonalite,,igneous granitic,
2174,A-ANed-mog,Edamurta Gabbro,"Metagabbro, typically deformed with greenschist to amphibolite facies assemblages; locally with relict igneous texture; locally garnet-bearing","metagabbro,amphibolite",72947.4404075856,,Edamurta Gabbro,,,metagabbro,,meta-igneous mafic intrusive,
2106,A-ANed-oad,Edamurta Gabbro,Anorthosite to leucogabbro with distinctive euhedral plagioclase megacrysts up to 20 mm long; metamorphosed,"anorthosite,leucogabbro",72927.8375047039,,Edamurta Gabbro,,,anorthosite,,igneous mafic intrusive,
2817,A-ANff-aph,Fields Find Igneous Complex,Hornblende-bearing pyroxene peridotite; relict olivine cumulate texture (~3 mm grain size) with interstitial pyroxene and oikocrystic hornblende up to 20 mm; typically moderately serpentinized; metamorphosed,peridotite,45465.95290719754,,Fields Find Igneous Complex,,,harzburgite,,igneous ultramafic intrusive,
3589,A-ANff-ax,Fields Find Igneous Complex,Pyroxenite with mesocumulate to adcumulate texture (4?8 mm grain size); locally with minor peridotite and gabbro; locally hornblende bearing; metamorphosed,"pyroxenite,gabbro,peridotite",40671.11933676387,,Fields Find Igneous Complex,,,pyroxenite (intrusive),,igneous ultramafic intrusive,
2455,A-ANff-od,Fields Find Igneous Complex,Dolerite with subophitic texture; local gabbro; metamorphosed,"dolerite,gabbro",39247.251302538934,,Fields Find Igneous Complex,,,dolerite,,igneous mafic intrusive,
2886,A-ANff-og,Fields Find Igneous Complex,"Gabbro with ophitic texture and 5?12 mm grain size, typically with decametre-scale igneous layering; local gabbronorite with cumulate orthopyroxene crystals; local hornblende gabbro","gabbro,gabbro,gabbronorite",37599.94589500425,,Fields Find Igneous Complex,,,gabbro,,igneous mafic intrusive,
2994,A-ANff-xaxh-apx,Fields Find Igneous Complex,"Interlayered pyroxenite and peridotite, locally with hornblende or pyroxene oikocrysts; commonly serpentinized or tremolite rich; metamorphosed","peridotite,pyroxenite",39807.37905205621,,Fields Find Igneous Complex,,,pyroxenite (intrusive),pyroxene peridotite,igneous ultramafic intrusive,igneous ultramafic intrusive
3545,A-ANgo-gme,Goonetarra Granodiorite,"Equigranular monzogranite to syenogranite; undeformed, locally with magmatic foliation","monzogranite,syenogranite",31575.9044620667,,Goonetarra Granodiorite,,,monzogranite,,igneous granitic,
3534,A-ANgo-gmp,Goonetarra Granodiorite,K-feldspar-porphyritic to megacrystic monzogranite;  common magmatic foliation,monzogranite,19178.347551393086,,Goonetarra Granodiorite,,,monzogranite,,igneous granitic,
3535,A-ANgo-jgmfe-mgtn,Goonetarra Granodiorite,Equigranular monzogranite to syenogranite; common magmatic foliation; commonly contains rafts of migmatitic tonalite,"monzogranite,syenogranite,tonalite",40709.00547177396,,Goonetarra Granodiorite,,,monzogranite,metatonalite,igneous granitic,meta-igneous felsic intrusive
3484,A-ANgo-jmgmu-mgtn,Goonetarra Granodiorite,K-feldspar megacrystic biotite metamonzogranite with layered tonalite gneiss xenoliths,"gneiss,metamonzogranite,tonalite",78932.20605533483,,Goonetarra Granodiorite,,,metamonzogranite,metatonalite,meta-igneous felsic intrusive,meta-igneous felsic intrusive
2289,A-ANgo-mgms,Goonetarra Granodiorite,"Foliated biotite metamonzogranite, with local K-feldspar phenocrysts",metamonzogranite,38262.71919449079,,Goonetarra Granodiorite,,,metamonzogranite,,meta-igneous felsic intrusive,
2436,A-ANgo-mgmu,Goonetarra Granodiorite,K-feldspar megacrystic biotite metamonzogranite; commonly strongly foliated,metamonzogranite,19414.713694456605,,Goonetarra Granodiorite,,,metamonzogranite,,meta-igneous felsic intrusive,
2255,A-ANgo-mgtn,Goonetarra Granodiorite,Layered biotite tonalite gneiss; includes crosscutting younger phases and pegmatites,"gneiss,tonalite",55405.13523545972,,Goonetarra Granodiorite,,,metatonalite,,meta-igneous felsic intrusive,
2920,A-ANmu-mgtb,Mulgine Granite,Metatonalite with ubiquitous biotite; typically foliated and lineated,metatonalite,23599.06756807224,,Mulgine Granite,,,metatonalite,,meta-igneous felsic intrusive,
3439,A-ANna-jmog-md,Narndee Igneous Complex,"Metagabbro with relict hornblende oikocrysts; abundant rafts of recrystallized psammite, pelite and quartzite; locally strongly sheared at lithological contacts","metagabbro,pelite,psammite,quartzite",133051.89763853868,,Narndee Igneous Complex,,,metagabbro,metasiliciclastic rock,meta-igneous mafic intrusive,metasedimentary siliciclastic
1516,A-ANna-mat,Narndee Igneous Complex,"Serpentinite, fine grained; strongly sheared; rare igneous textures preserved",serpentinite,130019.93208536743,,Narndee Igneous Complex,,,serpentinite derived from intrusive rock,,meta-igneous ultramafic intrusive,
1515,A-ANna-mog,Narndee Igneous Complex,Metagabbro with amphibole pseudomorphs after pyroxene; relict igneous texture typically preserved; locally strongly sheared,metagabbro,129991.60676812718,,Narndee Igneous Complex,,,metagabbro,,meta-igneous mafic intrusive,
1236,A-ANna-od,Narndee Igneous Complex,Dolerite; locally grades into hornblende gabbro; metamorphosed,"dolerite,gabbro",156600.80492468234,,Narndee Igneous Complex,,,dolerite,,igneous mafic intrusive,
2900,A-ANni-ax,Ninghan Gabbro,"Pyroxenite, olivine pyroxenite and lesser gabbro with 5?20 mm grain size; metamorphosed","pyroxenite,gabbro,pyroxenite",50708.14893118079,,Ninghan Gabbro,,,pyroxenite (intrusive),,igneous ultramafic intrusive,
2901,A-ANni-mat,Ninghan Gabbro,Serpentinized peritotite and dunite with relict olivine crystals 4?6 mm across,dunite,49873.33188566295,,Ninghan Gabbro,,,serpentinite derived from intrusive rock,,meta-igneous ultramafic intrusive,
2972,A-ANni-od,Ninghan Gabbro,Dolerite sills; commonly with columnar jointing; metamorphosed,dolerite,49752.12724147462,,Ninghan Gabbro,,,dolerite,,igneous mafic intrusive,
2903,A-ANni-og,Ninghan Gabbro,"Gabbro, gabbronorite and dolerite; pegmatitic leucogabbro in top contact zones of sills, and pyroxenite and minor peridotite at the base; metamorphosed","gabbro,dolerite,gabbronorite,leucogabbro,peridotite,pyroxenite",49917.05268799071,,Ninghan Gabbro,,,gabbro,,igneous mafic intrusive,
1839,A-ANnl-ax,"Narndee Igneous Complex, lower zone",Coarse pyroxenite with minor gabbronorite; local interstitial hornblende; metamorphosed,"gabbronorite,pyroxenite",132170.36840971842,,Narndee Igneous Complex,"Narndee Igneous Complex, lower zone",,pyroxenite (intrusive),,igneous ultramafic intrusive,
2328,A-ANnl-mat,"Narndee Igneous Complex, lower zone","Serpentinite, fine grained; strongly sheared; rare igneous textures preserved",serpentinite,131610.05760821767,,Narndee Igneous Complex,"Narndee Igneous Complex, lower zone",,serpentinite derived from intrusive rock,,meta-igneous ultramafic intrusive,
3524,A-ANnl-moma,"Narndee Igneous Complex, lower zone",Metagabbronorite with amphibole pseudomorphs after pyroxene; local primary amphibole oikocrysts,metagabbronorite,131261.1145293051,,Narndee Igneous Complex,"Narndee Igneous Complex, lower zone",,metagabbronorite,,meta-igneous mafic intrusive,
3530,A-ANnl-om,"Narndee Igneous Complex, lower zone",Gabbronorite; locally grades into leucogabbronorite and pyroxene-rich gabbronorite layers with minor interstitial hornblende; metamorphosed,"gabbronorite,gabbronorite,leucogabbronorite",131757.91551015753,,Narndee Igneous Complex,"Narndee Igneous Complex, lower zone",,gabbronorite,,igneous mafic intrusive,
3522,A-ANnl-omh,"Narndee Igneous Complex, lower zone",Hornblende gabbronorite with 5?10 mm grain size and hornblende oikocrysts 8?15 mm in diameter; locally grades into gabbronorite and hornblende gabbro; metamorphosed,"gabbronorite,gabbro,gabbronorite",131811.61276624395,,Narndee Igneous Complex,"Narndee Igneous Complex, lower zone",,gabbronorite,,igneous mafic intrusive,
1595,A-ANnl-ot,"Narndee Igneous Complex, lower zone",Troctolite; locally grades into olivine gabbronorite and leucotroctolite with minor hornblende oikocrysts; metamorphosed,"troctolite,gabbronorite,leucotroctolite",151648.11119603933,,Narndee Igneous Complex,"Narndee Igneous Complex, lower zone",,troctolite,,igneous mafic intrusive,
1217,A-ANnl-xmat-om,"Narndee Igneous Complex, lower zone","Megacycles of serpentinite grading into pyroxenite, gabbronorite, and anorthosite; typically with hornblende oikocrystic units; metamorphosed","pyroxenite,serpentinite,anorthosite,gabbronorite",131769.4245357252,,Narndee Igneous Complex,"Narndee Igneous Complex, lower zone",,serpentinite derived from intrusive rock,gabbronorite,meta-igneous ultramafic intrusive,igneous mafic intrusive
1227,A-ANnm-ax,"Narndee Igneous Complex, middle zone",Coarse pyroxenite with minor gabbronorite; local hornblende; metamorphosed,"gabbronorite,pyroxenite",135084.2020599778,,Narndee Igneous Complex,"Narndee Igneous Complex, middle zone",,pyroxenite (intrusive),,igneous ultramafic intrusive,
1248,A-ANnm-mat,"Narndee Igneous Complex, middle zone","Serpentinite, fine grained; strongly sheared; rare igneous textures preserved",serpentinite,134149.1254930544,,Narndee Igneous Complex,"Narndee Igneous Complex, middle zone",,serpentinite derived from intrusive rock,,meta-igneous ultramafic intrusive,
1704,A-ANnm-mog,"Narndee Igneous Complex, middle zone",Metagabbro with amphibole pseudomorphs after pyroxene,metagabbro,138854.2341641356,,Narndee Igneous Complex,"Narndee Igneous Complex, middle zone",,metagabbro,,meta-igneous mafic intrusive,
3521,A-ANnm-oh,"Narndee Igneous Complex, middle zone","Hornblende gabbro with 4?8 mm grain size and hornblende oikocrysts 8?25 mm in diameter; locally grades into hornblende-bearing gabbronorite, leucogabbro, and gabbronorite; metamorphosed","gabbro,gabbronorite,gabbronorite,leucogabbro",134499.52780771727,,Narndee Igneous Complex,"Narndee Igneous Complex, middle zone",,hornblende gabbro,,igneous mafic intrusive,
2324,A-ANnm-om,"Narndee Igneous Complex, middle zone",Gabbronorite; locally grades into leucogabbronorite and pyroxene-rich gabbronorite layers with minor interstitial hornblende; metamorphosed,"gabbronorite,gabbronorite,leucogabbronorite",134244.4258012437,,Narndee Igneous Complex,"Narndee Igneous Complex, middle zone",,gabbronorite,,igneous mafic intrusive,
3295,A-ANnm-oml,"Narndee Igneous Complex, middle zone",Leucogabbronorite with minor interstitial hornblende; locally grades into layers of gabbronorite; dominantly as intrusive sheets with chilled margins; metamorphosed,"leucogabbronorite,gabbronorite",131726.58645466415,,Narndee Igneous Complex,"Narndee Igneous Complex, middle zone",,gabbronorite,,igneous mafic intrusive,
1808,A-ANnm-ot,"Narndee Igneous Complex, middle zone",Troctolite; locally grades into gabbronorite and leucogabbronorite with minor hornblende oikocrysts; metamorphosed,"troctolite,gabbronorite,leucogabbronorite",136564.6808230136,,Narndee Igneous Complex,"Narndee Igneous Complex, middle zone",,troctolite,,igneous mafic intrusive,
1442,A-ANnm-xom-mat,"Narndee Igneous Complex, middle zone","Megacycles of serpentinite grading into pyroxenite, gabbronorite, and anorthosite; typically with hornblende-oikocrystic units; gabbroic rocks dominant; metamorphosed","pyroxenite,serpentinite,anorthosite,gabbronorite",133661.07736439223,,Narndee Igneous Complex,"Narndee Igneous Complex, middle zone",,gabbronorite,serpentinite derived from intrusive rock,igneous mafic intrusive,meta-igneous ultramafic intrusive
2231,A-ANno-ma,Noongal Gabbro,Metapyroxenite and lesser metaperidotite; includes serpentinite and ultramafic schist; tremolite?talc?magnetite?chlorite metamorphic assemblages common,"metaperidotite,metapyroxenite,schist,serpentinite,ultramafic",109355.64719776397,,Noongal Gabbro,,,meta-ultramafic intrusive rock,,meta-igneous ultramafic intrusive,
1955,A-ANno-mapx,Noongal Gabbro,"Pyroxene-rich metaperidotite, locally with well-developed clinopyroxene cumulate texture; locally sheared and serpentinized",metaperidotite,109743.68100654696,,Noongal Gabbro,,,metaperidotite derived from intrusive rock,,meta-igneous ultramafic intrusive,
2443,A-ANno-mod,Noongal Gabbro,"Metadolerite with lesser metagabbro, locally hornblende rich; includes less-recrystallized dolerite and pyroxene-rich varieties; locally moderately sheared","metadolerite,metagabbro,dolerite",100113.62393242311,,Noongal Gabbro,,,metadolerite,,meta-igneous mafic intrusive,
1957,A-ANno-mog,Noongal Gabbro,Metagabbro; locally with hornblende (probably obsolete),metagabbro,106472.16603593668,,Noongal Gabbro,,,metagabbro,,meta-igneous mafic intrusive,
1958,A-ANno-odp,Noongal Gabbro,Plagioclase-porphyritic dolerite with phenocrysts up to 10 mm and up to 35% of the rock volume; metamorphosed,dolerite,104176.8094212934,,Noongal Gabbro,,,dolerite,,igneous mafic intrusive,
1962,A-ANno-ogl,Noongal Gabbro,Leucogabbro; locally pegmatitic; locally with well-developed granophyric textures and locally with gradational grain size and/or modal layering; metamorphosed,leucogabbro,106779.07802831467,,Noongal Gabbro,,,gabbro,,igneous mafic intrusive,
1963,A-ANno-ogp,Noongal Gabbro,Plagioclase-porphyritic gabbro with phenocrysts up to 10 mm and up to 20% of the rock volume; metamorphosed (probably obsolete),gabbro,112744.04515026932,,Noongal Gabbro,,,gabbro,,igneous mafic intrusive,
1965,A-ANno-xmoda-mgs,Noongal Gabbro,Amphibolitic metadolerite with abundant sheets of granitic to granodioritic schist typically 0.5 ? 15 m thick and 50?500 m long,"granitic,metadolerite,schist",105570.04437999452,,Noongal Gabbro,,,metadolerite,granitic schist,meta-igneous mafic intrusive,meta-igneous felsic intrusive
1966,A-ANno-xmoga-mgs,Noongal Gabbro,Amphibolitic metagabbro with abundant sheets of granitic to granodioritic schist typically 0.5 ? 15 m thick and 50?500 m long,"granitic,metagabbro,schist",112744.06901282564,,Noongal Gabbro,,,metagabbro,granitic schist,meta-igneous mafic intrusive,meta-igneous felsic intrusive
3468,A-ANnu-ao,"Narndee Igneous Complex, ultramafic zone",Olivine pyroxenite with relict olivine cumulate texture; locally grades into layers of pyroxenite and gabbronorite; metamorphosed,"pyroxenite,gabbronorite,pyroxenite",130108.55219800114,,Narndee Igneous Complex,"Narndee Igneous Complex, ultramafic zone",,olivine pyroxenite,,igneous ultramafic intrusive,
1519,A-ANnu-ap,"Narndee Igneous Complex, ultramafic zone",Pyroxene peridotite with relict olivine cumulate texture and interstitial pyroxene; minor interstitial hornblende; metamorphosed,peridotite,132204.77315811146,,Narndee Igneous Complex,"Narndee Igneous Complex, ultramafic zone",,pyroxene peridotite,,igneous ultramafic intrusive,
1456,A-ANnu-axo,"Narndee Igneous Complex, ultramafic zone","Orthopyroxenite with very coarse grain size, typically >10 mm; locally grades into gabbronorite and websterite; metamorphosed","orthopyroxenite,gabbronorite",132134.94255778423,,Narndee Igneous Complex,"Narndee Igneous Complex, ultramafic zone",,pyroxenite (intrusive),,igneous ultramafic intrusive,
827,A-ANnu-mad,"Narndee Igneous Complex, ultramafic zone","Metadunite with relict olivine cumulate texture; minor pyroxene, amphibole, and Cr-spinel; locally strongly sheared",metadunite,135223.94061674355,,Narndee Igneous Complex,"Narndee Igneous Complex, ultramafic zone",,metadunite derived from intrusive rock,,meta-igneous ultramafic intrusive,
2544,A-ANnu-mas,"Narndee Igneous Complex, ultramafic zone","Ultramafic schist derived from intrusive rocks; serpentine dominant, and locally abundant talc and tremolite; strongly sheared","schist,ultramafic",129826.34266529462,,Narndee Igneous Complex,"Narndee Igneous Complex, ultramafic zone",,ultramafic schist derived from intrusive rock,,meta-igneous ultramafic intrusive,
1967,A-ANoo-gme,Warbadoo Tonalite,Equigranular monzogranite with 4?10 mm grain size; includes regions with weakly-developed foliation; metamorphosed,monzogranite,113035.46253180325,,Warbadoo Tonalite,,,monzogranite,,igneous granitic,
2483,A-ANoo-mgs,Warbadoo Tonalite,"Metagranitic to metatonalitic schist, locally as intrusive sheets into country rocks; locally with abundant amphibolitic rafts; typically schistose with planar and/or linear fabrics; locally pegmatitic or aplitic","metagranitic,schist",103049.98973947474,,Warbadoo Tonalite,,,granitic schist,,meta-igneous felsic intrusive,
1968,A-ANoo-mgta,Warbadoo Tonalite,Hornblende tonalite with grain size <8 mm; locally with a well-developed planar and linear fabric,tonalite,93829.04660275333,,Warbadoo Tonalite,,,metatonalite,,meta-igneous felsic intrusive,
1969,A-ANoo-mgti,Warbadoo Tonalite,Migmatitic tonalite with stromatic mesosomes of metatonalite and leucosomes of metamonzogranite; rare melanosomes of biotite metadiorite,"metamonzogranite,metatonalite,tonalite,metadiorite",106558.7254738233,,Warbadoo Tonalite,,,metatonalite,,meta-igneous felsic intrusive,
3483,A-ANoo-xmgmn-mggs,Warbadoo Tonalite,Monzogranitic augen gneiss and granodiorite schist interlayered on a metre to decametre scale; locally lineated,"gneiss,granodiorite,schist",96795.41577276777,,Warbadoo Tonalite,,,metamonzogranite,metagranodiorite,meta-igneous felsic intrusive,meta-igneous felsic intrusive
3481,A-ANoq-ap,Olive Queen Gabbro,Peridotite; relict cumulate textures preserved locally; minor pyroxenite; metamorphosed,"peridotite,pyroxenite",92461.51015031086,,Olive Queen Gabbro,,,pyroxene peridotite,,igneous ultramafic intrusive,
1972,A-ANoq-mod,Olive Queen Gabbro,Metadolerite to metagabbro; includes less-recrystallized dolerite and moderately schistose rocks; locally hornblende-rich; includes deeply weathered rocks,"metadolerite,metagabbro,dolerite",91944.69176557643,,Olive Queen Gabbro,,,metadolerite,,meta-igneous mafic intrusive,
1977,A-ANoq-og,Olive Queen Gabbro,"Gabbro with 4?20 mm grain size; includes layers of leucogabbro, quartz gabbro to diorite, pegmatitic gabbro, and dolerite; metamorphosed","gabbro,dolerite,gabbro,gabbro,leucogabbro",91014.03338285527,,Olive Queen Gabbro,,,gabbro,,igneous mafic intrusive,
1981,A-ANoq-ogq,Olive Queen Gabbro,"Very coarse-grained, commonly quartz-bearing gabbro with coarse spinifex-like granophyric texture with up to 10 cm crystals; metamorphosed",gabbro,91329.38462758364,,Olive Queen Gabbro,,,gabbro,,igneous mafic intrusive,
1982,A-ANoq-xog-masr,Olive Queen Gabbro,Metagabbro interlayered with tremolite-bearing ultramafic schist; metamorphosed,"metagabbro,schist,ultramafic",90775.60823385773,,Olive Queen Gabbro,,,gabbro,ultramafic schist derived from intrusive rock,igneous mafic intrusive,meta-igneous ultramafic intrusive
2318,A-ANpw-gg,Peter Well Granodiorite,Biotite granodiorite; weakly metamorphosed,granodiorite,238615.7039682165,,Peter Well Granodiorite,,,granodiorite,,igneous granitic,
2425,A-ANud-ogy,Buddadoo Gabbro,Layered gabbroic rocks with distinctive magnetitite horizons and minor diorite; metamorphosed,magnetitite,49976.39782782559,,Buddadoo Gabbro,,,gabbro,,igneous mafic intrusive,
1706,A-ANwa-masr,Wadgingarra Gabbro,Tremolite?chlorite(?talc) schist; strongly sheared,schist,99479.85349629412,,Wadgingarra Gabbro,,,ultramafic schist derived from intrusive rock,,meta-igneous ultramafic intrusive,
3357,A-ANwa-od,Wadgingarra Gabbro,"Dolerite; minor gabbro and basalt; massive to weakly deformed, and metamorphosed","dolerite,basalt,gabbro",90095.54473359727,,Wadgingarra Gabbro,,,dolerite,,igneous mafic intrusive,
1708,A-ANwa-og,Wadgingarra Gabbro,Massive gabbro with granophyric leucogabbro towards the top of the intrusion; metamorphosed,"gabbro,leucogabbro",91551.51475677815,,Wadgingarra Gabbro,,,gabbro,,igneous mafic intrusive,
2020,A-ANwa-ogl,Wadgingarra Gabbro,"Leucogabbro; medium- to coarse-grained; massive to weakly deformed, and metamorphosed",leucogabbro,93185.70883232447,,Wadgingarra Gabbro,,,gabbro,,igneous mafic intrusive,
1467,A-ANwb-mog,"Windimurra Igneous Complex, border zone",Metagabbro with amphibole pseudomorphs after pyroxenes; 3?5 mm grain size; locally grading into dolerite; metamorphosed,"metagabbro,dolerite",184261.37155690565,,Windimurra Igneous Complex,"Windimurra Igneous Complex, border zone",,metagabbro,,meta-igneous mafic intrusive,
2513,A-ANwb-od,"Windimurra Igneous Complex, border zone","Dolerite, locally grading into gabbro; shear zones typically at the margins of exposures; metamorphosed","dolerite,gabbro",217698.27692458645,,Windimurra Igneous Complex,"Windimurra Igneous Complex, border zone",,dolerite,,igneous mafic intrusive,
2506,A-ANwc-ad,Corner Well Gabbro Member,Dunite with relict olivine cumulate texture; metamorphosed,dunite,179198.8824060933,,Windimurra Igneous Complex,Corner Well Gabbro Member,,dunite (intrusive),,igneous ultramafic intrusive,
1505,A-ANwc-oa,Corner Well Gabbro Member,Anorthosite in decimetre-thick layers with weak plagioclase lamination and crystal size up to 8 mm; locally grades into leucogabbro and leucogabbronorite; metamorphosed,"anorthosite,leucogabbro,leucogabbronorite",179280.57009470533,,Windimurra Igneous Complex,Corner Well Gabbro Member,,anorthosite,,igneous mafic intrusive,
1234,A-ANwc-ogc,Corner Well Gabbro Member,Clinopyroxene cumulate gabbro (grain size <20 mm); metamorphosed,gabbro,179582.2413906026,,Windimurra Igneous Complex,Corner Well Gabbro Member,,gabbro,,igneous mafic intrusive,
1242,A-ANwc-ol,Corner Well Gabbro Member,Olivine gabbro grading into olivine gabbronorite; metamorphosed,"gabbro,gabbronorite",178458.89183667777,,Windimurra Igneous Complex,Corner Well Gabbro Member,,olivine gabbronorite,,igneous mafic intrusive,
1564,A-ANwc-om,Corner Well Gabbro Member,Gabbronorite with modal igneous layering; locally grades into leucogabbronorite; metamorphosed,"gabbronorite,leucogabbronorite",178387.3607535251,,Windimurra Igneous Complex,Corner Well Gabbro Member,,gabbronorite,,igneous mafic intrusive,
2505,A-ANwc-op,Corner Well Gabbro Member,"Melanocratic gabbro to gabbronorite, locally with orthopyroxene cumulate crystals up to 20 mm; metamorphosed","gabbro,gabbronorite",178367.4928913093,,Windimurra Igneous Complex,Corner Well Gabbro Member,,orthopyroxene gabbro,,igneous mafic intrusive,
3344,A-ANwc-xad-ot,Corner Well Gabbro Member,"Dunite with relict olivine cumulate texture; grades into layers of troctolite, melanotroctolite and olivine gabbro; metamorphosed","dunite,gabbro,melanotroctolite,troctolite",178261.65940069198,,Windimurra Igneous Complex,Corner Well Gabbro Member,,dunite (intrusive),troctolite,igneous ultramafic intrusive,igneous mafic intrusive
1628,A-ANwc-xaoo-oa,Corner Well Gabbro Member,Olivine orthopyroxenite interlayered with anorthosite; metamorphosed,"anorthosite,orthopyroxenite",192107.35601492648,,Windimurra Igneous Complex,Corner Well Gabbro Member,,olivine orthopyroxenite,anorthosite,igneous ultramafic intrusive,igneous mafic intrusive
1617,A-ANwi-axd,Windimurra Igneous Complex,Very coarse-grained pyroxenite plug; pyroxene typically uralitized; metamorphosed,pyroxenite,207069.79233583497,,Windimurra Igneous Complex,,,pyroxenite (intrusive),,igneous ultramafic intrusive,
1581,A-ANwi-mof,Windimurra Igneous Complex,Meta-anorthosite with amphibole schlieren after flattened clinopyroxene oikocrysts; locally strongly sheared,anorthosite,144633.6564577704,,Windimurra Igneous Complex,,,meta-anorthosite,,meta-igneous mafic intrusive,
1590,A-ANwi-mog,Windimurra Igneous Complex,Metagabbro with amphibole pseudomorphs after pyroxene; grades into metagabbronorite; locally sheared; locally magnetite bearing,"metagabbro,metagabbronorite",142268.74787930463,,Windimurra Igneous Complex,,,metagabbro,,meta-igneous mafic intrusive,
3438,A-ANwi-xmog-mg,Windimurra Igneous Complex,"Metagabbro and metaleucogabbro; grades into metagabbronorite; locally schistose and sheared, with abundant metagranite, aplite, and granophyre as intrusive sheets, predominantly parallel to foliation","metagabbro,metaleucogabbro,aplite,granophyre,metagabbronorite,metagranite",144559.60380540285,,Windimurra Igneous Complex,,,metagabbro,metagranitic rock,meta-igneous mafic intrusive,meta-igneous felsic intrusive
1366,A-ANwl-ap,"Windimurra Igneous Complex, lower zone","Pyroxene peridotite; locally lherzolitic, harzburgitic, and chromite bearing; locally strongly sheared; metamorphosed",peridotite,200134.37725872063,,Windimurra Igneous Complex,"Windimurra Igneous Complex, lower zone",,pyroxene peridotite,,igneous ultramafic intrusive,
2507,A-ANwl-ax,"Windimurra Igneous Complex, lower zone",Coarse-grained pyroxenite grading into gabbronorite; locally pegmatitic; metamorphosed,"gabbronorite,pyroxenite",184111.95452046898,,Windimurra Igneous Complex,"Windimurra Igneous Complex, lower zone",,pyroxenite (intrusive),,igneous ultramafic intrusive,
1391,A-ANwl-mog,"Windimurra Igneous Complex, lower zone",Metagabbro with amphibole pseudomorphs after pyroxene; grades into metagabbronorite; locally sheared,"metagabbro,metagabbronorite",195040.89952106468,,Windimurra Igneous Complex,"Windimurra Igneous Complex, lower zone",,metagabbro,,meta-igneous mafic intrusive,
1289,A-ANwl-oa,"Windimurra Igneous Complex, lower zone",Anorthosite with weak plagioclase lamination; metamorphosed,anorthosite,194627.990928232,,Windimurra Igneous Complex,"Windimurra Igneous Complex, lower zone",,anorthosite,,igneous mafic intrusive,
3453,A-ANwl-og,"Windimurra Igneous Complex, lower zone",Gabbro; grades into leucogabbro and gabbronorite; locally with modal layering of pyroxene and plagioclase; metamorphosed,"gabbro,gabbronorite,leucogabbro",172122.22354422088,,Windimurra Igneous Complex,"Windimurra Igneous Complex, lower zone",,gabbro,,igneous mafic intrusive,
1783,A-ANwl-ogd,"Windimurra Igneous Complex, lower zone",Very coarse-grained gabbro with distinctive pegmatitic layers; grades into coarse-grained leucogabbro and gabbronorite; locally with modal layering of pyroxene and plagioclase; metamorphosed,"gabbro,gabbronorite,leucogabbro",181424.23016273478,,Windimurra Igneous Complex,"Windimurra Igneous Complex, lower zone",,gabbro,,igneous mafic intrusive,
3341,A-ANwl-ogl,"Windimurra Igneous Complex, lower zone","Leucogabbro; grades into anorthosite, gabbro and pegmatitic gabbro; locally abundant clinopyroxene oikocrysts up to 30 mm; metamorphosed","leucogabbro,anorthosite,gabbro,gabbro",168545.09945228542,,Windimurra Igneous Complex,"Windimurra Igneous Complex, lower zone",,gabbro,,igneous mafic intrusive,
1702,A-ANwl-ogly,"Windimurra Igneous Complex, lower zone",Layered leucogabbro; modal layering of plagioclase and pyroxenes on a decimetre scale; locally abundant clinopyroxene oikocrysts up to 30 mm; metamorphosed,leucogabbro,189321.7225777362,,Windimurra Igneous Complex,"Windimurra Igneous Complex, lower zone",,gabbro,,igneous mafic intrusive,
1316,A-ANwl-oglz,"Windimurra Igneous Complex, lower zone",Ophitic leucogabbro; typically with pyroxene oikocrysts <30 mm across; metamorphosed,leucogabbro,193268.43819989465,,Windimurra Igneous Complex,"Windimurra Igneous Complex, lower zone",,gabbro,,igneous mafic intrusive,
1466,A-ANwl-ogp,"Windimurra Igneous Complex, lower zone",Plagioclase-phyric gabbro; 8?12 mm plagioclase phenocrysts in 5?8 mm gabbroic matrix; metamorphosed,gabbro,181362.02438882188,,Windimurra Igneous Complex,"Windimurra Igneous Complex, lower zone",,gabbro,,igneous mafic intrusive,
3286,A-ANwl-ogx,"Windimurra Igneous Complex, lower zone",Pyroxene gabbro; locally very coarse grained and grading into pyroxenite and gabbro; minor modal layering; metamorphosed,"gabbro,gabbro,pyroxenite",183823.06794445185,,Windimurra Igneous Complex,"Windimurra Igneous Complex, lower zone",,gabbro,,igneous mafic intrusive,
3459,A-ANwl-ogz,"Windimurra Igneous Complex, lower zone",Ophitic gabbro; typically with pyroxene oikocrysts <30 mm across; metamorphosed,gabbro,192678.1422213433,,Windimurra Igneous Complex,"Windimurra Igneous Complex, lower zone",,gabbro,,igneous mafic intrusive,
1770,A-ANwl-ol,"Windimurra Igneous Complex, lower zone",Olivine gabbronorite grading into olivine gabbro and olivine leucogabbronorite; minor modal layering; metamorphosed,"gabbro,gabbronorite,leucogabbronorite",172712.41425574486,,Windimurra Igneous Complex,"Windimurra Igneous Complex, lower zone",,olivine gabbronorite,,igneous mafic intrusive,
1250,A-ANwl-om,"Windimurra Igneous Complex, lower zone","Gabbronorite, typically with igneous layering and locally grading into leucogabbronorite; metamorphosed","gabbronorite,leucogabbronorite",190098.85678213494,,Windimurra Igneous Complex,"Windimurra Igneous Complex, lower zone",,gabbronorite,,igneous mafic intrusive,
1018,A-ANwl-oml,"Windimurra Igneous Complex, lower zone","Leucogabbronorite; grades into gabbronorite, anorthosite, leuconorite and pegmatitic gabbro; locally shows very coarse-grained ophitic texture; metamorphosed","leucogabbronorite,anorthosite,gabbro,gabbronorite,leuconorite",206686.06688917667,,Windimurra Igneous Complex,"Windimurra Igneous Complex, lower zone",,gabbronorite,,igneous mafic intrusive,
1440,A-ANwl-or,"Windimurra Igneous Complex, lower zone",Olivine norite; locally grades into olivine gabbronorite and olivine leuconorite; metamorphosed,"norite,gabbronorite,leuconorite",183085.72248778018,,Windimurra Igneous Complex,"Windimurra Igneous Complex, lower zone",,olivine norite,,igneous mafic intrusive,
1778,A-ANwl-ot,"Windimurra Igneous Complex, lower zone",Troctolite; locally grades into olivine gabbronorite and leucotroctolite; metamorphosed,"troctolite,gabbronorite,leucotroctolite",181871.30525142528,,Windimurra Igneous Complex,"Windimurra Igneous Complex, lower zone",,troctolite,,igneous mafic intrusive,
1363,A-ANwl-otl,"Windimurra Igneous Complex, lower zone","Leucotroctolite; locally grades into anorthosite, troctolite, and pegmatitic gabbro; metamorphosed","leucotroctolite,anorthosite,gabbro,troctolite",195721.68785611517,,Windimurra Igneous Complex,"Windimurra Igneous Complex, lower zone",,troctolite,,igneous mafic intrusive,
1436,A-ANwl-ow,"Windimurra Igneous Complex, lower zone",Norite; locally grades into gabbronorite and leuconorite with very coarse-grained patches; metamorphosed,"norite,gabbronorite,leuconorite",186374.84660777653,,Windimurra Igneous Complex,"Windimurra Igneous Complex, lower zone",,norite,,igneous mafic intrusive,
3454,A-ANwl-owl,"Windimurra Igneous Complex, lower zone","Leuconorite; locally grades into norite, leucogabbronorite and pegmatitic gabbro; ophitic patches present; metamorphosed","leuconorite,gabbro,leucogabbronorite,norite",173817.55116442218,,Windimurra Igneous Complex,"Windimurra Igneous Complex, lower zone",,norite,,igneous mafic intrusive,
1636,A-ANwl-xogd-oad,"Windimurra Igneous Complex, lower zone",Pegmatitic gabbro containing rounded boulders of pegmatitic anorthosite up to 40 cm; locally PGE-sulfide bearing; metamorphosed,"anorthosite,gabbro",199857.99157329742,,Windimurra Igneous Complex,"Windimurra Igneous Complex, lower zone",,gabbro,anorthosite,igneous mafic intrusive,igneous mafic intrusive
1755,A-ANwl-xogl-gmv,"Windimurra Igneous Complex, lower zone",Leucogabbro grading into gabbro; intruded by abundant muscovite granite sheets typically 10?100 m thick; metamorphosed,"gabbro,leucogabbro,granite",181604.56124313845,,Windimurra Igneous Complex,"Windimurra Igneous Complex, lower zone",,gabbro,monzogranite,igneous mafic intrusive,igneous granitic
1367,A-ANwm-am,"Windimurra Igneous Complex, middle zone",Magnetitite layers <1 m thick with locally undulating basal contacts; magnetite crystals enclose plagioclase in magnetite-rich gabbro; metamorphosed,"magnetitite,gabbro",186834.14944758714,,Windimurra Igneous Complex,"Windimurra Igneous Complex, middle zone",,magnetitite,,igneous ultramafic intrusive,
1344,A-ANwm-og,"Windimurra Igneous Complex, middle zone","Gabbro grading into magnetite-bearing gabbro, leucogabbro, and gabbronorite; metamorphosed","gabbro,gabbro,gabbronorite,leucogabbro",188209.03529028822,,Windimurra Igneous Complex,"Windimurra Igneous Complex, middle zone",,gabbro,,igneous mafic intrusive,
1805,A-ANwm-ogl,"Windimurra Igneous Complex, middle zone",Leucogabbro grading into anorthosite and gabbro; locally abundant clinopyroxene oikocrysts up to 30 mm enclose euhedral plagioclase cumulate crystals; metamorphosed,"anorthosite,gabbro,leucogabbro",175177.7182151474,,Windimurra Igneous Complex,"Windimurra Igneous Complex, middle zone",,gabbro,,igneous mafic intrusive,
3562,A-ANwm-oglj,"Windimurra Igneous Complex, middle zone",Magnetite-bearing leucogabbro grading into anorthosite and magnetite-bearing gabbro; locally abundant clinopyroxene oikocrysts up to 30 mm enclose euhedral plagioclase cumulate crystals; metamorphosed,"anorthosite,gabbro,leucogabbro",184561.20789833524,,Windimurra Igneous Complex,"Windimurra Igneous Complex, middle zone",,gabbro,,igneous mafic intrusive,
1626,A-ANwm-ogx,"Windimurra Igneous Complex, middle zone",Pyroxene-rich gabbro; locally very coarse-grained and grading into pyroxenite and magnetite-bearing gabbro; minor modal layering; metamorphosed,"gabbro,gabbro,pyroxenite",194344.20817207245,,Windimurra Igneous Complex,"Windimurra Igneous Complex, middle zone",,gabbro,,igneous mafic intrusive,
1273,A-ANwm-ol,"Windimurra Igneous Complex, middle zone",Olivine gabbronorite grading into olivine gabbro and leucogabbronorite; minor modal layering and locally magnetite bearing; metamorphosed,"gabbro,gabbronorite,leucogabbronorite",182671.75669122147,,Windimurra Igneous Complex,"Windimurra Igneous Complex, middle zone",,olivine gabbronorite,,igneous mafic intrusive,
1358,A-ANwm-ot,"Windimurra Igneous Complex, middle zone",Troctolite; locally grades into olivine gabbronorite and leucotroctolite; metamorphosed,"troctolite,gabbronorite,leucotroctolite",182561.43020373237,,Windimurra Igneous Complex,"Windimurra Igneous Complex, middle zone",,troctolite,,igneous mafic intrusive,
3342,A-ANwm-otl,"Windimurra Igneous Complex, middle zone",Leucotroctolite; locally grading into anorthosite and troctolite; metamorphosed,"leucotroctolite,anorthosite,troctolite",180947.10453945716,,Windimurra Igneous Complex,"Windimurra Igneous Complex, middle zone",,troctolite,,igneous mafic intrusive,
2532,A-ANwm-ow,"Windimurra Igneous Complex, middle zone",Norite; locally grading into gabbronorite and leuconorite with lesser magnetite-bearing rocks; metamorphosed,"norite,gabbronorite,leuconorite",181463.3269046944,,Windimurra Igneous Complex,"Windimurra Igneous Complex, middle zone",,norite,,igneous mafic intrusive,
1285,A-ANwr-oglq,"Windimurra Igneous Complex, roof zone","Quartz-bearing leucogabbro, typically with well-developed, coarse spinifex texture; metamorphosed",leucogabbro,200340.57719261997,,Windimurra Igneous Complex,"Windimurra Igneous Complex, roof zone",,gabbro,,igneous mafic intrusive,
3566,A-ANwr-ogp,"Windimurra Igneous Complex, roof zone","Porphyritic gabbro; plagioclase phenocrysts typically <20 mm in a 4?8 mm matrix of plagioclase, clinopyroxene, and minor oxides; metamorphosed",gabbro,193381.08293617182,,Windimurra Igneous Complex,"Windimurra Igneous Complex, roof zone",,gabbro,,igneous mafic intrusive,
2368,A-ANwr-xogp-od,"Windimurra Igneous Complex, roof zone",Porphyritic gabbro with plagioclase phenocrysts and dolerite; metamorphosed,"dolerite,gabbro",187506.3916550612,,Windimurra Igneous Complex,"Windimurra Igneous Complex, roof zone",,gabbro,dolerite,igneous mafic intrusive,igneous mafic intrusive
1687,A-ANwu-xmad-oa,"Windimurra Igneous Complex, ultramafic zone",Chromite-bearing metadunite interlayered with metamorphosed gabbro and anorthosite; locally disseminated chromite in metaperidotite; well-defined layering on a metre scale preserved locally,"anorthosite,gabbro,metadunite,metaperidotite",164562.9428297943,,Windimurra Igneous Complex,"Windimurra Igneous Complex, ultramafic zone",,metadunite derived from intrusive rock,anorthosite,meta-igneous ultramafic intrusive,igneous mafic intrusive
1600,A-ANwz-am,"Windimurra Igneous Complex, upper zone",Magnetitite layers <1 m  thick in magnetite-rich gabbro; locally with undulating bases; magnetite encloses plagioclase chadacrysts; metamorphosed,"gabbro,magnetitite",164245.4023428345,,Windimurra Igneous Complex,"Windimurra Igneous Complex, upper zone",,magnetitite,,igneous ultramafic intrusive,
1625,A-ANwz-amn,"Windimurra Igneous Complex, upper zone","Magnetitite in layers <1 m thick; magnetite grains commonly contain rounded, 5?10 mm serpentine inclusions after olivine; locally grades into olivine gabbro; metamorphosed","magnetitite,gabbro",181098.16088012393,,Windimurra Igneous Complex,"Windimurra Igneous Complex, upper zone",,magnetitite,,igneous ultramafic intrusive,
1803,A-ANwz-mog,"Windimurra Igneous Complex, upper zone","Metagabbro with amphibole pseudomorphs after pyroxene, grading into metagabbronorite; locally sheared; locally magnetite and/or ilmenite bearing","metagabbro,metagabbronorite",174661.795147968,,Windimurra Igneous Complex,"Windimurra Igneous Complex, upper zone",,metagabbro,,meta-igneous mafic intrusive,
3444,A-ANwz-ogjl,"Windimurra Igneous Complex, upper zone","Leucogabbro, magnetite and/or ilmenite bearing; grades into magnetite- and/or ilmenite-bearing gabbro, anorthosite, and leucogabbronorite; metamorphosed","leucogabbro,anorthosite,gabbro,leucogabbronorite",174134.17658840932,,Windimurra Igneous Complex,"Windimurra Igneous Complex, upper zone",,gabbro,,igneous mafic intrusive,
414,A-ANwz-ogl,"Windimurra Igneous Complex, upper zone",Leucogabbro grading into anorthosite and magnetite- and/or ilmenite-bearing gabbro; locally abundant clinopyroxene oikocrysts up to 30 mm enclose euhedral cumulate plagioclase crystals; metamorphosed,"anorthosite,gabbro,leucogabbro",172329.98278985452,,Windimurra Igneous Complex,"Windimurra Igneous Complex, upper zone",,gabbro,,igneous mafic intrusive,
1353,A-ANwz-ol,"Windimurra Igneous Complex, upper zone","Olivine gabbronorite grading into olivine gabbro, olivine norite, and leuconorite; locally showing modal layering; minor cumulus magnetite and/or ilmenite and/or apatite; metamorphosed","gabbro,gabbronorite,leuconorite,norite",182348.0278225167,,Windimurra Igneous Complex,"Windimurra Igneous Complex, upper zone",,olivine gabbronorite,,igneous mafic intrusive,
3434,A-ANwz-om,"Windimurra Igneous Complex, upper zone",Gabbronorite with local modal layering of pyroxene and plagioclase; grades into gabbro and includes portions of metagabbro; minor magnetite and/or ilmenite; metamorphosed,"gabbronorite,gabbro,metagabbro",174384.33833539646,,Windimurra Igneous Complex,"Windimurra Igneous Complex, upper zone",,gabbronorite,,igneous mafic intrusive,
3452,A-ANwz-xoglj-amy,"Windimurra Igneous Complex, upper zone",Interlayered magnetite- and ilmenite-bearing leucogabbro and layered magnetitite units <0.5 m thick; metamorphosed,"leucogabbro,magnetitite",168124.35279238946,,Windimurra Igneous Complex,"Windimurra Igneous Complex, upper zone",,gabbro,magnetitite,igneous mafic intrusive,igneous ultramafic intrusive
1679,A-ANyb-mod,"Youanmi Igneous Complex, border zone",Metadolerite with amphibole pseudomorphs after clinopyroxene; locally weakly deformed,metadolerite,188510.19792156888,,Youanmi Igneous Complex,"Youanmi Igneous Complex, border zone",,metadolerite,,meta-igneous mafic intrusive,
1649,A-ANyb-od,"Youanmi Igneous Complex, border zone",Dolerite; metamorphosed,dolerite,189522.8505393991,,Youanmi Igneous Complex,"Youanmi Igneous Complex, border zone",,dolerite,,igneous mafic intrusive,
1444,A-ANyl-masr,"Youanmi Igneous Complex, lower zone",Tremolite-bearing ultramafic schist derived from intrusive rock; local poorly preserved cumulate textures; locally strongly sheared,"schist,ultramafic",198190.4949023866,,Youanmi Igneous Complex,"Youanmi Igneous Complex, lower zone",,ultramafic schist derived from intrusive rock,,meta-igneous ultramafic intrusive,
1681,A-ANyl-mog,"Youanmi Igneous Complex, lower zone","Metagabbro, locally strongly sheared",metagabbro,199367.858725291,,Youanmi Igneous Complex,"Youanmi Igneous Complex, lower zone",,metagabbro,,meta-igneous mafic intrusive,
1766,A-ANyl-ol,"Youanmi Igneous Complex, lower zone",Olivine gabbro grading into olivine gabbronorite; metamorphosed,"gabbro,gabbronorite",200872.34226468476,,Youanmi Igneous Complex,"Youanmi Igneous Complex, lower zone",,olivine gabbronorite,,igneous mafic intrusive,
1756,A-ANyl-xog-od,"Youanmi Igneous Complex, lower zone","Gabbro interlayered with, and locally grading into, dolerite; layering typically on a 50?500 m scale; metamorphosed","gabbro,dolerite",194967.28057701982,,Youanmi Igneous Complex,"Youanmi Igneous Complex, lower zone",,gabbro,dolerite,igneous mafic intrusive,igneous mafic intrusive
3456,A-ANyl-xogx-mat,"Youanmi Igneous Complex, lower zone",Modally layered pyroxenitic gabbro interlayered with serpentinite; metamorphosed,"gabbro,serpentinite",195655.24455556323,,Youanmi Igneous Complex,"Youanmi Igneous Complex, lower zone",,gabbro,serpentinite derived from intrusive rock,igneous mafic intrusive,meta-igneous ultramafic intrusive
1683,A-ANym-ax,"Youanmi Igneous Complex, middle zone",Pyroxenite with 4?8 mm grain size; amphibole pseudomorphs after pyroxene locally abundant; metamorphosed,pyroxenite,190235.95746391895,,Youanmi Igneous Complex,"Youanmi Igneous Complex, middle zone",,pyroxenite (intrusive),,igneous ultramafic intrusive,
1682,A-ANym-ogl,"Youanmi Igneous Complex, middle zone","Leucogabbro, locally grading into gabbro; metamorphosed","leucogabbro,gabbro",190561.5817000226,,Youanmi Igneous Complex,"Youanmi Igneous Complex, middle zone",,gabbro,,igneous mafic intrusive,
1692,A-ANym-xog-ogx,"Youanmi Igneous Complex, middle zone",Gabbro interlayered with melagabbro on a 50 m scale; contacts locally gradational; metamorphosed,gabbro,189307.5710850768,,Youanmi Igneous Complex,"Youanmi Igneous Complex, middle zone",,gabbro,gabbro,igneous mafic intrusive,igneous mafic intrusive
3469,A-ANym-xom-og,"Youanmi Igneous Complex, middle zone",Gabbronorite interlayered with gabbro on a 50 m scale; contacts locally gradational; locally with interstitial magnetite; metamorphosed,"gabbro,gabbronorite",189046.09735156142,,Youanmi Igneous Complex,"Youanmi Igneous Complex, middle zone",,gabbronorite,gabbro,igneous mafic intrusive,igneous mafic intrusive
1760,A-ANyo-masr,Youanmi Igneous Complex,Tremolite-rich ultramafic schist derived from intrusive rocks; locally grades into metapyroxenite or serpentinite; locally strongly sheared,"schist,ultramafic,metapyroxenite,serpentinite",198627.78893071853,,Youanmi Igneous Complex,,,ultramafic schist derived from intrusive rock,,meta-igneous ultramafic intrusive,
1446,A-ANyo-moga,Youanmi Igneous Complex,"Metagabbro, with locally abundant amphibole porphyroblasts; locally sheared",metagabbro,188455.0152172515,,Youanmi Igneous Complex,,,metagabbro,,meta-igneous mafic intrusive,
1729,A-ANyz-am,"Youanmi Igneous Complex, upper zone","Magnetitite layers in magnetite-rich gabbro; magnetite cumulate crystals form up to 95% of the rock; interstitial plagioclase, pyroxene, and rare olivine; metamorphosed","gabbro,magnetitite",200284.18152401655,,Youanmi Igneous Complex,"Youanmi Igneous Complex, upper zone",,magnetitite,,igneous ultramafic intrusive,
1651,A-ANyz-ogl,"Youanmi Igneous Complex, upper zone","Leucogabbro, locally grading into gabbro and leuconorite; minor magnetite cumulate crystals; metamorphosed","leucogabbro,gabbro,leuconorite",194062.25228695828,,Youanmi Igneous Complex,"Youanmi Igneous Complex, upper zone",,gabbro,,igneous mafic intrusive,
1725,A-ANyz-oh,"Youanmi Igneous Complex, upper zone",Hornblende gabbro with 8?15 mm hornblende oikocrysts in medium-grained gabbroic matrix; locally modally layered with layers of fewer hornblende crystals; metamorphosed,gabbro,195989.6399603633,,Youanmi Igneous Complex,"Youanmi Igneous Complex, upper zone",,hornblende gabbro,,igneous mafic intrusive,
1648,A-ANyz-xam-ogl,"Youanmi Igneous Complex, upper zone",Magnetitite interlayered with modally layered magnetite-bearing leucogabbro; metamorphosed,"leucogabbro,magnetitite",192897.85775159675,,Youanmi Igneous Complex,"Youanmi Igneous Complex, upper zone",,magnetitite,gabbro,igneous ultramafic intrusive,igneous mafic intrusive
1726,A-ANyz-xogl-amy,"Youanmi Igneous Complex, upper zone",Leucogabbro interlayered with thin magnetitite horizons on a 50 cm scale; metamorphosed,"leucogabbro,magnetitite",193041.25001901237,,Youanmi Igneous Complex,"Youanmi Igneous Complex, upper zone",,gabbro,magnetitite,igneous mafic intrusive,igneous ultramafic intrusive
1669,A-BRG-g,Walganna Suite,Monzogranite to syenogranite; undeformed,"monzogranite,syenogranite",176847.5560914029,,,,,,,igneous granitic,
2803,A-BRG-gm,Walganna Suite,"Monzogranite, locally rich in muscovite and biotite; predominantly with equigranular texture and locally K-feldspar phyric; includes deeply weathered rock",monzogranite,37682.43191723002,,,,,monzogranite,,igneous granitic,
3365,A-BRG-gmfe,Walganna Suite,Monzogranite to syenogranite; undeformed; common magmatic foliation,"monzogranite,syenogranite",21275.46532474159,,,,,monzogranite,,igneous granitic,
2293,A-BRG-gmp,Walganna Suite,K-feldspar-porphyritic to megacrystic monzogranite; common magmatic foliation,monzogranite,22284.751346933124,,,,,monzogranite,,igneous granitic,
1779,A-BRG-gpv,Walganna Suite,Muscovite-rich pegmatite with books of muscovite and quartz?feldspar intergrowths >1 cm; lepidolite and fluorite bearing locally,pegmatite,191471.93753959134,,,,,pegmatite,,igneous granitic,
2029,A-BRG-jgm-mgmu,Walganna Suite,"Monzogranite and porphyritic monzogranite with abundant, decametre-scale xenoliths of monzogranitic gneiss with K-feldspar augen","monzogranite,monzogranite,gneiss",112170.6804124364,,,,,monzogranite,metamonzogranite,igneous granitic,meta-igneous felsic intrusive
3298,A-BRG-jgmp-md,Walganna Suite,"K-feldspar megacrystic monzogranite, typically biotite rich; abundant rafts of metasedimentary siliciclastic rocks, locally with recrystallized quartz","monzogranite,metasedimentary,siliciclastic",188051.59511867628,,,,,monzogranite,metasiliciclastic rock,igneous granitic,metasedimentary siliciclastic
1464,A-BRG-xgm-gp,Walganna Suite,"Monzogranite, typically muscovite and biotite rich with abundant pegmatite veins","monzogranite,pegmatite",187720.67771459825,,,,,monzogranite,pegmatite,igneous granitic,igneous granitic
1671,A-BRG-xgmfp-gmal,Walganna Suite,"K-feldspar porphyritic, flow-banded monzogranite intruded by undeformed fine-grained monzogranite with common magmatic foliation","monzogranite,monzogranite",182682.94035445908,,,,,monzogranite,monzogranite,igneous granitic,igneous granitic
3553,A-BRco-gm,Cootharra Monzogranite,Medium- to coarse-grained monzogranite; undeformed; locally muscovite-rich,monzogranite,224410.06072903695,,Cootharra Monzogranite,,,monzogranite,,igneous granitic,
2510,A-BRco-gmv,Cootharra Monzogranite,Muscovite monzogranite; medium to coarse grained; undeformed,monzogranite,254525.5919852657,,Cootharra Monzogranite,,,monzogranite,,igneous granitic,
563,A-BRga-gm,Garden Rock Monzogranite,Monzogranite to syenogranite; undeformed; common magmatic foliation,"monzogranite,syenogranite",206554.84002260727,,Garden Rock Monzogranite,,,monzogranite,,igneous granitic,
896,A-BRga-gmp,Garden Rock Monzogranite,K-feldspar porphyritic monzogranite; undeformed; common magmatic foliation,monzogranite,210625.9259938271,,Garden Rock Monzogranite,,,monzogranite,,igneous granitic,
3307,A-BRse-gme,Seeligson Monzogranite,"Equigranular, coarse-grained, undeformed monzogranite with 4?12 mm grain size; locally with 3 cm long K-feldspar megacrysts; metamorphosed",monzogranite,23275.96814207436,,Seeligson Monzogranite,,,monzogranite,,igneous granitic,
3325,A-BRtg-gm,Telegootherra Monzogranite,Monzogranite to syenogranite; undeformed; common magmatic foliation,"monzogranite,syenogranite",190507.68152517334,,Telegootherra Monzogranite,,,monzogranite,,igneous granitic,
1754,A-BRwa-gm,Walgoo Monzogranite,"Monzogranite, locally rich in muscovite and biotite; predominantly with equigranular texture and locally K-feldspar porphyritic",monzogranite,161599.27608100322,,Walgoo Monzogranite,,,monzogranite,,igneous granitic,
1876,A-BRwa-gmv,Walgoo Monzogranite,Muscovite-bearing monzogranite; medium to coarse grained; marginal facies is pegmatitic and locally fluorite-bearing,monzogranite,159123.61148957475,,Walgoo Monzogranite,,,monzogranite,,igneous granitic,
2030,A-BRwg-gmby,Wangata Monzogranite,"Coarse-grained, undeformed monzogranite with distinctive igneous layering defined by gradational variation in the modal abundance of biotite and K-feldspar (0.5 to 3 m scale); K-feldspar up to 30 mm long; metamorphosed",monzogranite,114560.61586329475,,Wangata Monzogranite,,,monzogranite,,igneous granitic,
3380,A-BRyb-gmv,Yarrabubba Monzogranite,"Medium- to coarse-grained, muscovite?albite monzogranite; contains veins of quartz, pseudotachylite, and muscovite-bearing pegmatite; quartz grains show microscopic planar deformation features","monzogranite,pegmatite",278047.05317078345,,Yarrabubba Monzogranite,,,monzogranite,,igneous granitic,
309,A-GLr-mhs,Ryansville Formation,Schistose pelite and psammite; local biotite porphyroblasts and minor bands of felsic volcaniclastic rock,"pelite,psammite,volcaniclastic",159171.29177065432,Glen Group,Ryansville Formation,,,psammitic and pelitic schist; interlayered,,metasedimentary siliciclastic: psammite and pelite; interlayered,
313,A-GLr-scc,Ryansville Formation,Chert pebble to boulder conglomerate; generally well sorted; weakly metamorphosed,"chert,conglomerate",159317.6660983047,Glen Group,Ryansville Formation,,,conglomerate,,sedimentary siliciclastic,
3401,A-GLw-bk,Wattagee Formation,Komatiitic basalt with local pyroxene spinifex texture; weakly metamorphosed,basalt,215190.4615487434,Glen Group,Wattagee Formation,,,komatiitic basalt,,igneous mafic volcanic,
3398,A-GLw-bs,Wattagee Formation,Pyroxene spinifex-textured basalt and local basalt; locally variolitic; weakly metamorphosed,"basalt,basalt",222431.46683156196,Glen Group,Wattagee Formation,,,pyroxene spinifex-textured basalt,,igneous mafic volcanic,
1212,A-GLw-mus,Wattagee Formation,Ultramafic schist; commonly deeply weathered,"schist,ultramafic",163467.4950197012,Glen Group,Wattagee Formation,,,ultramafic schist; volcanic or undivided,,meta-igneous ultramafic volcanic or undivided,
847,A-JU-mgmm,Jungar Suite,"Muscovite metagranite; medium to coarse grained, equigranular; foliated",metagranite,217201.5501201284,,,,,metamonzogranite,,meta-igneous felsic intrusive,
725,A-JU-mgms,Jungar Suite,"Foliated biotite metamonzogranite; minor metagranodiorite, metasyenogranite, and metapegmatite; fine to coarse grained; locally gneissic","metamonzogranite,metagranodiorite,metapegmatite,metasyenogranite",211774.04725410452,,,,,metamonzogranite,,meta-igneous felsic intrusive,
2430,A-MUg-xfr-fd,Gossan Hill Formation,"Felsic volcanic and volcaniclastic rocks, rhyolitic to dacitic in composition; locally with economic massive sulfide mineralization; metamorphosed","volcanic,volcaniclastic",67456.8562043752,,Gossan Hill Formation,,,rhyolite,dacite,igneous felsic volcanic,igneous felsic volcanic
2527,A-MUgg-xfc-zs,Golden Grove Member,"Rhyodacite, dacite and laminated felsic volcaniclastic rocks; host to economic massive sulfide horizons; metamorphosed","rhyodacite,dacite,volcaniclastic",41347.996927404856,,Gossan Hill Formation,Golden Grove Member,,rhyodacite,massive sulfide,igneous felsic volcanic,hydrothermal
2564,A-MUgm-bb,Minjar Member,"Basalt, commonly with 1?2 mm plagioclase phenocrysts; locally abundant amygdaloidal basalt and minor basaltic andesite; metamorphosed","basalt,andesite,basalt",39588.07240076367,,Gossan Hill Formation,Minjar Member,,basalt,,igneous mafic volcanic,
2558,A-MUgm-xf-s,Minjar Member,Felsic volcaniclastic rocks and fine-grained siliciclastic sedimentary rocks; minor amygdaloidal basalt; metamorphosed,"siliciclastic,volcaniclastic,basalt",39507.72336364824,,Gossan Hill Formation,Minjar Member,,,,igneous felsic volcanic,sedimentary siliciclastic
2579,A-MUgu-fdp,Scuddles Member,Porphyritic dacite with lesser rhyodacite and felsic volcaniclastic units; locally with economic sulfide mineralization; metamorphosed,"dacite,rhyodacite,volcaniclastic",40744.15281248546,,Gossan Hill Formation,Scuddles Member,,dacite,,igneous felsic volcanic,
2526,A-MUgv-fr,Gossan Valley Member,Quartz-porphyritic rhyolite and felsic volcaniclastic rocks; metamorphosed,"rhyolite,volcaniclastic",42541.493589058664,,Gossan Hill Formation,Gossan Valley Member,,rhyolite,,igneous felsic volcanic,
2117,A-NO-bb,Norie Group,Basalt and minor basaltic andesite; locally pillowed and/or vesicular; massive to weakly foliated; locally strongly sheared and metamorphosed,"andesite,basalt",82108.56276655081,Norie Group,,,,basalt,,igneous mafic volcanic,
2119,A-NO-bbd,Norie Group,Pillowed and spherulitic basalt; spherules locally abundant and up to 15 mm in diameter; metamorphosed,basalt,80857.7489399077,Norie Group,,,,basalt,,igneous mafic volcanic,
2101,A-NO-bbg,Norie Group,"Amygdaloidal basalt with 3?10 mm, quartz-filled amygdales; locally variolitic; flows typically 5 m thick; minor pillow lava; grades into amphibolitic metabasalt; metamorphosed","basalt,metabasalt",108343.56575668747,Norie Group,,,,basalt,,igneous mafic volcanic,
2102,A-NO-bs,Norie Group,"Pyroxene spinifex-textured basalt with 4?20 mm, acicular crystals in a devitrified matrix; locally grading into mafic?ultramafic schist; metamorphosed","basalt,mafic?ultramafic,schist",104634.67221399421,Norie Group,,,,pyroxene spinifex-textured basalt,,igneous mafic volcanic,
2123,A-NO-fd,Norie Group,Dacitic volcanic rock as thin horizons; metamorphosed,volcanic,94208.18281172065,Norie Group,,,,dacite,,igneous felsic volcanic,
3035,A-NO-frt,Norie Group,Moderately well-bedded volcaniclastic sandstone to siltstone of rhyolitic to dacitic affinity; metamorphosed,"sandstone,siltstone,volcaniclastic",43919.233465142686,Norie Group,,,,rhyolite,,igneous felsic volcanic,
2124,A-NO-mba,Norie Group,Amphibolite and local metabasalt; fine to medium grained; typically foliated and lineated,"amphibolite,metabasalt",109705.75317869552,Norie Group,,,,amphibolite derived from volcanic rock,,meta-igneous mafic volcanic,
3546,A-NO-mbs,Norie Group,Mafic schist derived from volcanic rock; locally preserved relict pyroxene-spinifex texture,"mafic,schist,volcanic",71822.77127932421,Norie Group,,,,mafic schist derived from volcanic rock,,meta-igneous mafic volcanic,
3600,A-NO-mcb,Norie Group,Metamorphosed banded chert; locally with ferruginous horizons; locally schistose,chert,43632.39272692888,Norie Group,,,,meta-banded chert,,metasedimentary other chemical,
3032,A-NO-md,Norie Group,"Metasedimentary rock, undivided; includes metamorphosed sandstone, siltstone, shale, and chert; locally abundant banded chert; commonly deeply weathered","chert,chert,sandstone,shale,siltstone",37287.00962781967,Norie Group,,,,metasiliciclastic rock,,metasedimentary siliciclastic,
2802,A-NO-mib,Norie Group,Metamorphosed banded iron-formation locally with recrystallized quartz and magnetite; typically moderately deformed,iron-formation,38526.92838136937,Norie Group,,,,meta-banded iron formation,,metasedimentary other chemical: meta-iron formation,
2810,A-NO-mtq,Norie Group,Quartzite; medium grained; commonly foliated; local relict bedding,quartzite,43558.67228243247,Norie Group,,,,quartzite,,metasedimentary siliciclastic: psammite,
2134,A-NO-mts,Norie Group,Psammitic schist; local pelite interlayers and relict bedding; locally strongly deformed,"schist,pelite",104782.34687461876,Norie Group,,,,psammitic schist,,metasedimentary siliciclastic: psammite,
1552,A-NO-musr,Norie Group,"Tremolite-rich ultramafic schist; locally interlayered with pyroxene spinifex-textured metabasalt, metadolerite, or mafic schist; typically sheared","schist,ultramafic,mafic,metabasalt,metadolerite,schist",126432.84491390422,Norie Group,,,,ultramafic schist; volcanic or undivided,,meta-igneous ultramafic volcanic or undivided,
2100,A-NO-mws,Norie Group,Mafic schist with abundant chlorite and actinolite; local amphibolite,"mafic,schist,amphibolite",104281.41403669947,Norie Group,,,,mafic schist,,meta-igneous mafic,
2136,A-NO-sn,Norie Group,"Undivided sedimentary rock, typically deeply weathered; metamorphosed",sedimentary-rock,91867.75737091123,Norie Group,,,,siliciclastic rock; undivided,,sedimentary siliciclastic,
2347,A-NO-xbk-mus,Norie Group,Komatiitic basalt with local pyroxene-spinifex texture interlayered with ultramafic schist derived from volcanic rocks; metamorphosed,"basalt,schist,ultramafic,volcanic",153080.5433445547,Norie Group,,,,komatiitic basalt,ultramafic schist; volcanic or undivided,igneous mafic volcanic,meta-igneous ultramafic volcanic or undivided
3013,A-NO-xmb-f,Norie Group,"Metabasalt, felsic volcaniclastic rocks, and banded iron-formation; strongly to weakly metamorphosed","metabasalt,iron-formation,volcaniclastic",40746.668845822984,Norie Group,,,,metamafic volcanic rock,,meta-igneous mafic volcanic,igneous felsic volcanic
1566,A-NO-xmbb-md,Norie Group,Metabasalt interlayered with dominantly psammitic sedimentary rocks; locally chlorite-rich and strongly sheared,metabasalt,132835.33171032422,Norie Group,,,,metabasalt,metasiliciclastic rock,meta-igneous mafic volcanic,metasedimentary siliciclastic
3596,A-NOs-bb,Singleton Formation,"Basalt, locally pillowed; thin hyaloclastite or siltstone horizons; metamorphosed","basalt,hyaloclastite,siltstone",36008.473582454564,Norie Group,Singleton Formation,,,basalt,,igneous mafic volcanic,
2894,A-NOs-bbo,Singleton Formation,Pillowed basalt; includes layers of black siltstone; metamorphosed,"basalt,siltstone",44541.364820963616,Norie Group,Singleton Formation,,,basalt,,igneous mafic volcanic,
2928,A-NOs-bs,Singleton Formation,Pyroxene spinifex-textured basalt; metamorphosed,basalt,43392.67195588291,Norie Group,Singleton Formation,,,pyroxene spinifex-textured basalt,,igneous mafic volcanic,
596,A-NOs-mb,Singleton Formation,Metamorphosed basalt and komatiitic basalt,"basalt,basalt",171155.6862109914,Norie Group,Singleton Formation,,,metamafic volcanic rock,,meta-igneous mafic volcanic,
2998,A-NOs-mbb,Singleton Formation,Metabasalt,metabasalt,42020.541781014545,Norie Group,Singleton Formation,,,metabasalt,,meta-igneous mafic volcanic,
364,A-NOs-mbbs,Singleton Formation,Strongly foliated metabasalt and local amphibolite,"amphibolite,metabasalt",163409.07622058515,Norie Group,Singleton Formation,,,metabasalt,,meta-igneous mafic volcanic,
3505,A-NOs-mbms,Singleton Formation,Metamorphosed komatiitic basalt; schistose; pyroxene-spinifex texture locally preserved,basalt,167085.22917230238,Norie Group,Singleton Formation,,,metakomatiitic basalt,,meta-igneous mafic volcanic,
363,A-NOs-mhs,Singleton Formation,Psammitic and pelitic schist interlayered on a metre to decametre scale; locally strongly sheared,schist,168516.5726295934,Norie Group,Singleton Formation,,,psammitic and pelitic schist; interlayered,,metasedimentary siliciclastic: psammite and pelite; interlayered,
2453,A-NOs-mu,Singleton Formation,"Metamorphosed ultramafic rock, undivided; typically deeply weathered",ultramafic,49626.620892145984,Norie Group,Singleton Formation,,,meta-ultramafic rock,,meta-igneous ultramafic volcanic or undivided,
3039,A-NOs-mup,Singleton Formation,Serpentinized metaperidotite; massive to foliated,metaperidotite,44785.65612076917,Norie Group,Singleton Formation,,,metaperidotite derived from volcanic rock,,meta-igneous ultramafic volcanic or undivided,
2902,A-NOs-xbbo-bbx,Singleton Formation,Interlayered pillow lava and hyaloclastite; locally abundant siltstone; metamorphosed,"hyaloclastite,siltstone",49507.97720511249,Norie Group,Singleton Formation,,,basalt,basalt,igneous mafic volcanic,igneous mafic volcanic
3045,A-NOs-xbs-mup,Singleton Formation,Pyroxene spinifex-textured basalt with metaperidotite; platy pyroxene spinifex up to 80 mm; olivine or pyroxene cumulates up to 150 m thick are typically serpentinized or tremolite rich,"basalt,metaperidotite",52772.535109480465,Norie Group,Singleton Formation,,,pyroxene spinifex-textured basalt,metaperidotite derived from volcanic rock,igneous mafic volcanic,meta-igneous ultramafic volcanic or undivided
1561,A-NOy-cib,Yaloginda Formation,Banded iron-formation and ferruginous banded chert; metamorphosed,"chert,iron-formation",152203.4243260835,Norie Group,Yaloginda Formation,,,iron formation,,sedimentary other chemical or biochemical,
3440,A-NOy-fd,Yaloginda Formation,Dacite; locally with abundant feldspar and subordinate quartz phenocrysts; locally rhyolitic and/or tuffaceous; metamorphosed,dacite,139907.1643897486,Norie Group,Yaloginda Formation,,,dacite,,igneous felsic volcanic,
1530,A-NOy-fr,Yaloginda Formation,Rhyolite and rhyolitic volcaniclastic rocks; fine to medium grained; massive to crudely bedded; metamorphosed,"rhyolite,volcaniclastic",145218.41071679903,Norie Group,Yaloginda Formation,,,rhyolite,,igneous felsic volcanic,
3529,A-NOy-jmts-mgs,Yaloginda Formation,Abundant rafts of psammitic schist in granitic schist,"granitic,schist,schist",136931.98160276137,Norie Group,Yaloginda Formation,,,psammitic schist,granitic schist,metasedimentary siliciclastic: psammite,meta-igneous felsic intrusive
1549,A-NOy-md,Yaloginda Formation,Metasiliciclastic rocks,metasiliciclastic,128696.82446904024,Norie Group,Yaloginda Formation,,,metasiliciclastic rock,,metasedimentary siliciclastic,
1403,A-NOy-mfa,Yaloginda Formation,Metamorphosed andesitic and dacitic volcanic and volcaniclastic rocks; local basaltic horizons,"volcanic,volcaniclastic",126768.53840622763,Norie Group,Yaloginda Formation,,,meta-andesite,,meta-igneous felsic volcanic,
1244,A-NOy-mfs,Yaloginda Formation,Felsic schist derived from volcanic rock; locally strongly sheared,"schist,volcanic",131838.7700347961,Norie Group,Yaloginda Formation,,,felsic schist derived from volcanic rock,,meta-igneous felsic volcanic,
1213,A-NOy-mhs,Yaloginda Formation,Psammitic and pelitic schist interlayered on a metre to decametre scale; locally strongly sheared,schist,126925.21409557575,Norie Group,Yaloginda Formation,,,psammitic and pelitic schist; interlayered,,metasedimentary siliciclastic: psammite and pelite; interlayered,
1594,A-NOy-mib,Yaloginda Formation,"Metamorphosed banded iron-formation; typically with coarse, granular, and recrystallized magnetite crystals; foliated",iron-formation,138354.6552545604,Norie Group,Yaloginda Formation,,,meta-banded iron formation,,metasedimentary other chemical: meta-iron formation,
1408,A-NOy-ml,Yaloginda Formation,"Pelite, locally strongly sheared",pelite,137092.6815675149,Norie Group,Yaloginda Formation,,,metasiltstone/metamudstone/metashale,,metasedimentary siliciclastic: pelite,
3517,A-NOy-mrs,Yaloginda Formation,Felsic schist; locally strongly sheared,schist,158581.30044623936,Norie Group,Yaloginda Formation,,,felsic schist,,meta-igneous felsic,
1514,A-NOy-mtq,Yaloginda Formation,Quartzite; locally interlayered with psammitic schist,"quartzite,schist",128990.26325735197,Norie Group,Yaloginda Formation,,,quartzite,,metasedimentary siliciclastic: psammite,
1214,A-NOy-mts,Yaloginda Formation,Psammitic schist; locally grading into pelitic schist or quartzite; includes cordierite-porphyroblastic metasedimentary rocks as xenoliths; locally strongly sheared,"schist,quartzite,schist",127761.68106375077,Norie Group,Yaloginda Formation,,,psammitic schist,,metasedimentary siliciclastic: psammite,
2338,A-NOy-xf-cib,Yaloginda Formation,Felsic volcaniclastic rocks and banded iron-formation; local quartzite and felsic schist; widely intruded by layered gabbroic to peridotitic sills; metamorphosed,"iron-formation,volcaniclastic,quartzite,schist",157459.58732699172,Norie Group,Yaloginda Formation,,,,iron formation,igneous felsic volcanic,sedimentary other chemical or biochemical
1663,A-NOyg-fdp,Youangarra Volcanics Member,Porphyritic dacite with abundant feldspar and subordinate quartz phenocrysts; metamorphosed,dacite,204453.74414231963,Norie Group,Yaloginda Formation,Youangarra Volcanics Member,,dacite,,igneous felsic volcanic,
1661,A-NOyg-mbs,Youangarra Volcanics Member,Mafic schist derived from volcanic rock; locally strongly sheared,"mafic,schist,volcanic",200482.97815292075,Norie Group,Yaloginda Formation,Youangarra Volcanics Member,,mafic schist derived from volcanic rock,,meta-igneous mafic volcanic,
1693,A-NOyg-mtqs,Youangarra Volcanics Member,Quartzitic schist; locally interlayered with psammitic schist; locally strongly sheared,"schist,schist",189534.84644462774,Norie Group,Yaloginda Formation,Youangarra Volcanics Member,,quartzite,,metasedimentary siliciclastic: psammite,
1660,A-NOyg-xfa-mbs,Youangarra Volcanics Member,Andesitic lava flows; locally schistose; interbedded with mafic schist; metamorphosed,"mafic,schist",199927.07060889443,Norie Group,Yaloginda Formation,Youangarra Volcanics Member,,andesite,mafic schist derived from volcanic rock,igneous felsic volcanic,meta-igneous mafic volcanic
1790,A-NOyg-xmbs-mfs,Youangarra Volcanics Member,"Mafic schist, interlayered on a decametre-scale with felsic schist; metamorphosed","mafic,schist,schist",201401.489250741,Norie Group,Yaloginda Formation,Youangarra Volcanics Member,,mafic schist derived from volcanic rock,felsic schist derived from volcanic rock,meta-igneous mafic volcanic,meta-igneous felsic volcanic
3346,A-NOyg-xmcb-mt,Youangarra Volcanics Member,Metamorphosed banded chert interlayered with psammitic rocks and minor felsic schist and metavolcaniclastic rocks,"chert,metavolcaniclastic,schist",194865.151156642,Norie Group,Yaloginda Formation,Youangarra Volcanics Member,,meta-banded chert,metasandstone,metasedimentary other chemical,metasedimentary siliciclastic: psammite
2439,A-NOyg-xmd-mfs,Youangarra Volcanics Member,Metamorphosed siliciclastic rocks interlayered with felsic schist; local dacitic lava to volcaniclastic rocks; minor metachert and metamorphosed banded iron-formation; locally strongly sheared,"schist,siliciclastic,iron-formation,metachert,volcaniclastic",189423.7810673111,Norie Group,Yaloginda Formation,Youangarra Volcanics Member,,metasiliciclastic rock,felsic schist derived from volcanic rock,metasedimentary siliciclastic,meta-igneous felsic volcanic
1321,A-NOyk-frp,Kantie Murdana Volcanics Member,Quartz?feldspar porphyritic rhyolite; weak to schistose foliation; metamorphosed,rhyolite,190867.36874730574,Norie Group,Yaloginda Formation,Kantie Murdana Volcanics Member,,rhyolite,,igneous felsic volcanic,
2503,A-NOyk-frt,Kantie Murdana Volcanics Member,Felsic tuff and tuffaceous rock; finely banded; fine to medium grained; locally crystal-rich; includes coherent rhyolite to dacite with quartz and feldspar phenocrysts; metamorphosed; variably foliated,"tuff,dacite,rhyolite",198473.57489444086,Norie Group,Yaloginda Formation,Kantie Murdana Volcanics Member,,rhyolite,,igneous felsic volcanic,
3448,A-NOyk-mfe,Kantie Murdana Volcanics Member,"Recrystallized, equigranular felsic volcanic and sedimentary rocks with 1?5 mm grain size",volcanic,188092.21803230958,Norie Group,Yaloginda Formation,Kantie Murdana Volcanics Member,,felsic granofels/hornfels derived from volcanic rock,,meta-igneous felsic volcanic,
987,A-NOyk-mhsr,Kantie Murdana Volcanics Member,Psammitic and pelitic schist with abundant cordierite poikiloblasts up to 15 mm in diameter,schist,214615.24053518366,Norie Group,Yaloginda Formation,Kantie Murdana Volcanics Member,,psammitic and pelitic schist; interlayered,,metasedimentary siliciclastic: psammite and pelite; interlayered,
2808,A-PO-bb,Polelle Group,Fine- to very fine-grained basalt; locally moderately foliated; metamorphosed,basalt,29755.613652758526,Polelle Group,,,,basalt,,igneous mafic volcanic,
3567,A-PO-bs,Polelle Group,Spinifex-textured basalt with acicular pyroxene crystals up to 30 mm; local aphyric basalt; metamorphosed,"basalt,basalt",32293.85822039474,Polelle Group,,,,pyroxene spinifex-textured basalt,,igneous mafic volcanic,
2801,A-PO-fa,Polelle Group,Andesitic volcanic rock; minor dacite; local volcanic breccia to sandstone; includes minor tuffaceous rhyolite and schistose equivalents; metamorphosed,"volcanic,dacite,rhyolite,sandstone,volcanic",29776.48075983221,Polelle Group,,,,andesite,,igneous felsic volcanic,
3561,A-PO-mbs,Polelle Group,Mafic schist with minor ultramafic schist; typically actinolite?tremolite?chlorite; locally strongly sheared,"mafic,schist,schist,ultramafic",30636.750572351822,Polelle Group,,,,mafic schist derived from volcanic rock,,meta-igneous mafic volcanic,
2524,A-PO-mib,Polelle Group,Metamorphosed banded iron-formation and minor banded chert; typical granular texture with magnetite and quartz grains 0.5 to 1.5 mm in size,"chert,iron-formation",35556.847904578746,Polelle Group,,,,meta-banded iron formation,,metasedimentary other chemical: meta-iron formation,
2163,A-PO-xmb-mf,Polelle Group,Metabasalt and felsic metavolcanic rock; strongly foliated to schistose,"metabasalt,metavolcanic",97025.19362700745,Polelle Group,,,,metamafic volcanic rock,metafelsic volcanic rock,meta-igneous mafic volcanic,meta-igneous felsic volcanic
854,A-POc-mi,Coodardy Pool Formation,Metamorphosed iron formation; weakly layered; strongly foliated,iron-formation,215302.54047746462,Polelle Group,Coodardy Pool Formation,,,meta-iron formation,,metasedimentary other chemical: meta-iron formation,
1902,A-POc-mlsg,Coodardy Pool Formation,Garnet?mica schist with 2?5 mm euhedral garnets; commonly altered,schist,20907.622483919673,Polelle Group,Coodardy Pool Formation,,,pelitic schist,,metasedimentary siliciclastic: pelite,
705,A-POg-fa,Greensleeves Formation,"Andesite; massive to fragmental, with siliceous clasts; pale grey weathering, silicified",andesite,224705.61869034715,Polelle Group,Greensleeves Formation,,,andesite,,igneous felsic volcanic,
808,A-POg-fdt,Greensleeves Formation,Grey dacite and dacitic volcaniclastic rocks; commonly with plagioclase phenocrysts; locally vesicular; weakly metamorphosed,"dacite,volcaniclastic",222052.21646623802,Polelle Group,Greensleeves Formation,,,dacite,,igneous felsic volcanic,
3236,A-POg-fr,Greensleeves Formation,Rhyolite and rhyolitic volcaniclastic rocks; massive to coarsely fragmental; quartz phyric; locally foliated; weakly metamorphosed,"rhyolite,volcaniclastic",156947.94374590885,Polelle Group,Greensleeves Formation,,,rhyolite,,igneous felsic volcanic,
3404,A-POg-frmb,Greensleeves Formation,Crystal-vitric rhyolite breccia and volcaniclastic sandstone; locally foliated; weakly metamorphosed,"rhyolite,sandstone,volcaniclastic",211341.70502333212,Polelle Group,Greensleeves Formation,,,rhyolite,,igneous felsic volcanic,
3204,A-POg-mfds,Greensleeves Formation,Dacitic schist; locally feldspar(?quartz) porphyritic; rare graded bedding,schist,153540.319837275,Polelle Group,Greensleeves Formation,,,metadacite,,meta-igneous felsic volcanic,
3234,A-POg-mfs,Greensleeves Formation,Felsic schist derived from volcanic rock; commonly deeply weathered,"schist,volcanic",162472.27668203847,Polelle Group,Greensleeves Formation,,,felsic schist derived from volcanic rock,,meta-igneous felsic volcanic,
3360,A-POg-mhs,Greensleeves Formation,Schistose pelite and psammite; locally contains biotite porphyroblasts,"pelite,psammite",147581.75341026785,Polelle Group,Greensleeves Formation,,,psammitic and pelitic schist; interlayered,,metasedimentary siliciclastic: psammite and pelite; interlayered,
1923,A-POm-bb,Meekatharra Formation,Basalt; massive to weakly foliated; locally pillowed and/or vesicular; metamorphosed,basalt,20906.554262765258,Polelle Group,Meekatharra Formation,,,basalt,,igneous mafic volcanic,
2175,A-POm-bbd,Meekatharra Formation,Variolitic basalt; locally pillowed with a fine-grained groundmass; varioles typically comprise up to 90% of rock; metamorphosed,basalt,20914.939191652782,Polelle Group,Meekatharra Formation,,,basalt,,igneous mafic volcanic,
1925,A-POm-bbg,Meekatharra Formation,Amygdaloidal basalt with quartz-filled vesicles; typically massive groundmass; rare hyaloclastite or plagioclase-porphyritic texture; locally strongly lineated; metamorphosed,"basalt,hyaloclastite",21227.99903471537,Polelle Group,Meekatharra Formation,,,basalt,,igneous mafic volcanic,
2891,A-POm-bbo,Meekatharra Formation,Pillowed basalt; local hyaloclastite; fractured to foliated; weakly metamorphosed,"basalt,hyaloclastite",40818.321394411156,Polelle Group,Meekatharra Formation,,,basalt,,igneous mafic volcanic,
2139,A-POm-bk,Meekatharra Formation,"Komatiitic basalt, typically with platy pyroxene spinifex textures; locally pillowed and/or variolitic; fractured to locally foliated; weakly metamorphosed",basalt,90412.45056150717,Polelle Group,Meekatharra Formation,,,komatiitic basalt,,igneous mafic volcanic,
848,A-POm-bko,Meekatharra Formation,Pillowed komatiitic basalt; local fine pyroxene-spinifex texture; weakly metamorphosed,basalt,221104.02436641644,Polelle Group,Meekatharra Formation,,,komatiitic basalt,,igneous mafic volcanic,
2825,A-POm-bs,Meekatharra Formation,Pyroxene spinifex-textured basalt and minor basalt; locally variolitic; interlayered with thin sills of granophyric to coarse-grained leucogabbro; metamorphosed,"basalt,basalt,leucogabbro",20947.986688045403,Polelle Group,Meekatharra Formation,,,pyroxene spinifex-textured basalt,,igneous mafic volcanic,
3384,A-POm-mbas,Meekatharra Formation,Amphibolite schist derived from basalt; fine to medium grained; commonly also lineated,"amphibolite,basalt,schist",164987.76446328795,Polelle Group,Meekatharra Formation,,,amphibolite derived from volcanic rock,,meta-igneous mafic volcanic,
3223,A-POm-mbb,Meekatharra Formation,Metabasalt; generally fine grained and massive; locally pillowed and/or vesicular,metabasalt,154565.00190265008,Polelle Group,Meekatharra Formation,,,metabasalt,,meta-igneous mafic volcanic,
379,A-POm-mbba,Meekatharra Formation,Amphibolite derived from basalt; massive to foliated and/or lineated,"amphibolite,basalt",165505.924586561,Polelle Group,Meekatharra Formation,,,metabasalt,,meta-igneous mafic volcanic,
3403,A-POm-mbbs,Meekatharra Formation,Strongly foliated metabasalt and local amphibolite,"amphibolite,metabasalt",210417.38234296913,Polelle Group,Meekatharra Formation,,,metabasalt,,meta-igneous mafic volcanic,
3410,A-POm-mbm,Meekatharra Formation,"Metamorphosed komatiitic basalt; massive to pillowed with local hyaloclastite; with fracture cleavage, or foliated","basalt,hyaloclastite",180277.81897344688,Polelle Group,Meekatharra Formation,,,metakomatiitic basalt,,meta-igneous mafic volcanic,
317,A-POm-mbms,Meekatharra Formation,Fine-grained ultramafic schist derived from komatiitic basalt; local talc?carbonate rock; commonly deeply weathered,"basalt,schist,ultramafic",151297.87013980793,Polelle Group,Meekatharra Formation,,,metakomatiitic basalt,,meta-igneous mafic volcanic,
3478,A-POm-mbs,Meekatharra Formation,"Foliated metamorphosed mafic rock; mainly chlorite?tremolite schist and fine-grained amphibolite with minor, foliated metagranite intercalations; locally relict pyroxene spinifex-texture preserved","mafic,amphibolite,metagranite,schist",90917.63291462832,Polelle Group,Meekatharra Formation,,,mafic schist derived from volcanic rock,,meta-igneous mafic volcanic,
874,A-POm-mhs,Meekatharra Formation,"Schistose pelite and psammite, with local biotite porphyroblasts","pelite,psammite",167718.233090144,Polelle Group,Meekatharra Formation,,,psammitic and pelitic schist; interlayered,,metasedimentary siliciclastic: psammite and pelite; interlayered,
1922,A-POm-mib,Meekatharra Formation,Metamorphosed banded iron-formation and banded chert; locally strongly deformed,"chert,iron-formation",21725.96263964388,Polelle Group,Meekatharra Formation,,,meta-banded iron formation,,metasedimentary other chemical: meta-iron formation,
2138,A-POm-mu,Meekatharra Formation,Metamorphosed ultramafic rock; local peridotite with relict olivine and/or pyroxene cumulate textures,"ultramafic,peridotite",106513.42079151585,Polelle Group,Meekatharra Formation,,,meta-ultramafic rock,,meta-igneous ultramafic volcanic or undivided,
559,A-POm-mukt,Meekatharra Formation,Talc?carbonate(?chlorite?serpentine) schist derived from komatiitic rock; commonly deeply weathered and lateritized,schist,168349.6095231299,Polelle Group,Meekatharra Formation,,,metakomatiite,,meta-igneous ultramafic volcanic or undivided,
2454,A-POm-musr,Meekatharra Formation,Tremolite?chlorite(?talc) schist,schist,21967.410854755664,Polelle Group,Meekatharra Formation,,,ultramafic schist; volcanic or undivided,,meta-igneous ultramafic volcanic or undivided,
802,A-POm-xmba-mgp,Meekatharra Formation,"Amphibolite, derived from basalt, with sheared metapegmatite veins; strongly transposed, foliated, lineated and folded; minor metamorphosed iron-formation","amphibolite,basalt,iron-formation,metapegmatite",210938.31602230394,Polelle Group,Meekatharra Formation,,,amphibolite derived from volcanic rock,metapegmatite,meta-igneous mafic volcanic,meta-igneous felsic intrusive
2408,A-POw-fn,Wilgie Mia Formation,"Felsic volcanic and volcaniclastic rocks, undivided; metamorphosed; commonly deeply weathered and kaolinized","volcanic,volcaniclastic",123501.93892208871,Polelle Group,Wilgie Mia Formation,,,felsic volcanic rock; undivided,,igneous felsic volcanic,
2410,A-POw-mhs,Wilgie Mia Formation,Schistose pelite and psammite with local biotite porphyroblasts,"pelite,psammite",152957.2040425307,Polelle Group,Wilgie Mia Formation,,,psammitic and pelitic schist; interlayered,,metasedimentary siliciclastic: psammite and pelite; interlayered,
2401,A-POw-mib,Wilgie Mia Formation,"Foliated metamorphosed banded iron-formation; commonly with coarse, granular, and recrystallized magnetite crystals",iron-formation,132077.43589623447,Polelle Group,Wilgie Mia Formation,,,meta-banded iron formation,,metasedimentary other chemical: meta-iron formation,
2,A-SDB-gmal,Big Bell Suite,"Fine-grained leucocratic monzogranite; porphyritic to equigranular, locally schistose; also commonly as dykes in greenstones",monzogranite,119714.79778024966,,,,,monzogranite,,igneous granitic,
2809,A-SDB-gmfe,Big Bell Suite,Equigranular monzogranite to syenogranite; common magmatic foliation and schlieren layering,"monzogranite,syenogranite",45437.38390892164,,,,,monzogranite,,igneous granitic,
2821,A-SDB-gmp,Big Bell Suite,K-feldspar porphyritic monzogranite; common magmatic foliation,monzogranite,47372.21760324064,,,,,monzogranite,,igneous granitic,
2551,A-SDB-jmg-mgti,Big Bell Suite,Granitic gneiss with rafts of migmatitic tonalite,"gneiss,granitic,tonalite",51954.59013289032,,,,,metagranitic rock,metatonalite,meta-igneous felsic intrusive,meta-igneous felsic intrusive
2529,A-SDB-jmg-mwas,Big Bell Suite,"Metamonzogranite to metatonalite with locally abundant rafts of amphibolite, decametres to hectometres in length; commonly foliated","amphibolite,metamonzogranite,metatonalite",44033.53882159556,,,,,metagranitic rock,amphibolite,meta-igneous felsic intrusive,meta-igneous mafic
3280,A-SDB-mg,Big Bell Suite,Metagranite; commonly foliated; includes granodiorite to monzogranite,"metagranite,granodiorite,monzogranite",130803.81278052113,,,,,metagranitic rock,,meta-igneous felsic intrusive,
3555,A-SDB-mgg,Big Bell Suite,Metagranodiorite; locally schlieric and gneissic; locally strongly sheared,metagranodiorite,69805.37379915765,,,,,metagranodiorite,,meta-igneous felsic intrusive,
306,A-SDB-mgml,Big Bell Suite,Foliated leucocratic metamonzogranite,metamonzogranite,116895.4556196713,,,,,metamonzogranite,,meta-igneous felsic intrusive,
3258,A-SDB-mgmm,Big Bell Suite,Muscovite metamonzogranite; foliated,metamonzogranite,162335.88398189782,,,,,metamonzogranite,,meta-igneous felsic intrusive,
3495,A-SDB-mgmn,Big Bell Suite,Gneissic metamonzogranite,metamonzogranite,117133.77764897588,,,,,metamonzogranite,,meta-igneous felsic intrusive,
3496,A-SDB-mgms,Big Bell Suite,"Medium-grained metamonzogranite, locally porphyritic; schistose to gneissic",metamonzogranite,111803.90864161617,,,,,metamonzogranite,,meta-igneous felsic intrusive,
3564,A-SDB-mgmu,Big Bell Suite,K-feldspar megacrystic biotite metamonzogranite; strongly foliated,metamonzogranite,59248.06662803276,,,,,metamonzogranite,,meta-igneous felsic intrusive,
525,A-SDB-xgmp-gmal,Big Bell Suite,"K-feldspar megacrystic, flow-banded monzogranite intruded by undeformed fine-grained granite with common magmatic foliation","granite,monzogranite",155755.2656916461,,,,,monzogranite,monzogranite,igneous granitic,igneous granitic
291,A-SDY-ap,Yalgowra Suite,"Peridotite, fine to medium grained; serpentinized and locally foliated",peridotite,124906.39349861986,,,,,pyroxene peridotite,,igneous ultramafic intrusive,
3221,A-SDY-ax,Yalgowra Suite,Pyroxenite; medium to coarse grained; weakly metamorphosed,pyroxenite,154313.42510981462,,,,,pyroxenite (intrusive),,igneous ultramafic intrusive,
3226,A-SDY-masr,Yalgowra Suite,Tremolite?chlorite(?talc) schist derived from intrusive peridotite,"peridotite,schist",170693.5304862609,,,,,ultramafic schist derived from intrusive rock,,meta-igneous ultramafic intrusive,
3215,A-SDY-od,Yalgowra Suite,"Dolerite; massive, locally weakly foliated; metamorphosed",dolerite,150253.13440711235,,,,,dolerite,,igneous mafic intrusive,
288,A-SDY-og,Yalgowra Suite,"Gabbro; massive to weakly foliated; local dolerite, quartz gabbro, and gabbronorite; weakly metamorphosed","gabbro,dolerite,gabbro,gabbronorite",124951.79772659967,,,,,gabbro,,igneous mafic intrusive,
3235,A-SDY-ogl,Yalgowra Suite,"Leucogabbro, coarse grained; locally with alternating layers of melanocratic and leucocratic gabbro; massive; weakly metamorphosed","leucogabbro,gabbro",162278.0840089392,,,,,gabbro,,igneous mafic intrusive,
486,A-SDY-ogy,Yalgowra Suite,"Gabbro; fine to medium grained, with compositional layering; weakly metamorphosed",gabbro,217952.67955801557,,,,,gabbro,,igneous mafic intrusive,
3198,A-SDY-oh,Yalgowra Suite,Hornblende gabbro with 4?8 mm grain size; contains up to 30% equant hornblende oikocrysts 6?20 mm in diameter; locally grades into hornblende-bearing melagabbro; metamorphosed,gabbro,165429.34321080334,,,,,hornblende gabbro,,igneous mafic intrusive,
560,A-SDcr-mgg,Crossroads Granodiorite,Metagranodiorite to metamonzogranite; commonly foliated,"metagranodiorite,metamonzogranite",159271.9206966063,,Crossroads Granodiorite,,,metagranodiorite,,meta-igneous felsic intrusive,
3405,A-SDcr-xmgm-gmp,Crossroads Granodiorite,Pegmatite-layered metamonzogranite gneiss,"gneiss,metamonzogranite",210291.33209852496,,Crossroads Granodiorite,,,metamonzogranite,monzogranite,meta-igneous felsic intrusive,igneous granitic
1873,A-THdb-mggu,Dromedary Bore Granite,Granodiorite gneiss; locally biotite rich with K-feldspar augen,"gneiss,granodiorite",152365.36539262297,,Dromedary Bore Granite,,,metagranodiorite,,meta-igneous felsic intrusive,
3559,A-THgn-mgg,Gnows Nest Granodiorite,Metamorphosed granodiorite to tonalite with K-feldspar phenocrysts up to 8 mm in 4?6 mm matrix,"granodiorite,tonalite",43142.01832316452,,Gnows Nest Granodiorite,,,metagranodiorite,,meta-igneous felsic intrusive,
2165,A-THgn-mgta,Gnows Nest Granodiorite,Metamorphosed tonalite to granodiorite with hornblende and K-feldspar phenocrysts up to 8 mm in 4?6 mm matrix,"granodiorite,tonalite",73070.897734415,,Gnows Nest Granodiorite,,,metatonalite,,meta-igneous felsic intrusive,
3547,A-THky-mgti,Kynea Migmatite,Migmatitic gneiss (tonalitic to granodioritic) with monzogranitic leucosomes,gneiss,19804.565095178536,,Kynea Migmatite,,,metatonalite,,meta-igneous felsic intrusive,
380,A-TU-gmal,Tuckanarra Suite,Fine-grained leucocratic monzogranite; massive; magmatic foliation common,monzogranite,141052.29420671516,,,,,monzogranite,,igneous granitic,
3308,A-TU-gmap,Tuckanarra Suite,"Quartz- and feldspar-phyric, fine-grained monzogranite; locally foliated",monzogranite,48957.13606797749,,,,,monzogranite,,igneous granitic,
1538,A-TU-jmggn-mba,Tuckanarra Suite,Gneissose metagranodiorite with abundant rafts of amphibolitic metabasalt; locally strongly sheared,"metabasalt,metagranodiorite",126214.96860527385,,,,,metagranodiorite,amphibolite derived from volcanic rock,meta-igneous felsic intrusive,meta-igneous mafic volcanic
1208,A-TU-mg,Tuckanarra Suite,Metamonzogranite to metagranodiorite; commonly foliated,"metagranodiorite,metamonzogranite",128941.69026252891,,,,,metagranitic rock,,meta-igneous felsic intrusive,
1882,A-TU-mgm,Tuckanarra Suite,"Metamonzogranite; medium to coarse grained, K-feldspar phyric; locally foliated to gneissic",metamonzogranite,126638.39367648457,,,,,metamonzogranite,,meta-igneous felsic intrusive,
303,A-TU-mgml,Tuckanarra Suite,"Medium-grained, leucocratic metamonzogranite; foliated",metamonzogranite,135901.2359211592,,,,,metamonzogranite,,meta-igneous felsic intrusive,
2854,A-TU-mgms,Tuckanarra Suite,Biotite metamonzogranite; strongly foliated,metamonzogranite,61798.68955780878,,,,,metamonzogranite,,meta-igneous felsic intrusive,
3361,A-TU-mgmu,Tuckanarra Suite,K-feldspar megacrystic biotite metamonzogranite; strongly foliated,metamonzogranite,49688.091714829265,,,,,metamonzogranite,,meta-igneous felsic intrusive,
3299,A-TU-mgss,Tuckanarra Suite,Strongly sheared and highly schistose metagranite,metagranite,197865.13940073407,,,,,foliated metagranite,,meta-igneous felsic intrusive,
877,A-TUcu-gmal,Cundimurra Monzogranite,"Fine-grained, leucocratic monzogranite; undeformed; magmatic foliation common",monzogranite,186266.55915597227,,Cundimurra Monzogranite,,,monzogranite,,igneous granitic,
3494,A-TUcu-gmfe,Cundimurra Monzogranite,Equigranular monzogranite to syenogranite; undeformed; magmatic foliation common,"monzogranite,syenogranite",171886.33924056994,,Cundimurra Monzogranite,,,monzogranite,,igneous granitic,
1875,A-TUcu-gmfp,Cundimurra Monzogranite,K-feldspar-phyric monzogranite to syenogranite; undeformed; magmatic foliation common,"monzogranite,syenogranite",129304.50411504754,,Cundimurra Monzogranite,,,monzogranite,,igneous granitic,
1877,A-TUcu-mgms,Cundimurra Monzogranite,"Schistose, equigranular metamonzogranite; includes minor schlieric gneiss, sheared quartz veins, and sheared pegmatitic rocks","gneiss,metamonzogranite",123571.78395090063,,Cundimurra Monzogranite,,,metamonzogranite,,meta-igneous felsic intrusive,
3532,A-TUcu-mgmu,Cundimurra Monzogranite,K-feldspar megacrystic biotite metamonzogranite; strongly foliated,metamonzogranite,118144.93044604137,,Cundimurra Monzogranite,,,metamonzogranite,,meta-igneous felsic intrusive,
3491,A-TUcu-mgmy,Cundimurra Monzogranite,Biotite metamonzogranite; mylonitic; commonly with pegmatite veins and other intrusive granitic phases,"metamonzogranite,granitic,pegmatite",164240.13974640114,,Cundimurra Monzogranite,,,metamonzogranite,,meta-igneous felsic intrusive,
2952,A-_ou-bd,Mougooderra Formation,"Basaltic andesite, basalt and andesite; massive to weakly foliated; locally pillowed or vesicular; metamorphosed","andesite,andesite,basalt",30230.87716267518,,Mougooderra Formation,,,basaltic andesite,,igneous mafic volcanic,
2966,A-_ou-f,Mougooderra Formation,"Felsic volcanic, volcaniclastic, and sedimentary rocks, undivided; locally schistose; metamorphosed; commonly deeply weathered","volcanic,volcaniclastic",27093.989306409298,,Mougooderra Formation,,,,,igneous felsic volcanic,
3590,A-_ou-mhs,Mougooderra Formation,"Thinly to thickly interbedded metaconglomerate, metasandstone and metasiltstone; locally with andalusite porphyroblasts; commonly schistose","metaconglomerate,metasandstone,metasiltstone",24128.551341120205,,Mougooderra Formation,,,psammitic and pelitic schist; interlayered,,metasedimentary siliciclastic: psammite and pelite; interlayered,
1945,A-_ou-mib,Mougooderra Formation,"Metamorphosed banded iron-formation, banded chert and ferruginous siltstone; locally hematite rich; common tight to isoclinal folds","iron-formation,chert,siltstone",42948.86298649997,,Mougooderra Formation,,,meta-banded iron formation,,metasedimentary other chemical: meta-iron formation,
1884,A-_ou-ml,Mougooderra Formation,"Very thin-bedded metasiltstone with lesser metasandstone; andalusite, garnet, cordierite, and orthoamphibole in contact aureoles adjacent to granitic intrusions","metasandstone,metasiltstone,granitic",23520.707500669232,,Mougooderra Formation,,,metasiltstone/metamudstone/metashale,,metasedimentary siliciclastic: pelite,
1942,A-_ou-mxs,Mougooderra Formation,"Polymictic metaconglomerate in lenses interbedded with metasandstone; clasts of banded chert dominant; local fuchsitic, granitic, andesitic, and vein quartz clasts, and boulder breccias; commonly schistose","metaconglomerate,metasandstone,chert,granitic",26198.51323112673,,Mougooderra Formation,,,psephitic schist,,metasedimentary siliciclastic: psephite,
2043,A-_ou-smb,Mougooderra Formation,"Conglomerate, metamorphosed and strongly foliated; locally contains mafic and granitic clasts","conglomerate,granitic,mafic",84316.0126055275,,Mougooderra Formation,,,conglomerate + other siliciclastic rock,,sedimentary siliciclastic,
2996,A-_ou-xmd-mx,Mougooderra Formation,"Interbedded metasandstone, quartzite, polymictic metaconglomerate and minor metasiltstone; heavy mineral laminae; common andalusite and contact metamorphic aureoles; locally strongly sheared, schistose","metasandstone,metaconglomerate,metasiltstone,quartzite",26472.050062382146,,Mougooderra Formation,,,metasiliciclastic rock,metaconglomerate,metasedimentary siliciclastic,metasedimentary siliciclastic: psephite
3028,A-_ou-xmhs-mib,Mougooderra Formation,"Metasandstone interbedded with polymictic metaconglomerate, metasiltstone and metamorphosed banded iron-formation; minor volcanic units; locally strongly deformed; common andalusite","metaconglomerate,metasandstone,iron-formation,metasiltstone,volcanic",30938.462256066043,,Mougooderra Formation,,,psammitic and pelitic schist; interlayered,meta-banded iron formation,metasedimentary siliciclastic: psammite and pelite; interlayered,metasedimentary other chemical: meta-iron formation
527,A-apu-YYO,Youanmi Terrane greenstones,"Peridotite, coarse grained; massive, locally weakly deformed; metamorphosed",peridotite,167322.51492312874,,,,,pyroxene peridotite,,igneous ultramafic intrusive,
2495,A-ax-YYO,Youanmi Terrane greenstones,Pyroxenite; medium to coarse grained; massive to weakly foliated; metamorphosed,pyroxenite,25335.076624145797,,,,,pyroxenite (intrusive),,igneous ultramafic intrusive,
2973,A-bb-YYO,Youanmi Terrane greenstones,"Basalt, metamorphosed; includes some amphibolite and amphibolitic schist derived from tholeiitic basalt; may contain  some metamorphosed high-Mg basalt, and minor mafic intrusive and volcaniclastic sedimentary rocks","basalt,amphibolite,basalt,basalt,mafic,schist,volcaniclastic",39446.64390599335,,,,,basalt,,igneous mafic volcanic,
2057,A-bbd-YYO,Youanmi Terrane greenstones,Pillowed and spherulitic basalt; metamorphosed,basalt,81594.97968350546,,,,,basalt,,igneous mafic volcanic,
2022,A-bbw-YYO,Youanmi Terrane greenstones,Variolitic basalt; locally basalt and/or pyroxene spinifex-textured basalt; metamorphosed,"basalt,basalt,basalt",71198.40308705515,,,,,basalt,,igneous mafic volcanic,
2494,A-bs-YYO,Youanmi Terrane greenstones,"Komatiitic basalt, commonly with pseudomorphed pyroxene-spinifex texture; metamorphosed and locally schistose; includes weakly metamorphosed tholeiitic basalt and minor mafic and ultramafic intrusive rocks","basalt,basalt,mafic,ultramafic",22543.407480942915,,,,,pyroxene spinifex-textured basalt,,igneous mafic volcanic,
2034,A-cib-YYO,Youanmi Terrane greenstones,Banded iron-formation and ferruginous banded chert; minor jaspilite; metamorphosed,"chert,iron-formation",77383.95746236616,,,,,iron formation,,sedimentary other chemical or biochemical,
1055,A-gmap-Y,Yilgarn Craton granites,"Fine-grained porphyritic monzogranite, as dykes; weakly metamorphosed; locally foliated",monzogranite,231861.97905596954,,,,,monzogranite,,igneous granitic,
1826,A-gn-Y,Yilgarn Craton granites,"Granitic rock, undivided; metamorphosed; includes deeply weathered rock",granitic,151968.5629977142,,,,,granitic rock; undivided,,igneous granitic,
3171,A-gnap-Y,Yilgarn Craton granites,Porphyritic microgranite; metamorphosed; locally schistose; includes deeply weathered rock,microgranite,153637.5503831315,,,,,granitic rock; undivided,,igneous granitic,
2187,A-gvlq-Y,Yilgarn Craton granites,Quartz?plagioclase granophyre; locally strongly foliated; commonly as dykes in greenstones,granophyre,157370.5125676354,,,,,granophyre,,igneous granitic,
1804,A-jmgm-mog-Y,Yilgarn Craton granites,Metamonzogranite with muscovite-rich patches; contains abundant decimetre-sized rafts of amphibolitic metagabbro; locally highly schistose,"metamonzogranite,metagabbro",178705.84136414374,,,,,metamonzogranite,metagabbro,meta-igneous felsic intrusive,meta-igneous mafic intrusive
3026,A-ma-YYO,Youanmi Terrane greenstones,Meta-ultramafic intrusive rock; locally abundant serpentinite,"ultramafic,serpentinite",52429.15031265795,,,,,meta-ultramafic intrusive rock,,meta-igneous ultramafic intrusive,
1943,A-maps-YYO,Youanmi Terrane greenstones,Chlorite?tremolite(?talc) schist derived from peridotite,"peridotite,schist",31988.276678979775,,,,,metaperidotite derived from intrusive rock,,meta-igneous ultramafic intrusive,
2046,A-mba-YYO,Youanmi Terrane greenstones,Amphibolite derived from mafic volcanic rocks; fine to medium grained; typically foliated,"amphibolite,mafic,volcanic",76875.29277379863,,,,,amphibolite derived from volcanic rock,,meta-igneous mafic volcanic,
1909,A-mbb-YYO,Youanmi Terrane greenstones,"Metabasalt, locally amygdaloidal; massive to foliated; includes minor metadolerite and subordinate metamorphosed pyroxene spinifex-textured basalt","metabasalt,basalt,metadolerite",44259.68883276642,,,,,metabasalt,,meta-igneous mafic volcanic,
822,A-mbbs-YYO,Youanmi Terrane greenstones,Fine-grained schist derived from basalt; includes amphibole?chlorite assemblages; local metagabbro and ultramafic schist,"basalt,schist,metagabbro,schist,ultramafic",228903.09295954223,,,,,metabasalt,,meta-igneous mafic volcanic,
2498,A-mbs-YYO,Youanmi Terrane greenstones,Mafic schist derived from fine-grained mafic rocks,"mafic,mafic,schist",22037.959859631574,,,,,mafic schist derived from volcanic rock,,meta-igneous mafic volcanic,
3392,A-mfas-YYO,Youanmi Terrane greenstones,"Meta-andesite; massive to fragmental, locally porphyritic; commonly strongly deformed",andesite,210690.50736463562,,,,,meta-andesite,,meta-igneous felsic volcanic,
323,A-mfs-YYO,Youanmi Terrane greenstones,Quartzofeldspathic foliated metamorphic rock derived from felsic volcanic or volcaniclastic protolith; typically deeply weathered,"volcanic,volcaniclastic",157918.47321043728,,,,,felsic schist derived from volcanic rock,,meta-igneous felsic volcanic,
2967,A-mgms-Y,Yilgarn Craton granites,"Foliated biotite metamonzogranite; minor metagranodiorite, metasyenogranite, and metapegmatite; fine to coarse grained; locally gneissic","metamonzogranite,metagranodiorite,metapegmatite,metasyenogranite",39063.09606635911,,,,,metamonzogranite,,meta-igneous felsic intrusive,
3450,A-mgpm-Y,Yilgarn Craton granites,Muscovite-bearing pegmatitic metagranite; locally strongly sheared with a well developed muscovite fabric,metagranite,194910.03631891866,,,,,metapegmatite,,meta-igneous felsic intrusive,
3544,A-mhs-YYO,Youanmi Terrane greenstones,Interlayered psammite and pelite; schistose,"pelite,psammite",21290.7660596492,,,,,psammitic and pelitic schist; interlayered,,metasedimentary siliciclastic: psammite and pelite; interlayered,
1919,A-mib-YYO,Youanmi Terrane greenstones,Metamorphosed banded iron-formation and minor banded chert,"chert,iron-formation",41530.57311062523,,,,,meta-banded iron formation,,metasedimentary other chemical: meta-iron formation,
2065,A-mls-YYO,Youanmi Terrane greenstones,Pelite; dominantly metashale and metasiltstone; local andalusite and/or cordierite porphyroblasts,"pelite,metashale,metasiltstone",72943.23643868222,,,,,pelitic schist,,metasedimentary siliciclastic: pelite,
3194,A-moa-YYO,Youanmi Terrane greenstones,"Amphibolite; medium to coarse grained, derived from dolerite and gabbro","amphibolite,dolerite,gabbro",171300.74805374278,,,,,amphibolite derived from intrusive rock,,meta-igneous mafic intrusive,
2285,A-mods-YYO,Youanmi Terrane greenstones,Metadolerite; schistose; locally amphibolitic,metadolerite,26009.891656732656,,,,,metadolerite,,meta-igneous mafic intrusive,
3272,A-mog-YYO,Youanmi Terrane greenstones,Metagabbro; typically chlorite- and/or amphibole-rich with local preservation of relict igneous texture; includes minor metapyroxenite and metabasalt; locally strongly sheared,"metagabbro,metabasalt,metapyroxenite",94861.50202675235,,,,,metagabbro,,meta-igneous mafic intrusive,
2237,A-mogs-YYO,Youanmi Terrane greenstones,Strongly foliated metagabbro,metagabbro,40055.71818307078,,,,,metagabbro,,meta-igneous mafic intrusive,
396,A-msqm-YYO,Youanmi Terrane greenstones,"Strongly foliated quartz?mica schist, commonly as discontinuous septa within granites",schist,223431.43539154198,,,,,quartz-mica schist,,metamorphic protolith unknown: schist,
2915,A-mus-YYO,Youanmi Terrane greenstones,"Ultramafic schist; includes talc?tremolite?chlorite schist, and minor serpentinite and mafic schist","schist,ultramafic,mafic,schist,schist,serpentinite",56630.973825502915,,,,,ultramafic schist; volcanic or undivided,,meta-igneous ultramafic volcanic or undivided,
1895,A-musr-YYO,Youanmi Terrane greenstones,"Tremolite?chlorite(?talc) schist; includes minor metamorphosed komatiitic basalt, metapyroxenite, and cumulate-textured zones","schist,basalt,metapyroxenite",41551.83310014828,,,,,ultramafic schist; volcanic or undivided,,meta-igneous ultramafic volcanic or undivided,
2853,A-mwa-YYO,Youanmi Terrane greenstones,Amphibolite derived from mafic volcanic and intrusive rocks; locally schistose; may include metamorphosed banded iron-formation,"amphibolite,mafic,volcanic,iron-formation",28538.96914765092,,,,,amphibolite,,meta-igneous mafic,
2288,A-mwas-YYO,Youanmi Terrane greenstones,Strongly foliated amphibolite and amphibolite schist; fine to medium grained; commonly lineated,"amphibolite,amphibolite,schist",26589.234162992812,,,,,amphibolite,,meta-igneous mafic,
336,A-od-YYO,Youanmi Terrane greenstones,Dolerite; minor basalt or gabbro; metamorphosed,"dolerite,basalt,gabbro",159333.73255557974,,,,,dolerite,,igneous mafic intrusive,
2115,A-og-YYO,Youanmi Terrane greenstones,Gabbro; minor pyroxenite or quartz gabbro; metamorphosed,"gabbro,gabbro,pyroxenite",107670.60734066769,,,,,gabbro,,igneous mafic intrusive,
941,A-ogd-YYO,Youanmi Terrane greenstones,"Pegmatoidal gabbro; coarse grained, massive; commonly strongly deformed; locally contains dolerite and quartz gabbro; metamorphosed","gabbro,dolerite,gabbro",178282.43238461568,,,,,gabbro,,igneous mafic intrusive,
3273,A-oml-YYO,Youanmi Terrane greenstones,"Leucogabbronorite grading into gabbronorite, anorthosite, and leuconorite; locally showing very coarse-grained ophitic texture; metamorphosed","gabbronorite,leucogabbronorite,anorthosite,leuconorite",108430.64225595357,,,,,gabbronorite,,igneous mafic intrusive,
2167,A-up-YYO,Youanmi Terrane greenstones,"Peridotite, metamorphosed; commonly serpentinized",peridotite,69482.59176542443,,,,,peridotite,,igneous ultramafic volcanic,
2168,A-xfa-bb-YYO,Youanmi Terrane greenstones,"Andesite, basaltic andesite, and basalt; massive to weakly deformed; metamorphosed","andesite,andesite,basalt",74957.24472225991,,,,,andesite,basalt,igneous felsic volcanic,igneous mafic volcanic
3502,A-xmbm-musr-YYO,Youanmi Terrane greenstones,Metamorphosed komatiitic basalt and tremolite?chlorite(?talc) schist; includes minor metakomatiite and metabasalt,"basalt,schist,metabasalt,metakomatiite",157220.96319495258,,,,,metakomatiitic basalt,ultramafic schist; volcanic or undivided,meta-igneous mafic volcanic,meta-igneous ultramafic volcanic or undivided
1163,A-xmbs-g-YYO,Youanmi Terrane greenstones,Foliated metamorphosed mafic rock and local amphibolite interleaved with minor massive to weakly foliated granitic rock,"amphibolite,granitic,mafic",230920.64445794068,,,,,mafic schist derived from volcanic rock,,meta-igneous mafic volcanic,igneous granitic
2169,A-xmus-mg-YYO,Youanmi Terrane greenstones,Ultramafic schist interleaved with metagranite,"metagranite,schist,ultramafic",96281.51236519529,,,,,ultramafic schist; volcanic or undivided,metagranitic rock,meta-igneous ultramafic volcanic or undivided,meta-igneous felsic intrusive
1093,A-xmusr-mba-YYO,Youanmi Terrane greenstones,Tremolite?chlorite(?talc) schist and fine-grained amphibolite,"amphibolite,schist",230423.8456595306,,,,,ultramafic schist; volcanic or undivided,amphibolite derived from volcanic rock,meta-igneous ultramafic volcanic or undivided,meta-igneous mafic volcanic
2502,A-xod-og-YYO,Youanmi Terrane greenstones,Massive dolerite interleaved with minor gabbro; metamorphosed,"dolerite,gabbro",22989.12497077015,,,,,dolerite,gabbro,igneous mafic intrusive,igneous mafic intrusive
3536,A-xs-bb-YYO,Youanmi Terrane greenstones,"Sedimentary and basaltic rocks, with minor chert and banded iron-formation; metamorphosed; commonly deeply weathered","chert,iron-formation",73315.2831319873,,,,,,basalt,sedimentary siliciclastic,igneous mafic volcanic
2170,A-xs-f-YYO,Youanmi Terrane greenstones,"Sedimentary rock and felsic rock, with minor chert; commonly deeply weathered","sedimentary-rock,chert",77048.01424144502,,,,,,,sedimentary siliciclastic,igneous felsic volcanic
3191,P_-WK-gi,Warakurna Supersuite,Diorite to minor syenogranite in dykes and sills,syenogranite,160726.80165566792,,,,,diorite,,igneous granitic,
